23:41:28:928932,49
23:41:28:940465,50
23:41:28:952920,49
23:41:28:964290,49
23:41:28:976632,49
23:41:28:987109,50
23:41:28:999511,49
23:41:29:011265,49
23:41:29:023834,49
23:41:29:035620,49
23:41:29:047675,50
23:41:29:059913,49
23:41:29:071265,50
23:41:29:083257,50
23:41:29:095443,49
23:41:29:107743,49
23:41:29:119885,49
23:41:29:132301,49
23:41:29:143577,49
23:41:29:164456,50
23:41:29:168005,49
23:41:29:179787,49
23:41:29:192283,50
23:41:29:202345,50
23:41:29:214425,50
23:41:29:226748,52
23:41:29:237861,59
23:41:29:250537,64
23:41:29:262583,74
23:41:29:274415,80
23:41:29:286330,87
23:41:29:298378,95
23:41:29:310103,104
23:41:29:322589,113
23:41:29:335131,120
23:41:29:346128,125
23:41:29:358535,130
23:41:29:369848,134
23:41:29:382256,136
23:41:29:394578,141
23:41:29:405391,144
23:41:29:417325,142
23:41:29:430089,141
23:41:29:441152,139
23:41:29:453784,138
23:41:29:465710,135
23:41:29:476980,129
23:41:29:489369,126
23:41:29:501712,122
23:41:29:513727,117
23:41:29:525559,110
23:41:29:537646,104
23:41:29:549468,96
23:41:29:561529,90
23:41:29:573328,85
23:41:29:585196,79
23:41:29:596459,74
23:41:29:609159,69
23:41:29:620740,66
23:41:29:632317,65
23:41:29:644380,64
23:41:29:656521,62
23:41:29:668944,57
23:41:29:680166,56
23:41:29:692237,57
23:41:29:704533,60
23:41:29:716550,65
23:41:29:728500,68
23:41:29:740319,72
23:41:29:752345,78
23:41:29:764612,86
23:41:29:776718,93
23:41:29:788171,101
23:41:29:800079,108
23:41:29:811532,114
23:41:29:823978,120
23:41:29:835229,125
23:41:29:847189,129
23:41:29:859229,132
23:41:29:871718,134
23:41:29:883180,136
23:41:29:894943,139
23:41:29:907278,140
23:41:29:919570,139
23:41:29:931493,138
23:41:29:943599,137
23:41:29:956011,135
23:41:29:967650,130
23:41:29:979522,125
23:41:29:990490,122
23:41:30:002667,117
23:41:30:014453,112
23:41:30:026753,105
23:41:30:038357,99
23:41:30:050306,92
23:41:30:062511,86
23:41:30:074233,81
23:41:30:086431,76
23:41:30:098357,72
23:41:30:110969,69
23:41:30:122757,67
23:41:30:134770,66
23:41:30:146491,65
23:41:30:158556,60
23:41:30:171018,59
23:41:30:182501,59
23:41:30:193221,61
23:41:30:205584,65
23:41:30:218277,70
23:41:30:229912,73
23:41:30:242227,79
23:41:30:253899,85
23:41:30:265389,92
23:41:30:277223,100
23:41:30:289418,106
23:41:30:302325,112
23:41:30:313588,118
23:41:30:325779,123
23:41:30:337936,127
23:41:30:349378,130
23:41:30:361447,132
23:41:30:373140,134
23:41:30:385173,137
23:41:30:397421,138
23:41:30:408183,137
23:41:30:420227,136
23:41:30:432484,134
23:41:30:444564,133
23:41:30:456268,133
23:41:30:469167,131
23:41:30:479809,124
23:41:30:493180,122
23:41:30:504751,118
23:41:30:516824,113
23:41:30:529216,107
23:41:30:540661,101
23:41:30:553301,94
23:41:30:564989,88
23:41:30:576832,82
23:41:30:587255,77
23:41:30:599763,74
23:41:30:612473,70
23:41:30:624186,69
23:41:30:635274,67
23:41:30:648208,66
23:41:30:659839,62
23:41:30:671375,60
23:41:30:684029,61
23:41:30:695141,62
23:41:30:707177,65
23:41:30:719931,71
23:41:30:732005,73
23:41:30:744365,78
23:41:30:756293,85
23:41:30:768509,92
23:41:30:779192,98
23:41:30:790867,105
23:41:30:802756,110
23:41:30:815422,115
23:41:30:826788,121
23:41:30:837922,125
23:41:30:850442,128
23:41:30:863416,130
23:41:30:874579,131
23:41:30:887242,134
23:41:30:899150,136
23:41:30:911076,135
23:41:30:923216,134
23:41:30:935626,133
23:41:30:946382,132
23:41:30:958964,131
23:41:30:971398,130
23:41:30:981905,125
23:41:30:993749,121
23:41:31:005764,119
23:41:31:018312,114
23:41:31:030583,108
23:41:31:042392,102
23:41:31:053445,96
23:41:31:065910,89
23:41:31:077740,78
23:41:31:089696,75
23:41:31:102014,72
23:41:31:113556,69
23:41:31:125243,68
23:41:31:137207,67
23:41:31:149549,62
23:41:31:161387,60
23:41:31:173632,61
23:41:31:185131,61
23:41:31:196485,64
23:41:31:208249,70
23:41:31:220898,73
23:41:31:232783,77
23:41:31:244867,83
23:41:31:257120,90
23:41:31:267825,96
23:41:31:281254,101
23:41:31:292941,108
23:41:31:305316,113
23:41:31:317588,119
23:41:31:328820,123
23:41:31:340347,126
23:41:31:352917,127
23:41:31:365206,129
23:41:31:375949,132
23:41:31:387832,134
23:41:31:400376,134
23:41:31:412037,133
23:41:31:424072,132
23:41:31:436049,131
23:41:31:447700,130
23:41:31:460146,129
23:41:31:471962,126
23:41:31:484154,121
23:41:31:496212,119
23:41:31:508505,115
23:41:31:520676,109
23:41:31:531800,104
23:41:31:544047,97
23:41:31:555574,91
23:41:31:566938,85
23:41:31:578624,80
23:41:31:590931,76
23:41:31:602974,72
23:41:31:614960,69
23:41:31:626556,68
23:41:31:638198,67
23:41:31:651107,65
23:41:31:663252,60
23:41:31:675082,60
23:41:31:686537,61
23:41:31:698401,62
23:41:31:711032,68
23:41:31:723187,73
23:41:31:735328,75
23:41:31:747541,81
23:41:31:759131,87
23:41:31:770304,94
23:41:31:782031,100
23:41:31:793293,105
23:41:31:806532,111
23:41:31:817597,116
23:41:31:829642,121
23:41:31:841467,124
23:41:31:853706,126
23:41:31:865300,127
23:41:31:878091,130
23:41:31:889919,133
23:41:31:901464,132
23:41:31:913861,132
23:41:31:925857,131
23:41:31:937747,130
23:41:31:949618,129
23:41:31:960533,129
23:41:31:972048,128
23:41:31:984558,124
23:41:31:996999,118
23:41:32:008855,116
23:41:32:021275,111
23:41:32:031995,105
23:41:32:044812,99
23:41:32:057322,94
23:41:32:069020,88
23:41:32:080146,82
23:41:32:091993,77
23:41:32:105422,73
23:41:32:116758,71
23:41:32:128931,69
23:41:32:141155,68
23:41:32:152788,66
23:41:32:163622,61
23:41:32:175584,60
23:41:32:188052,62
23:41:32:199308,66
23:41:32:211574,72
23:41:32:223544,74
23:41:32:235671,79
23:41:32:247964,85
23:41:32:260442,92
23:41:32:272199,97
23:41:32:284083,102
23:41:32:296066,109
23:41:32:307243,114
23:41:32:320171,119
23:41:32:331154,122
23:41:32:343551,124
23:41:32:354870,125
23:41:32:366582,128
23:41:32:378934,131
23:41:32:390918,131
23:41:32:402331,130
23:41:32:414427,130
23:41:32:426758,129
23:41:32:439393,128
23:41:32:451143,128
23:41:32:463536,127
23:41:32:474401,124
23:41:32:486708,118
23:41:32:499124,116
23:41:32:510549,112
23:41:32:522613,107
23:41:32:534819,101
23:41:32:545699,95
23:41:32:557841,88
23:41:32:570030,82
23:41:32:581862,77
23:41:32:593838,74
23:41:32:605957,71
23:41:32:617535,69
23:41:32:629436,67
23:41:32:641509,66
23:41:32:653523,62
23:41:32:665725,60
23:41:32:678182,60
23:41:32:689821,61
23:41:32:701954,64
23:41:32:713440,70
23:41:32:725749,73
23:41:32:737237,77
23:41:32:748357,83
23:41:32:760899,89
23:41:32:772719,95
23:41:32:784908,100
23:41:32:797009,106
23:41:32:808718,112
23:41:32:820689,117
23:41:32:833030,121
23:41:32:844493,123
23:41:32:857173,124
23:41:32:868424,125
23:41:32:881087,130
23:41:32:893928,131
23:41:32:905332,130
23:41:32:917066,129
23:41:32:930254,129
23:41:32:939941,128
23:41:32:951712,127
23:41:32:964134,126
23:41:32:976303,126
23:41:32:988021,120
23:41:33:000906,115
23:41:33:011762,113
23:41:33:023718,108
23:41:33:036368,103
23:41:33:048218,97
23:41:33:059963,91
23:41:33:071756,85
23:41:33:085012,79
23:41:33:096898,75
23:41:33:108594,72
23:41:33:120406,69
23:41:33:131773,68
23:41:33:143960,67
23:41:33:156897,64
23:41:33:166578,60
23:41:33:179764,60
23:41:33:191770,61
23:41:33:203313,63
23:41:33:215484,69
23:41:33:227878,72
23:41:33:239126,75
23:41:33:252504,81
23:41:33:262195,87
23:41:33:274986,93
23:41:33:287507,98
23:41:33:299022,110
23:41:33:311425,114
23:41:33:322988,119
23:41:33:334969,121
23:41:33:347202,123
23:41:33:358331,125
23:41:33:369426,128
23:41:33:382679,129
23:41:33:396216,129
23:41:33:408572,128
23:41:33:419395,128
23:41:33:431493,127
23:41:33:442012,126
23:41:33:455372,126
23:41:33:465277,125
23:41:33:479353,122
23:41:33:491286,115
23:41:33:502530,114
23:41:33:514399,110
23:41:33:524592,104
23:41:33:537124,98
23:41:33:550042,92
23:41:33:561577,86
23:41:33:572642,80
23:41:33:586068,75
23:41:33:598703,73
23:41:33:609657,71
23:41:33:621711,69
23:41:33:632958,68
23:41:33:646621,65
23:41:33:657410,61
23:41:33:669044,60
23:41:33:681888,61
23:41:33:694379,62
23:41:33:705241,66
23:41:33:716128,71
23:41:33:729566,74
23:41:33:740311,79
23:41:33:752004,85
23:41:33:764149,90
23:41:33:776770,96
23:41:33:788983,102
23:41:33:801729,108
23:41:33:812166,112
23:41:33:824128,117
23:41:33:835950,119
23:41:33:847637,121
23:41:33:859603,122
23:41:33:872368,127
23:41:33:884654,129
23:41:33:896742,128
23:41:33:907722,127
23:41:33:919300,127
23:41:33:930996,126
23:41:33:943132,125
23:41:33:956836,125
23:41:33:967428,124
23:41:33:980202,119
23:41:33:992397,111
23:41:34:003576,108
23:41:34:015447,103
23:41:34:027413,97
23:41:34:040250,91
23:41:34:051984,86
23:41:34:063444,83
23:41:34:074869,81
23:41:34:085389,81
23:41:34:097246,80
23:41:34:109219,72
23:41:34:121462,71
23:41:34:133549,77
23:41:34:145911,84
23:41:34:157296,87
23:41:34:169489,93
23:41:34:181595,100
23:41:34:193647,105
23:41:34:205944,109
23:41:34:217841,113
23:41:34:229919,114
23:41:34:241505,115
23:41:34:253917,120
23:41:34:265937,125
23:41:34:291043,125
23:41:34:292641,124
23:41:34:302511,124
23:41:34:313517,119
23:41:34:324405,113
23:41:34:338457,109
23:41:34:349968,103
23:41:34:360961,97
23:41:34:372765,91
23:41:34:384396,87
23:41:34:396781,83
23:41:34:408675,80
23:41:34:419904,80
23:41:34:432319,72
23:41:34:444964,69
23:41:34:456917,75
23:41:34:467618,82
23:41:34:480556,86
23:41:34:494640,92
23:41:34:506454,98
23:41:34:517531,104
23:41:34:528029,108
23:41:34:541084,112
23:41:34:551780,113
23:41:34:564075,114
23:41:34:576206,118
23:41:34:589049,125
23:41:34:599586,125
23:41:34:612560,124
23:41:34:627349,123
23:41:34:636657,120
23:41:34:649261,113
23:41:34:658820,109
23:41:34:670701,104
23:41:34:684030,98
23:41:34:695775,93
23:41:34:707206,87
23:41:34:719102,83
23:41:34:732393,80
23:41:34:743017,80
23:41:34:755145,80
23:41:34:766365,74
23:41:34:779516,69
23:41:34:791765,74
23:41:34:803927,81
23:41:34:814617,85
23:41:34:827060,90
23:41:34:839896,96
23:41:34:849820,102
23:41:34:862572,107
23:41:34:874609,111
23:41:34:886460,113
23:41:34:898961,113
23:41:34:910485,116
23:41:34:922155,124
23:41:34:934332,125
23:41:34:946769,124
23:41:34:958782,123
23:41:34:970389,121
23:41:34:982980,114
23:41:34:993875,110
23:41:35:007072,105
23:41:35:017725,99
23:41:35:029933,93
23:41:35:043332,88
23:41:35:053004,84
23:41:35:065422,81
23:41:35:077994,80
23:41:35:089880,80
23:41:35:101656,76
23:41:35:113557,69
23:41:35:126110,72
23:41:35:137947,80
23:41:35:149482,84
23:41:35:161186,89
23:41:35:174386,95
23:41:35:185738,101
23:41:35:196287,106
23:41:35:210845,110
23:41:35:220846,112
23:41:35:231965,113
23:41:35:243798,115
23:41:35:256273,123
23:41:35:268680,125
23:41:35:280332,124
23:41:35:293270,123
23:41:35:305303,122
23:41:35:316664,116
23:41:35:327861,110
23:41:35:341469,107
23:41:35:353194,101
23:41:35:364364,95
23:41:35:376509,89
23:41:35:389212,84
23:41:35:401579,81
23:41:35:413169,80
23:41:35:422913,80
23:41:35:435047,77
23:41:35:447650,70
23:41:35:459541,71
23:41:35:470514,78
23:41:35:484552,83
23:41:35:495032,88
23:41:35:507932,94
23:41:35:519936,99
23:41:35:531222,105
23:41:35:543712,109
23:41:35:556376,111
23:41:35:567098,113
23:41:35:580352,121
23:41:35:590675,124
23:41:35:603232,123
23:41:35:615229,123
23:41:35:625790,122
23:41:35:637738,117
23:41:35:649581,110
23:41:35:661603,108
23:41:35:674928,101
23:41:35:685394,96
23:41:35:698866,90
23:41:35:710469,85
23:41:35:722824,82
23:41:35:734712,80
23:41:35:746844,79
23:41:35:758758,78
23:41:35:770236,71
23:41:35:781818,70
23:41:35:793643,76
23:41:35:805606,82
23:41:35:816850,86
23:41:35:829087,92
23:41:35:840665,98
23:41:35:852449,103
23:41:35:864570,107
23:41:35:876481,111
23:41:35:888349,111
23:41:35:900581,112
23:41:35:912246,119
23:41:35:924898,124
23:41:35:936923,123
23:41:35:948619,122
23:41:35:960199,122
23:41:35:972300,118
23:41:35:984531,111
23:41:35:996522,108
23:41:36:007469,102
23:41:36:019183,96
23:41:36:031687,91
23:41:36:043133,86
23:41:36:055606,82
23:41:36:067398,80
23:41:36:079479,79
23:41:36:091310,79
23:41:36:103595,73
23:41:36:115384,70
23:41:36:126990,74
23:41:36:139642,81
23:41:36:151700,85
23:41:36:163859,91
23:41:36:175387,97
23:41:36:187408,102
23:41:36:198474,106
23:41:36:210711,110
23:41:36:222402,111
23:41:36:236278,111
23:41:36:248263,117
23:41:36:259716,123
23:41:36:270748,122
23:41:36:284103,122
23:41:36:294891,121
23:41:36:307624,118
23:41:36:318727,111
23:41:36:330993,108
23:41:36:344492,103
23:41:36:355460,98
23:41:36:367537,92
23:41:36:380266,87
23:41:36:391565,82
23:41:36:402117,80
23:41:36:413610,79
23:41:36:426835,80
23:41:36:438418,74
23:41:36:451240,68
23:41:36:462201,72
23:41:36:473604,79
23:41:36:487119,84
23:41:36:499542,89
23:41:36:509326,95
23:41:36:522286,100
23:41:36:533767,105
23:41:36:547250,109
23:41:36:558982,110
23:41:36:569771,111
23:41:36:582920,115
23:41:36:594074,122
23:41:36:606524,123
23:41:36:616769,122
23:41:36:628824,121
23:41:36:642380,119
23:41:36:653881,112
23:41:36:664516,109
23:41:36:676884,105
23:41:36:688438,93
23:41:36:700210,88
23:41:36:712540,83
23:41:36:724894,80
23:41:36:736325,79
23:41:36:749092,79
23:41:36:761114,76
23:41:36:772729,69
23:41:36:785745,71
23:41:36:795597,78
23:41:36:808192,83
23:41:36:820601,88
23:41:36:832831,94
23:41:36:844408,99
23:41:36:857401,104
23:41:36:868850,108
23:41:36:880572,110
23:41:36:892758,110
23:41:36:903044,113
23:41:36:915434,121
23:41:36:927795,122
23:41:36:939871,121
23:41:36:951325,121
23:41:36:963810,120
23:41:36:975957,114
23:41:36:987945,109
23:41:36:998807,106
23:41:37:011601,100
23:41:37:023738,94
23:41:37:034363,89
23:41:37:046850,84
23:41:37:058125,80
23:41:37:070353,79
23:41:37:082206,79
23:41:37:094641,77
23:41:37:107113,70
23:41:37:118668,70
23:41:37:131804,76
23:41:37:143249,83
23:41:37:155208,87
23:41:37:166856,92
23:41:37:180551,98
23:41:37:191323,103
23:41:37:201833,107
23:41:37:214639,109
23:41:37:225770,110
23:41:37:238148,112
23:41:37:249690,119
23:41:37:262030,122
23:41:37:273726,121
23:41:37:286306,121
23:41:37:298796,120
23:41:37:309129,115
23:41:37:321479,107
23:41:37:334221,104
23:41:37:346012,98
23:41:37:358690,93
23:41:37:369328,90
23:41:37:381403,89
23:41:37:393295,90
23:41:37:406086,88
23:41:37:417658,79
23:41:37:428888,83
23:41:37:441774,92
23:41:37:453033,96
23:41:37:464559,101
23:41:37:476425,104
23:41:37:488514,107
23:41:37:501471,105
23:41:37:513652,105
23:41:37:525657,115
23:41:37:536287,120
23:41:37:548844,119
23:41:37:560899,114
23:41:37:572221,106
23:41:37:583112,103
23:41:37:595804,97
23:41:37:607660,92
23:41:37:619701,89
23:41:37:631820,87
23:41:37:644548,89
23:41:37:655742,88
23:41:37:667673,78
23:41:37:679621,80
23:41:37:692463,89
23:41:37:705034,94
23:41:37:716676,99
23:41:37:728995,104
23:41:37:739738,106
23:41:37:751361,105
23:41:37:763696,104
23:41:37:775030,113
23:41:37:786715,120
23:41:37:799012,119
23:41:37:810402,116
23:41:37:822577,103
23:41:37:835046,97
23:41:37:846180,92
23:41:37:858789,88
23:41:37:870980,87
23:41:37:883093,88
23:41:37:894581,88
23:41:37:906586,79
23:41:37:919176,79
23:41:37:930186,88
23:41:37:942528,93
23:41:37:956309,98
23:41:37:968162,103
23:41:37:979024,105
23:41:37:990899,105
23:41:38:003758,104
23:41:38:014581,110
23:41:38:026741,119
23:41:38:038796,119
23:41:38:051306,116
23:41:38:061468,108
23:41:38:074184,104
23:41:38:086642,99
23:41:38:098619,93
23:41:38:110620,89
23:41:38:122091,87
23:41:38:137172,88
23:41:38:147036,89
23:41:38:158531,81
23:41:38:169409,78
23:41:38:182820,87
23:41:38:194755,93
23:41:38:207159,98
23:41:38:217213,102
23:41:38:229953,105
23:41:38:242372,105
23:41:38:254248,103
23:41:38:265678,109
23:41:38:277676,118
23:41:38:289226,118
23:41:38:301964,116
23:41:38:312899,109
23:41:38:326055,104
23:41:38:337485,99
23:41:38:349668,94
23:41:38:361738,90
23:41:38:373650,87
23:41:38:384841,87
23:41:38:396557,88
23:41:38:407773,82
23:41:38:419888,76
23:41:38:432713,85
23:41:38:444804,92
23:41:38:457039,96
23:41:38:468644,101
23:41:38:481177,104
23:41:38:493061,105
23:41:38:505387,103
23:41:38:517286,106
23:41:38:528980,118
23:41:38:541887,119
23:41:38:555123,117
23:41:38:563787,110
23:41:38:576437,104
23:41:38:587210,100
23:41:38:600778,94
23:41:38:612661,90
23:41:38:622589,87
23:41:38:636631,87
23:41:38:648215,89
23:41:38:658822,84
23:41:38:672089,77
23:41:38:684124,83
23:41:38:695439,91
23:41:38:708479,95
23:41:38:719055,100
23:41:38:732286,104
23:41:38:744200,106
23:41:38:756464,104
23:41:38:765794,105
23:41:38:777811,116
23:41:38:790524,119
23:41:38:803760,118
23:41:38:815368,113
23:41:38:827045,105
23:41:38:838650,101
23:41:38:850749,95
23:41:38:862316,91
23:41:38:874118,88
23:41:38:886488,87
23:41:38:898962,88
23:41:38:909575,85
23:41:38:922221,77
23:41:38:933919,90
23:41:38:947180,95
23:41:38:957883,100
23:41:38:969643,103
23:41:38:982278,105
23:41:38:993362,104
23:41:39:005938,104
23:41:39:017557,115
23:41:39:029100,119
23:41:39:041858,118
23:41:39:054162,114
23:41:39:065696,105
23:41:39:078608,102
23:41:39:090557,96
23:41:39:102024,91
23:41:39:113074,88
23:41:39:124343,87
23:41:39:136201,88
23:41:39:148216,87
23:41:39:159513,77
23:41:39:171845,80
23:41:39:183625,89
23:41:39:195522,94
23:41:39:207752,99
23:41:39:220398,103
23:41:39:231445,105
23:41:39:243766,104
23:41:39:256804,103
23:41:39:268461,113
23:41:39:280806,118
23:41:39:292448,118
23:41:39:305010,115
23:41:39:317034,106
23:41:39:329894,102
23:41:39:341246,97
23:41:39:352260,91
23:41:39:362865,88
23:41:39:375915,87
23:41:39:388691,88
23:41:39:400805,87
23:41:39:412391,78
23:41:39:424105,79
23:41:39:436410,88
23:41:39:447973,93
23:41:39:459711,98
23:41:39:472235,102
23:41:39:483237,104
23:41:39:496630,104
23:41:39:507759,102
23:41:39:520480,111
23:41:39:531519,119
23:41:39:542053,118
23:41:39:554847,116
23:41:39:566237,107
23:41:39:577507,102
23:41:39:589356,98
23:41:39:601940,92
23:41:39:613626,89
23:41:39:626040,87
23:41:39:637544,87
23:41:39:649606,88
23:41:39:662376,80
23:41:39:673756,77
23:41:39:686100,87
23:41:39:697615,92
23:41:39:709680,97
23:41:39:721741,101
23:41:39:733209,104
23:41:39:745639,104
23:41:39:758096,103
23:41:39:770115,109
23:41:39:782525,118
23:41:39:794705,118
23:41:39:806186,117
23:41:39:817822,111
23:41:39:830208,101
23:41:39:840936,97
23:41:39:852503,93
23:41:39:865058,92
23:41:39:876381,94
23:41:39:888476,96
23:41:39:901280,88
23:41:39:912883,85
23:41:39:925823,97
23:41:39:936312,101
23:41:39:949361,103
23:41:39:959689,104
23:41:39:972400,101
23:41:39:983885,101
23:41:39:996256,112
23:41:40:007567,115
23:41:40:019792,108
23:41:40:031344,100
23:41:40:044594,96
23:41:40:055692,91
23:41:40:067764,93
23:41:40:081593,95
23:41:40:092363,86
23:41:40:104234,86
23:41:40:115970,96
23:41:40:127806,100
23:41:40:140051,103
23:41:40:151806,103
23:41:40:163190,100
23:41:40:175637,101
23:41:40:187498,113
23:41:40:200279,115
23:41:40:210574,107
23:41:40:224145,100
23:41:40:235891,95
23:41:40:247384,91
23:41:40:260160,91
23:41:40:272557,93
23:41:40:284191,95
23:41:40:296257,85
23:41:40:308371,87
23:41:40:318966,97
23:41:40:330671,100
23:41:40:342702,103
23:41:40:354361,103
23:41:40:365734,100
23:41:40:379417,101
23:41:40:390419,114
23:41:40:402479,115
23:41:40:413526,106
23:41:40:426993,99
23:41:40:437805,95
23:41:40:450773,91
23:41:40:462722,90
23:41:40:473930,92
23:41:40:485768,94
23:41:40:499404,84
23:41:40:509407,88
23:41:40:520727,97
23:41:40:533165,100
23:41:40:546515,103
23:41:40:557503,103
23:41:40:568700,99
23:41:40:585237,102
23:41:40:593087,114
23:41:40:605409,114
23:41:40:616432,105
23:41:40:630105,99
23:41:40:642505,94
23:41:40:653107,91
23:41:40:664978,91
23:41:40:678535,93
23:41:40:689243,94
23:41:40:702643,84
23:41:40:712903,88
23:41:40:723776,96
23:41:40:737625,100
23:41:40:749848,103
23:41:40:759350,102
23:41:40:771814,99
23:41:40:785030,103
23:41:40:797466,115
23:41:40:808922,114
23:41:40:820366,105
23:41:40:832893,99
23:41:40:845383,94
23:41:40:856322,91
23:41:40:867354,91
23:41:40:881071,93
23:41:40:893307,93
23:41:40:903288,83
23:41:40:915421,89
23:41:40:928442,97
23:41:40:938446,101
23:41:40:951735,103
23:41:40:963283,102
23:41:40:975745,98
23:41:40:988190,103
23:41:41:000393,115
23:41:41:011434,113
23:41:41:023281,104
23:41:41:035437,98
23:41:41:047620,93
23:41:41:059062,90
23:41:41:070554,91
23:41:41:082669,93
23:41:41:094045,93
23:41:41:105965,82
23:41:41:117517,90
23:41:41:130010,97
23:41:41:143467,101
23:41:41:153949,103
23:41:41:166066,98
23:41:41:178391,104
23:41:41:191066,115
23:41:41:203651,113
23:41:41:213613,103
23:41:41:226149,98
23:41:41:239475,93
23:41:41:251473,91
23:41:41:262433,91
23:41:41:275067,94
23:41:41:286261,92
23:41:41:297915,82
23:41:41:309216,90
23:41:41:321016,98
23:41:41:333144,101
23:41:41:344591,103
23:41:41:356470,101
23:41:41:368505,98
23:41:41:380790,105
23:41:41:392875,115
23:41:41:404780,112
23:41:41:416170,103
23:41:41:428841,98
23:41:41:440905,93
23:41:41:452577,90
23:41:41:464586,91
23:41:41:475772,94
23:41:41:487943,91
23:41:41:499561,83
23:41:41:511080,91
23:41:41:523766,98
23:41:41:536720,101
23:41:41:548620,103
23:41:41:559960,101
23:41:41:570974,97
23:41:41:585518,106
23:41:41:596811,115
23:41:41:608142,112
23:41:41:619881,102
23:41:41:633222,98
23:41:41:644615,93
23:41:41:655452,90
23:41:41:667032,91
23:41:41:679076,94
23:41:41:692498,90
23:41:41:704793,82
23:41:41:715817,92
23:41:41:728334,98
23:41:41:740513,101
23:41:41:752152,103
23:41:41:763076,101
23:41:41:775261,97
23:41:41:787649,107
23:41:41:799865,115
23:41:41:811997,113
23:41:41:823087,103
23:41:41:836235,96
23:41:41:847800,93
23:41:41:858372,93
23:41:41:869848,97
23:41:41:883890,100
23:41:41:895256,90
23:41:41:907722,96
23:41:41:917600,103
23:41:41:931176,104
23:41:41:943547,101
23:41:41:955056,95
23:41:41:965623,102
23:41:41:979185,111
23:41:41:989488,103
23:41:42:001303,96
23:41:42:013424,92
23:41:42:026189,91
23:41:42:037809,96
23:41:42:050607,99
23:41:42:061406,89
23:41:42:072785,94
23:41:42:085542,101
23:41:42:097775,103
23:41:42:110386,101
23:41:42:121526,95
23:41:42:133993,99
23:41:42:146164,111
23:41:42:158184,104
23:41:42:169071,96
23:41:42:180467,92
23:41:42:194800,91
23:41:42:205375,95
23:41:42:217647,99
23:41:42:230605,90
23:41:42:239931,92
23:41:42:253127,101
23:41:42:264009,103
23:41:42:277036,102
23:41:42:288443,97
23:41:42:300486,110
23:41:42:311876,105
23:41:42:324668,96
23:41:42:336857,92
23:41:42:349148,90
23:41:42:360097,94
23:41:42:372033,99
23:41:42:384438,90
23:41:42:397685,91
23:41:42:408332,100
23:41:42:419917,103
23:41:42:432565,102
23:41:42:443802,96
23:41:42:455826,96
23:41:42:467310,110
23:41:42:480543,107
23:41:42:491126,97
23:41:42:504185,92
23:41:42:515499,90
23:41:42:527917,94
23:41:42:540353,99
23:41:42:552127,92
23:41:42:564422,90
23:41:42:576070,100
23:41:42:588364,103
23:41:42:600204,102
23:41:42:610805,97
23:41:42:623589,95
23:41:42:634911,108
23:41:42:646911,107
23:41:42:658626,98
23:41:42:671111,93
23:41:42:682257,90
23:41:42:695094,93
23:41:42:706852,99
23:41:42:718586,93
23:41:42:731108,89
23:41:42:743202,99
23:41:42:754369,102
23:41:42:766729,102
23:41:42:777413,97
23:41:42:791187,94
23:41:42:803280,107
23:41:42:812907,108
23:41:42:826143,99
23:41:42:836902,94
23:41:42:850395,90
23:41:42:862388,92
23:41:42:872741,98
23:41:42:885518,94
23:41:42:897675,88
23:41:42:909706,98
23:41:42:921160,103
23:41:42:932841,103
23:41:42:946469,98
23:41:42:958335,94
23:41:42:970491,106
23:41:42:982086,109
23:41:42:993178,99
23:41:43:004612,94
23:41:43:016280,90
23:41:43:029547,92
23:41:43:040632,98
23:41:43:053168,95
23:41:43:063952,87
23:41:43:075387,97
23:41:43:087854,102
23:41:43:099611,103
23:41:43:111302,99
23:41:43:123545,93
23:41:43:135327,104
23:41:43:147964,110
23:41:43:159645,100
23:41:43:172174,94
23:41:43:182767,91
23:41:43:194630,92
23:41:43:206684,97
23:41:43:219021,97
23:41:43:230381,87
23:41:43:242849,96
23:41:43:254527,102
23:41:43:266501,103
23:41:43:279769,99
23:41:43:292352,93
23:41:43:304610,102
23:41:43:315206,111
23:41:43:327541,102
23:41:43:339364,95
23:41:43:351509,91
23:41:43:363141,91
23:41:43:373670,96
23:41:43:386182,98
23:41:43:397922,87
23:41:43:409507,101
23:41:43:421841,103
23:41:43:435220,100
23:41:43:446611,94
23:41:43:458894,100
23:41:43:470436,111
23:41:43:483642,103
23:41:43:494936,94
23:41:43:506530,91
23:41:43:518813,94
23:41:43:529685,102
23:41:43:542855,100
23:41:43:555638,95
23:41:43:565775,104
23:41:43:578265,104
23:41:43:589089,98
23:41:43:600980,92
23:41:43:614751,103
23:41:43:625802,104
23:41:43:637840,94
23:41:43:649501,91
23:41:43:661067,93
23:41:43:672994,101
23:41:43:686340,99
23:41:43:698474,93
23:41:43:709445,103
23:41:43:721362,104
23:41:43:733097,99
23:41:43:745467,92
23:41:43:757748,101
23:41:43:768753,104
23:41:43:780268,94
23:41:43:793446,91
23:41:43:804404,92
23:41:43:817346,100
23:41:43:827874,100
23:41:43:840261,93
23:41:43:853771,102
23:41:43:865582,104
23:41:43:877591,100
23:41:43:889017,92
23:41:43:899643,99
23:41:43:911272,105
23:41:43:923319,95
23:41:43:936540,91
23:41:43:948339,91
23:41:43:959282,99
23:41:43:971909,101
23:41:43:983773,92
23:41:43:995951,101
23:41:44:007901,105
23:41:44:019339,100
23:41:44:030691,92
23:41:44:043440,98
23:41:44:056113,106
23:41:44:067507,96
23:41:44:079988,91
23:41:44:091601,91
23:41:44:104051,98
23:41:44:115924,101
23:41:44:127157,92
23:41:44:138769,100
23:41:44:150844,104
23:41:44:163747,101
23:41:44:175601,92
23:41:44:186240,96
23:41:44:199092,106
23:41:44:210028,96
23:41:44:222997,91
23:41:44:234364,91
23:41:44:245894,97
23:41:44:259209,102
23:41:44:271403,92
23:41:44:283089,99
23:41:44:294691,104
23:41:44:309482,101
23:41:44:319290,93
23:41:44:329885,95
23:41:44:342347,106
23:41:44:353056,97
23:41:44:365383,91
23:41:44:378318,91
23:41:44:390215,96
23:41:44:400235,102
23:41:44:414314,92
23:41:44:426711,98
23:41:44:438647,104
23:41:44:449043,102
23:41:44:460671,94
23:41:44:472817,94
23:41:44:484986,106
23:41:44:496977,98
23:41:44:508820,91
23:41:44:519356,90
23:41:44:532013,102
23:41:44:545649,93
23:41:44:556695,97
23:41:44:567403,104
23:41:44:579077,102
23:41:44:593218,94
23:41:44:604875,92
23:41:44:616496,105
23:41:44:629155,99
23:41:44:640164,92
23:41:44:652823,90
23:41:44:663948,94
23:41:44:677558,102
23:41:44:688613,94
23:41:44:700384,96
23:41:44:712392,104
23:41:44:724191,103
23:41:44:735491,95
23:41:44:747729,92
23:41:44:759007,105
23:41:44:772389,100
23:41:44:782396,92
23:41:44:796253,90
23:41:44:808315,94
23:41:44:820736,102
23:41:44:832537,95
23:41:44:844270,95
23:41:44:855913,103
23:41:44:866937,103
23:41:44:880133,96
23:41:44:890101,91
23:41:44:903132,105
23:41:44:915038,105
23:41:44:925168,93
23:41:44:937462,90
23:41:44:949780,95
23:41:44:961285,105
23:41:44:973506,100
23:41:44:985518,101
23:41:44:997753,106
23:41:45:010286,100
23:41:45:022001,90
23:41:45:033712,98
23:41:45:045596,99
23:41:45:057876,90
23:41:45:069958,90
23:41:45:081438,99
23:41:45:092625,104
23:41:45:104951,97
23:41:45:116472,104
23:41:45:128975,104
23:41:45:140697,95
23:41:45:152530,90
23:41:45:164609,102
23:41:45:176423,94
23:41:45:189080,89
23:41:45:200643,93
23:41:45:212241,103
23:41:45:224487,100
23:41:45:236581,99
23:41:45:248488,105
23:41:45:260722,101
23:41:45:271119,90
23:41:45:283942,96
23:41:45:295216,101
23:41:45:308258,91
23:41:45:319048,89
23:41:45:331727,96
23:41:45:343546,104
23:41:45:355613,97
23:41:45:368088,102
23:41:45:380084,104
23:41:45:391840,97
23:41:45:403834,89
23:41:45:415909,101
23:41:45:427796,96
23:41:45:440022,89
23:41:45:451207,91
23:41:45:463455,102
23:41:45:475011,101
23:41:45:486768,97
23:41:45:500340,105
23:41:45:511006,103
23:41:45:523985,92
23:41:45:534921,92
23:41:45:547220,101
23:41:45:558841,92
23:41:45:571023,89
23:41:45:584064,94
23:41:45:596180,104
23:41:45:607133,98
23:41:45:619701,101
23:41:45:632155,105
23:41:45:644432,98
23:41:45:656035,99
23:41:45:667384,98
23:41:45:679186,90
23:41:45:689300,90
23:41:45:701795,99
23:41:45:714085,103
23:41:45:726195,97
23:41:45:739518,104
23:41:45:749839,103
23:41:45:761737,93
23:41:45:774135,90
23:41:45:786240,102
23:41:45:797805,93
23:41:45:810565,89
23:41:45:823100,94
23:41:45:833937,104
23:41:45:845530,99
23:41:45:857324,99
23:41:45:869774,105
23:41:45:880654,100
23:41:45:894107,89
23:41:45:906496,96
23:41:45:917560,100
23:41:45:930277,90
23:41:45:941701,90
23:41:45:953413,97
23:41:45:964622,104
23:41:45:977155,96
23:41:45:989587,103
23:41:46:002821,104
23:41:46:014697,95
23:41:46:026610,89
23:41:46:037646,101
23:41:46:047947,95
23:41:46:060740,89
23:41:46:073302,91
23:41:46:085623,102
23:41:46:096038,101
23:41:46:108046,97
23:41:46:120404,105
23:41:46:133424,101
23:41:46:144372,90
23:41:46:157041,94
23:41:46:169397,104
23:41:46:181281,93
23:41:46:192917,89
23:41:46:205163,95
23:41:46:217455,106
23:41:46:229067,102
23:41:46:241489,105
23:41:46:252660,103
23:41:46:262915,91
23:41:46:274446,91
23:41:46:286940,97
23:41:46:299314,89
23:41:46:312010,91
23:41:46:323741,103
23:41:46:336638,104
23:41:46:346989,102
23:41:46:358914,105
23:41:46:370458,96
23:41:46:382735,87
23:41:46:394939,97
23:41:46:406907,91
23:41:46:418683,88
23:41:46:430520,97
23:41:46:442152,106
23:41:46:454761,100
23:41:46:466025,105
23:41:46:478389,101
23:41:46:491641,89
23:41:46:503757,93
23:41:46:514180,95
23:41:46:526672,88
23:41:46:538024,92
23:41:46:551175,104
23:41:46:563517,102
23:41:46:574104,103
23:41:46:586575,104
23:41:46:598298,93
23:41:46:611241,88
23:41:46:622790,97
23:41:46:636047,90
23:41:46:646320,89
23:41:46:659402,100
23:41:46:669920,105
23:41:46:681294,100
23:41:46:694415,105
23:41:46:706507,99
23:41:46:717970,87
23:41:46:729946,95
23:41:46:742093,88
23:41:46:752062,94
23:41:46:764517,106
23:41:46:798103,101
23:41:46:802096,104
23:41:46:804104,103
23:41:46:812411,91
23:41:46:824932,90
23:41:46:836489,96
23:41:46:848645,89
23:41:46:860454,90
23:41:46:871867,102
23:41:46:883757,104
23:41:46:895278,101
23:41:46:907779,105
23:41:46:919526,96
23:41:46:931615,87
23:41:46:943762,96
23:41:46:955829,92
23:41:46:969327,88
23:41:46:980942,96
23:41:46:993735,105
23:41:47:004271,100
23:41:47:016214,104
23:41:47:028292,101
23:41:47:040882,89
23:41:47:057816,92
23:41:47:063621,95
23:41:47:077485,88
23:41:47:087103,91
23:41:47:099259,104
23:41:47:112366,102
23:41:47:123647,102
23:41:47:136167,104
23:41:47:147445,93
23:41:47:160161,87
23:41:47:171997,97
23:41:47:184761,90
23:41:47:197151,88
23:41:47:208150,99
23:41:47:220057,105
23:41:47:232406,100
23:41:47:243573,104
23:41:47:256664,99
23:41:47:267122,87
23:41:47:279461,95
23:41:47:291721,94
23:41:47:303163,88
23:41:47:315287,97
23:41:47:327219,108
23:41:47:339411,104
23:41:47:350764,106
23:41:47:363068,97
23:41:47:374601,86
23:41:47:386596,93
23:41:47:399906,89
23:41:47:411146,90
23:41:47:423171,104
23:41:47:435370,106
23:41:47:447162,105
23:41:47:457690,103
23:41:47:469940,88
23:41:47:481712,88
23:41:47:493285,92
23:41:47:506141,87
23:41:47:518090,97
23:41:47:529963,107
23:41:47:540901,103
23:41:47:554102,105
23:41:47:565693,96
23:41:47:577623,85
23:41:47:589351,92
23:41:47:602630,88
23:41:47:613469,91
23:41:47:626598,104
23:41:47:638499,105
23:41:47:650320,104
23:41:47:661487,101
23:41:47:673690,87
23:41:47:686011,88
23:41:47:698716,91
23:41:47:708658,88
23:41:47:721050,98
23:41:47:733245,107
23:41:47:745030,103
23:41:47:756973,105
23:41:47:769070,94
23:41:47:781442,85
23:41:47:792305,92
23:41:47:805313,88
23:41:47:817624,91
23:41:47:828889,104
23:41:47:841686,104
23:41:47:853693,101
23:41:47:864976,86
23:41:47:877279,89
23:41:47:890021,91
23:41:47:905263,88
23:41:47:911656,99
23:41:47:924568,107
23:41:47:937226,103
23:41:47:948752,104
23:41:47:959369,93
23:41:47:970704,85
23:41:47:982926,92
23:41:47:994517,87
23:41:48:006811,91
23:41:48:018939,105
23:41:48:031333,103
23:41:48:043587,105
23:41:48:056457,100
23:41:48:067730,86
23:41:48:080364,90
23:41:48:092641,90
23:41:48:103270,88
23:41:48:115110,99
23:41:48:126524,106
23:41:48:139260,103
23:41:48:151856,104
23:41:48:164089,91
23:41:48:177996,85
23:41:48:195370,92
23:41:48:199227,87
23:41:48:210090,93
23:41:48:222064,106
23:41:48:234069,103
23:41:48:246256,105
23:41:48:258723,99
23:41:48:270050,85
23:41:48:282028,95
23:41:48:293286,92
23:41:48:306447,87
23:41:48:316886,99
23:41:48:329818,110
23:41:48:342311,107
23:41:48:353527,103
23:41:48:366011,87
23:41:48:377520,87
23:41:48:390413,89
23:41:48:401593,89
23:41:48:414330,104
23:41:48:426037,108
23:41:48:438570,106
23:41:48:450867,98
23:41:48:461274,84
23:41:48:473122,88
23:41:48:485376,88
23:41:48:497395,92
23:41:48:507580,107
23:41:48:520510,106
23:41:48:532314,105
23:41:48:544428,93
23:41:48:560042,83
23:41:48:567995,89
23:41:48:581189,87
23:41:48:595024,97
23:41:48:604171,108
23:41:48:616418,105
23:41:48:628905,103
23:41:48:640938,88
23:41:48:657034,84
23:41:48:663615,88
23:41:48:677095,88
23:41:48:689809,102
23:41:48:704442,107
23:41:48:711620,105
23:41:48:724181,100
23:41:48:735652,84
23:41:48:746379,87
23:41:48:758649,87
23:41:48:770630,91
23:41:48:782360,106
23:41:48:794810,106
23:41:48:806722,105
23:41:48:818687,95
23:41:48:830701,83
23:41:48:842624,88
23:41:48:854564,87
23:41:48:866773,95
23:41:48:878725,108
23:41:48:890243,105
23:41:48:902549,104
23:41:48:914085,89
23:41:48:926468,89
23:41:48:937744,88
23:41:48:951012,101
23:41:48:963328,108
23:41:48:974170,105
23:41:48:985769,101
23:41:48:998498,85
23:41:49:010619,86
23:41:49:022474,88
23:41:49:034109,90
23:41:49:047033,105
23:41:49:059792,106
23:41:49:070206,105
23:41:49:082434,96
23:41:49:094410,82
23:41:49:108840,88
23:41:49:118022,87
23:41:49:129694,94
23:41:49:141101,108
23:41:49:154479,105
23:41:49:166305,104
23:41:49:179415,91
23:41:49:193544,86
23:41:49:203088,93
23:41:49:212220,86
23:41:49:224362,96
23:41:49:236423,110
23:41:49:248721,108
23:41:49:260534,101
23:41:49:272539,84
23:41:49:284223,85
23:41:49:296610,87
23:41:49:308929,95
23:41:49:320519,110
23:41:49:331853,108
23:41:49:345306,101
23:41:49:356480,84
23:41:49:368030,84
23:41:49:380044,86
23:41:49:393774,95
23:41:49:404082,109
23:41:49:417356,107
23:41:49:429041,102
23:41:49:441197,85
23:41:49:453093,83
23:41:49:464007,86
23:41:49:477426,93
23:41:49:488674,109
23:41:49:502760,107
23:41:49:512209,103
23:41:49:522539,85
23:41:49:534941,83
23:41:49:546927,87
23:41:49:558549,93
23:41:49:589493,108
23:41:49:591762,107
23:41:49:594393,103
23:41:49:607385,86
23:41:49:620337,82
23:41:49:631441,86
23:41:49:644658,92
23:41:49:656898,108
23:41:49:669271,107
23:41:49:681143,104
23:41:49:692278,87
23:41:49:705576,82
23:41:49:714906,86
23:41:49:727564,91
23:41:49:740013,108
23:41:49:749725,108
23:41:49:763545,104
23:41:49:774344,89
23:41:49:787292,82
23:41:49:799476,86
23:41:49:810664,90
23:41:49:822514,106
23:41:49:834292,108
23:41:49:847781,104
23:41:49:859585,90
23:41:49:871264,82
23:41:49:884258,86
23:41:49:895644,89
23:41:49:907530,106
23:41:49:920170,108
23:41:49:929382,105
23:41:49:940906,90
23:41:49:954077,81
23:41:49:966443,86
23:41:49:979209,89
23:41:49:993571,105
23:41:50:003711,109
23:41:50:014926,91
23:41:50:024972,84
23:41:50:037003,95
23:41:50:048486,86
23:41:50:060512,95
23:41:50:072875,111
23:41:50:085538,108
23:41:50:096641,97
23:41:50:109206,81
23:41:50:121740,84
23:41:50:131672,89
23:41:50:145039,105
23:41:50:157632,110
23:41:50:169201,105
23:41:50:181764,87
23:41:50:193558,80
23:41:50:205704,85
23:41:50:215978,96
23:41:50:227499,110
23:41:50:240634,107
23:41:50:253288,97
23:41:50:267517,79
23:41:50:278292,82
23:41:50:288995,87
23:41:50:301012,104
23:41:50:312211,109
23:41:50:324512,105
23:41:50:336024,87
23:41:50:347502,79
23:41:50:360609,84
23:41:50:371887,94
23:41:50:383964,110
23:41:50:395819,107
23:41:50:407686,97
23:41:50:419774,79
23:41:50:431487,82
23:41:50:444530,87
23:41:50:457486,104
23:41:50:468063,109
23:41:50:478563,105
23:41:50:490503,88
23:41:50:502611,79
23:41:50:514506,84
23:41:50:527311,94
23:41:50:538617,110
23:41:50:549818,107
23:41:50:561605,98
23:41:50:573632,80
23:41:50:585725,82
23:41:50:597638,87
23:41:50:609703,103
23:41:50:622087,109
23:41:50:633408,105
23:41:50:645519,88
23:41:50:658341,79
23:41:50:672287,84
23:41:50:683589,94
23:41:50:699171,110
23:41:50:708195,108
23:41:50:718968,98
23:41:50:731350,80
23:41:50:742220,82
23:41:50:754109,87
23:41:50:765788,103
23:41:50:778614,109
23:41:50:790451,105
23:41:50:801848,88
23:41:50:814139,84
23:41:50:827927,88
23:41:50:838181,88
23:41:50:851706,107
23:41:50:862358,111
23:41:50:874833,101
23:41:50:885756,81
23:41:50:899557,81
23:41:50:910004,88
23:41:50:923350,107
23:41:50:933048,112
23:41:50:943727,102
23:41:50:957615,81
23:41:50:968936,80
23:41:50:981892,87
23:41:50:992180,106
23:41:51:004251,111
23:41:51:017099,102
23:41:51:029351,81
23:41:51:040938,79
23:41:51:052963,87
23:41:51:065494,105
23:41:51:077350,111
23:41:51:089520,103
23:41:51:100368,82
23:41:51:114935,86
23:41:51:129124,104
23:41:51:136883,111
23:41:51:149585,103
23:41:51:159440,83
23:41:51:172155,79
23:41:51:184147,86
23:41:51:196471,103
23:41:51:211603,110
23:41:51:220144,104
23:41:51:231513,84
23:41:51:244193,78
23:41:51:255711,85
23:41:51:268038,102
23:41:51:279503,111
23:41:51:294190,104
23:41:51:337188,85
23:41:51:361078,78
23:41:51:364356,85
23:41:51:366474,101
23:41:51:368517,111
23:41:51:370105,105
23:41:51:373436,86
23:41:51:386998,77
23:41:51:399926,84
23:41:51:410866,100
23:41:51:428245,111
23:41:51:434491,105
23:41:51:450158,87
23:41:51:459284,77
23:41:51:474793,84
23:41:51:482239,99
23:41:51:496860,111
23:41:51:506225,106
23:41:51:519389,88
23:41:51:531036,79
23:41:51:545673,84
23:41:51:555109,98
23:41:51:565679,113
23:41:51:577790,106
23:41:51:590074,85
23:41:51:601820,77
23:41:51:614199,86
23:41:51:624917,106
23:41:51:642883,112
23:41:51:651126,100
23:41:51:662903,78
23:41:51:674017,79
23:41:51:685724,92
23:41:51:702393,110
23:41:51:708697,109
23:41:51:720452,91
23:41:51:733395,76
23:41:51:746260,82
23:41:51:757993,99
23:41:51:770773,112
23:41:51:780471,105
23:41:51:792562,83
23:41:51:804754,77
23:41:51:815965,87
23:41:51:830229,107
23:41:51:841257,111
23:41:51:853663,98
23:41:51:865121,77
23:41:51:878953,79
23:41:51:889503,93
23:41:51:901171,111
23:41:51:913563,108
23:41:51:925351,90
23:41:51:937337,76
23:41:51:949453,83
23:41:51:960428,100
23:41:51:971326,112
23:41:51:985506,104
23:41:51:998498,81
23:41:52:008270,77
23:41:52:022087,88
23:41:52:031232,108
23:41:52:042531,110
23:41:52:055089,96
23:41:52:066952,76
23:41:52:078468,80
23:41:52:090651,94
23:41:52:104261,111
23:41:52:115960,107
23:41:52:128470,87
23:41:52:139607,75
23:41:52:151032,84
23:41:52:162535,102
23:41:52:175118,112
23:41:52:188006,102
23:41:52:200050,86
23:41:52:212390,85
23:41:52:224481,100
23:41:52:235162,113
23:41:52:245963,101
23:41:52:257768,79
23:41:52:269828,79
23:41:52:281327,95
23:41:52:293650,113
23:41:52:305747,107
23:41:52:317757,83
23:41:52:330330,76
23:41:52:341903,89
23:41:52:353566,110
23:41:52:366007,111
23:41:52:376475,91
23:41:52:389239,75
23:41:52:401405,83
23:41:52:412634,104
23:41:52:425178,113
23:41:52:439579,98
23:41:52:449895,76
23:41:52:461086,80
23:41:52:474091,97
23:41:52:486544,113
23:41:52:498929,105
23:41:52:512386,81
23:41:52:521249,76
23:41:52:533246,91
23:41:52:546360,111
23:41:52:558681,109
23:41:52:570376,87
23:41:52:581589,75
23:41:52:593192,85
23:41:52:606063,107
23:41:52:617285,112
23:41:52:628905,95
23:41:52:641279,75
23:41:52:653447,81
23:41:52:666556,101
23:41:52:677980,113
23:41:52:690035,102
23:41:52:702227,78
23:41:52:713446,78
23:41:52:725566,94
23:41:52:739038,112
23:41:52:748629,107
23:41:52:760997,84
23:41:52:776530,75
23:41:52:786450,87
23:41:52:795414,109
23:41:52:808134,111
23:41:52:820230,92
23:41:52:831754,79
23:41:52:844675,84
23:41:52:856115,97
23:41:52:866932,113
23:41:52:884544,103
23:41:52:892140,78
23:41:52:905168,78
23:41:52:915782,98
23:41:52:928311,114
23:41:52:939819,102
23:41:52:950764,77
23:41:52:964901,78
23:41:52:977066,98
23:41:52:986820,114
23:41:53:000181,102
23:41:53:009217,77
23:41:53:022136,78
23:41:53:034314,98
23:41:53:050128,114
23:41:53:062003,101
23:41:53:070473,77
23:41:53:084731,78
23:41:53:098231,99
23:41:53:108029,114
23:41:53:123414,100
23:41:53:130715,76
23:41:53:143529,78
23:41:53:154837,99
23:41:53:167364,114
23:41:53:177367,100
23:41:53:191734,76
23:41:53:202722,78
23:41:53:215223,99
23:41:53:226603,113
23:41:53:237977,99
23:41:53:249931,76
23:41:53:261534,79
23:41:53:274810,113
23:41:53:284975,99
23:41:53:296630,75
23:41:53:310513,79
23:41:53:322583,101
23:41:53:334589,113
23:41:53:346665,98
23:41:53:357399,75
23:41:53:370445,79
23:41:53:383901,101
23:41:53:394838,113
23:41:53:404418,98
23:41:53:416808,77
23:41:53:429613,80
23:41:53:441397,100
23:41:53:455748,114
23:41:53:464638,97
23:41:53:480874,73
23:41:53:491141,82
23:41:53:500997,107
23:41:53:514412,112
23:41:53:527732,88
23:41:53:536845,73
23:41:53:549461,89
23:41:53:560131,112
23:41:53:572472,107
23:41:53:586606,80
23:41:53:596302,75
23:41:53:607085,96
23:41:53:618892,114
23:41:53:632382,99
23:41:53:644167,74
23:41:53:655972,79
23:41:53:667409,104
23:41:53:678828,112
23:41:53:691094,91
23:41:53:702842,72
23:41:53:715102,86
23:41:53:727182,110
23:41:53:738411,109
23:41:53:754371,83
23:41:53:762229,74
23:41:53:775424,93
23:41:53:788338,113
23:41:53:801507,103
23:41:53:813675,76
23:41:53:825817,77
23:41:53:835558,101
23:41:53:846987,113
23:41:53:861017,94
23:41:53:871928,73
23:41:53:885959,83
23:41:53:896677,108
23:41:53:909281,110
23:41:53:919590,85
23:41:53:931140,73
23:41:53:942911,90
23:41:53:954579,113
23:41:53:969204,105
23:41:53:979465,81
23:41:53:993704,83
23:41:54:007237,87
23:41:54:017645,109
23:41:54:026295,107
23:41:54:036771,80
23:41:54:048312,76
23:41:54:060980,101
23:41:54:072501,114
23:41:54:084203,93
23:41:54:096850,72
23:41:54:108950,87
23:41:54:120252,112
23:41:54:132542,106
23:41:54:144559,78
23:41:54:157226,77
23:41:54:168578,102
23:41:54:180902,113
23:41:54:192395,90
23:41:54:204793,72
23:41:54:218331,89
23:41:54:232153,113
23:41:54:241927,103
23:41:54:253788,76
23:41:54:264866,78
23:41:54:277400,104
23:41:54:290436,112
23:41:54:306402,87
23:41:54:315684,72
23:41:54:326523,92
23:41:54:337250,101
23:41:54:350904,74
23:41:54:361585,80
23:41:54:373446,107
23:41:54:385792,111
23:41:54:396408,84
23:41:54:410327,72
23:41:54:422105,95
23:41:54:434000,114
23:41:54:448465,98
23:41:54:458609,73
23:41:54:468566,82
23:41:54:480027,109
23:41:54:491879,110
23:41:54:506270,84
23:41:54:514483,81
23:41:54:526313,87
23:41:54:539066,110
23:41:54:550772,106
23:41:54:562828,77
23:41:54:574868,79
23:41:54:587035,106
23:41:54:599632,112
23:41:54:612029,83
23:41:54:622527,74
23:41:54:635422,99
23:41:54:647605,114
23:41:54:661357,90
23:41:54:673582,71
23:41:54:683208,92
23:41:54:694103,114
23:41:54:706162,97
23:41:54:717981,72
23:41:54:732104,85
23:41:54:745056,112
23:41:54:754709,105
23:41:54:767973,75
23:41:54:781550,79
23:41:54:791537,108
23:41:54:806715,110
23:41:54:813937,80
23:41:54:826153,74
23:41:54:838827,101
23:41:54:852282,113
23:41:54:862515,88
23:41:54:875926,72
23:41:54:887351,94
23:41:54:897703,114
23:41:54:910114,95
23:41:54:923211,71
23:41:54:934064,87
23:41:54:951486,113
23:41:54:957253,103
23:41:54:970012,74
23:41:54:982548,81
23:41:54:993459,109
23:41:55:008364,108
23:41:55:019567,80
23:41:55:031148,76
23:41:55:040408,100
23:41:55:052923,113
23:41:55:067081,86
23:41:55:077580,73
23:41:55:093062,99
23:41:55:101185,114
23:41:55:113701,87
23:41:55:124056,72
23:41:55:137017,97
23:41:55:149439,113
23:41:55:161254,88
23:41:55:172406,72
23:41:55:185809,97
23:41:55:195743,114
23:41:55:207916,89
23:41:55:221649,71
23:41:55:233923,96
23:41:55:246136,114
23:41:55:257593,90
23:41:55:269689,71
23:41:55:280671,95
23:41:55:297591,114
23:41:55:302977,91
23:41:55:315268,71
23:41:55:329621,94
23:41:55:340380,114
23:41:55:353649,92
23:41:55:365029,71
23:41:55:375857,92
23:41:55:388178,114
23:41:55:401231,94
23:41:55:412178,92
23:41:55:425295,114
23:41:55:440307,94
23:41:55:450314,71
23:41:55:465535,90
23:41:55:474452,114
23:41:55:483391,96
23:41:55:497634,76
23:41:55:507629,84
23:41:55:518889,108
23:41:55:530392,105
23:41:55:543269,74
23:41:55:555531,83
23:41:55:566916,113
23:41:55:578633,101
23:41:55:593527,72
23:41:55:607202,88
23:41:55:615169,114
23:41:55:628886,95
23:41:55:641196,71
23:41:55:651219,93
23:41:55:662024,114
23:41:55:673943,90
23:41:55:686079,72
23:41:55:698142,98
23:41:55:710319,113
23:41:55:722362,85
23:41:55:734525,73
23:41:55:752273,103
23:41:55:762913,111
23:41:55:769234,80
23:41:55:780849,76
23:41:55:792339,107
23:41:55:804115,108
23:41:55:817115,76
23:41:55:829183,80
23:41:55:840373,110
23:41:55:852794,103
23:41:55:864766,73
23:41:55:876603,84
23:41:55:889308,113
23:41:55:899712,99
23:41:55:911582,71
23:41:55:923710,89
23:41:55:935789,113
23:41:55:948255,94
23:41:55:963014,76
23:41:55:972268,87
23:41:55:985007,112
23:41:56:000856,97
23:41:56:012023,71
23:41:56:022664,93
23:41:56:032133,113
23:41:56:046865,86
23:41:56:057625,74
23:41:56:068546,104
23:41:56:081592,108
23:41:56:092465,76
23:41:56:103141,81
23:41:56:114930,112
23:41:56:126099,99
23:41:56:138648,71
23:41:56:150276,92
23:41:56:163470,113
23:41:56:176145,87
23:41:56:191955,72
23:41:56:201849,103
23:41:56:211543,109
23:41:56:223978,77
23:41:56:235546,80
23:41:56:250226,111
23:41:56:261563,100
23:41:56:271645,71
23:41:56:288145,90
23:41:56:299960,113
23:41:56:306361,88
23:41:56:319210,72
23:41:56:331450,101
23:41:56:344174,110
23:41:56:359365,78
23:41:56:365798,79
23:41:56:381215,110
23:41:56:391034,102
23:41:56:405187,77
23:41:56:414836,83
23:41:56:427169,109
23:41:56:441039,101
23:41:56:453523,72
23:41:56:463037,92
23:41:56:476205,113
23:41:56:489808,84
23:41:56:498733,108
23:41:56:509555,103
23:41:56:523796,72
23:41:56:533513,90
23:41:56:547304,113
23:41:56:557143,86
23:41:56:569980,74
23:41:56:581013,106
23:41:56:593892,105
23:41:56:604081,73
23:41:56:618581,87
23:41:56:629974,113
23:41:56:643148,88
23:41:56:655422,73
23:41:56:666158,104
23:41:56:678485,106
23:41:56:692488,73
23:41:56:701233,86
23:41:56:715458,113
23:41:56:723479,90
23:41:56:736199,72
23:41:56:749486,103
23:41:56:761152,107
23:41:56:774872,75
23:41:56:785014,84
23:41:56:796457,113
23:41:56:808418,93
23:41:56:821371,77
23:41:56:832653,90
23:41:56:846039,112
23:41:56:859097,88
23:41:56:868535,74
23:41:56:880477,107
23:41:56:892645,103
23:41:56:904660,72
23:41:56:916704,94
23:41:56:928370,112
23:41:56:938911,80
23:41:56:951989,79
23:41:56:963596,112
23:41:56:975512,94
23:41:56:988230,72
23:41:56:999166,102
23:41:57:010844,107
23:41:57:022988,74
23:41:57:035789,87
23:41:57:050656,113
23:41:57:061899,85
23:41:57:070344,75
23:41:57:085391,108
23:41:57:093869,100
23:41:57:107347,71
23:41:57:118468,96
23:41:57:132237,111
23:41:57:143584,77
23:41:57:155358,81
23:41:57:167652,112
23:41:57:180363,91
23:41:57:193709,72
23:41:57:204383,104
23:41:57:213963,106
23:41:57:227031,76
23:41:57:240653,85
23:41:57:253040,111
23:41:57:262406,91
23:41:57:274564,74
23:41:57:284974,106
23:41:57:298534,101
23:41:57:309554,72
23:41:57:321444,98
23:41:57:338369,108
23:41:57:347365,74
23:41:57:361586,88
23:41:57:370460,113
23:41:57:381777,82
23:41:57:394470,79
23:41:57:404783,111
23:41:57:416947,92
23:41:57:429588,73
23:41:57:443639,106
23:41:57:454948,101
23:41:57:464613,71
23:41:57:476328,97
23:41:57:490266,109
23:41:57:500963,75
23:41:57:511671,87
23:41:57:523382,112
23:41:57:535984,83
23:41:57:547651,78
23:41:57:559899,111
23:41:57:571552,93
23:41:57:583929,73
23:41:57:595531,105
23:41:57:607971,103
23:41:57:619937,88
23:41:57:631616,111
23:41:57:644069,84
23:41:57:654581,79
23:41:57:666840,110
23:41:57:679970,89
23:41:57:692126,75
23:41:57:705691,108
23:41:57:716247,95
23:41:57:729234,73
23:41:57:740450,105
23:41:57:755283,100
23:41:57:766863,72
23:41:57:775848,100
23:41:57:787435,104
23:41:57:799441,73
23:41:57:811590,95
23:41:57:823948,108
23:41:57:836498,75
23:41:57:846047,90
23:41:57:858805,110
23:41:57:870193,78
23:41:57:882192,85
23:41:57:893946,112
23:41:57:906019,83
23:41:57:918282,81
23:41:57:932381,111
23:41:57:941725,87
23:41:57:954449,76
23:41:57:967472,109
23:41:57:977539,94
23:41:57:991835,75
23:41:58:004027,97
23:41:58:015962,107
23:41:58:026411,74
23:41:58:037546,93
23:41:58:053986,108
23:41:58:064026,75
23:41:58:074125,92
23:41:58:086040,109
23:41:58:097602,75
23:41:58:109524,91
23:41:58:123500,109
23:41:58:134559,76
23:41:58:145759,90
23:41:58:158706,110
23:41:58:168727,76
23:41:58:182127,89
23:41:58:194011,110
23:41:58:205831,77
23:41:58:219659,89
23:41:58:229479,110
23:41:58:240819,78
23:41:58:256716,88
23:41:58:266082,110
23:41:58:277150,78
23:41:58:289312,87
23:41:58:301460,110
23:41:58:315833,79
23:41:58:323542,86
23:41:58:340689,111
23:41:58:351186,83
23:41:58:361096,80
23:41:58:373866,107
23:41:58:387501,93
23:41:58:398254,76
23:41:58:409365,108
23:41:58:421138,90
23:41:58:431437,77
23:41:58:445407,110
23:41:58:460758,87
23:41:58:471409,79
23:41:58:482032,110
23:41:58:491170,84
23:41:58:502995,82
23:41:58:514629,111
23:41:58:527305,81
23:41:58:539903,85
23:41:58:551374,110
23:41:58:562882,79
23:41:58:575199,88
23:41:58:586859,109
23:41:58:599296,76
23:41:58:612424,91
23:41:58:623499,107
23:41:58:634352,75
23:41:58:648692,95
23:41:58:660493,106
23:41:58:670488,74
23:41:58:683234,98
23:41:58:695280,104
23:41:58:707768,77
23:41:58:721130,88
23:41:58:731292,82
23:41:58:746730,84
23:41:58:755033,109
23:41:58:767697,77
23:41:58:781610,92
23:41:58:793743,106
23:41:58:804545,74
23:41:58:814738,99
23:41:58:826508,100
23:41:58:841378,73
23:41:58:852647,104
23:41:58:864190,94
23:41:58:876968,76
23:41:58:884426,109
23:41:58:896761,87
23:41:58:911816,81
23:41:58:922603,110
23:41:58:934427,81
23:41:58:946992,87
23:41:58:959781,108
23:41:58:975014,76
23:41:58:982158,94
23:41:58:992983,104
23:41:59:006019,74
23:41:59:016550,101
23:41:59:040421,99
23:41:59:042895,74
23:41:59:051979,101
23:41:59:066648,98
23:41:59:076782,75
23:41:59:090987,106
23:41:59:101767,87
23:41:59:112696,81
23:41:59:125402,108
23:41:59:136336,79
23:41:59:147857,91
23:41:59:159219,104
23:41:59:172094,74
23:41:59:183381,101
23:41:59:196388,95
23:41:59:206265,76
23:41:59:219178,108
23:41:59:231002,85
23:41:59:242442,84
23:41:59:254971,108
23:41:59:266690,77
23:41:59:278280,94
23:41:59:290399,102
23:41:59:302609,74
23:41:59:314872,103
23:41:59:326440,92
23:41:59:338505,78
23:41:59:350617,108
23:41:59:363133,84
23:41:59:375148,82
23:41:59:387035,108
23:41:59:397543,81
23:41:59:410014,89
23:41:59:421284,104
23:41:59:433475,75
23:41:59:446091,102
23:41:59:459197,92
23:41:59:470612,80
23:41:59:481661,107
23:41:59:494406,79
23:41:59:506665,92
23:41:59:518376,102
23:41:59:529306,75
23:41:59:541571,104
23:41:59:553307,89
23:41:59:565560,81
23:41:59:578014,107
23:41:59:591585,78
23:41:59:601867,95
23:41:59:614080,100
23:41:59:624817,75
23:41:59:637060,106
23:41:59:651124,87
23:41:59:662756,84
23:41:59:675584,107
23:41:59:687680,77
23:41:59:698480,93
23:41:59:710192,102
23:41:59:722075,76
23:41:59:734705,104
23:41:59:745951,86
23:41:59:761629,85
23:41:59:769491,104
23:41:59:781432,76
23:41:59:792595,101
23:41:59:804012,91
23:41:59:816700,81
23:41:59:827634,78
23:41:59:842502,97
23:41:59:853424,96
23:41:59:863913,78
23:41:59:877216,106
23:41:59:888355,81
23:41:59:899729,92
23:41:59:911571,100
23:41:59:924850,76
23:41:59:936532,105
23:41:59:948042,85
23:41:59:960871,87
23:41:59:973256,105
23:41:59:983905,79
23:41:59:995726,92
23:42:00:006997,103
23:42:00:019248,76
23:42:00:030586,103
23:42:00:043833,87
23:42:00:056653,86
23:42:00:066746,104
23:42:00:082365,76
23:42:00:092681,103
23:42:00:104393,87
23:42:00:117631,87
23:42:00:130755,103
23:42:00:143987,77
23:42:00:155386,104
23:42:00:162297,86
23:42:00:174101,87
23:42:00:185550,102
23:42:00:198126,76
23:42:00:209004,104
23:42:00:222402,85
23:42:00:237214,88
23:42:00:246474,102
23:42:00:259925,77
23:42:00:270558,105
23:42:00:287665,88
23:42:00:296718,81
23:42:00:307275,106
23:42:00:318880,84
23:42:00:331425,91
23:42:00:344784,99
23:42:00:354679,78
23:42:00:366733,105
23:42:00:377271,80
23:42:00:390013,96
23:42:00:405372,93
23:42:00:414417,82
23:42:00:426905,105
23:42:00:440912,77
23:42:00:450724,102
23:42:00:461455,88
23:42:00:473084,87
23:42:00:485261,102
23:42:00:500547,77
23:42:00:510149,105
23:42:00:522055,82
23:42:00:533854,93
23:42:00:551579,97
23:42:00:560363,80
23:42:00:569437,106
23:42:00:579968,80
23:42:00:593685,87
23:42:00:605074,105
23:42:00:617922,78
23:42:00:627888,97
23:42:00:643211,90
23:42:00:653502,85
23:42:00:667960,101
23:42:00:677313,78
23:42:00:688790,104
23:42:00:701564,81
23:42:00:713118,96
23:42:00:725064,93
23:42:00:737024,84
23:42:00:749357,103
23:42:00:760205,78
23:42:00:772687,104
23:42:00:783542,82
23:42:00:799689,94
23:42:00:807789,94
23:42:00:819457,82
23:42:00:833707,103
23:42:00:843869,78
23:42:00:856413,103
23:42:00:868785,85
23:42:00:884996,86
23:42:00:896014,103
23:42:00:904644,78
23:42:00:920764,102
23:42:00:927958,82
23:42:00:940172,91
23:42:00:951592,87
23:42:00:964287,100
23:42:00:974609,80
23:42:00:986966,103
23:42:00:999454,80
23:42:01:011691,100
23:42:01:023955,86
23:42:01:034613,91
23:42:01:045728,95
23:42:01:058865,82
23:42:01:070631,102
23:42:01:086463,79
23:42:01:096889,102
23:42:01:109528,82
23:42:01:119561,96
23:42:01:131628,93
23:42:01:145398,80
23:42:01:157176,103
23:42:01:164839,86
23:42:01:177526,91
23:42:01:189687,95
23:42:01:201049,84
23:42:01:212279,100
23:42:01:225001,80
23:42:01:236351,102
23:42:01:248369,80
23:42:01:260775,100
23:42:01:272807,85
23:42:01:284835,94
23:42:01:296532,91
23:42:01:308560,87
23:42:01:321147,98
23:42:01:332860,81
23:42:01:344551,102
23:42:01:355775,79
23:42:01:367687,101
23:42:01:381428,82
23:42:01:392931,96
23:42:01:404771,91
23:42:01:416589,83
23:42:01:428748,103
23:42:01:440755,80
23:42:01:454525,101
23:42:01:463810,83
23:42:01:478503,97
23:42:01:488950,87
23:42:01:502437,92
23:42:01:515681,92
23:42:01:524833,87
23:42:01:536871,97
23:42:01:548535,82
23:42:01:560343,100
23:42:01:571479,80
23:42:01:583884,101
23:42:01:594924,80
23:42:01:606954,100
23:42:01:620539,83
23:42:01:636640,96
23:42:01:645270,87
23:42:01:659323,91
23:42:01:670753,95
23:42:01:679827,81
23:42:01:692180,102
23:42:01:708881,81
23:42:01:717050,98
23:42:01:730994,85
23:42:01:742519,95
23:42:01:751505,88
23:42:01:763667,92
23:42:01:775261,91
23:42:01:787701,89
23:42:01:798842,95
23:42:01:809371,85
23:42:01:825049,97
23:42:01:836263,83
23:42:01:846319,100
23:42:01:858451,81
23:42:01:869754,100
23:42:01:886411,81
23:42:01:898562,101
23:42:01:909188,81
23:42:01:918003,99
23:42:01:930125,77
23:42:01:941141,55
23:42:01:953043,55
23:42:01:965639,49
23:42:01:976860,42
23:42:01:988484,36
23:42:02:001161,34
23:42:02:012681,33
23:42:02:024930,42
23:42:02:037072,75
23:42:02:048534,37
23:42:02:064596,23
23:42:02:073406,11
23:42:02:085348,8
23:42:02:098168,12
23:42:02:112057,58
23:42:02:122141,91
23:42:02:133521,39
23:42:02:145042,35
23:42:02:156847,34
23:42:02:169160,35
23:42:02:186025,34
23:42:02:192540,34
23:42:02:206493,35
23:42:02:217289,35
23:42:02:232543,35
23:42:02:240985,35
23:42:02:254292,35
23:42:02:265306,36
23:42:02:279074,36
23:42:02:290086,35
23:42:02:306797,35
23:42:02:312894,35
23:42:02:323288,35
23:42:02:336497,36
23:42:02:351894,36
23:42:02:360929,35
23:42:02:371859,35
23:42:02:384221,36
23:42:02:401390,36
23:42:02:407849,36
23:42:02:421365,36
23:42:02:432839,36
23:42:02:443505,36
23:42:02:460134,36
23:42:02:467802,36
23:42:02:478685,36
23:42:02:490583,36
23:42:02:503771,36
23:42:02:515829,36
23:42:02:527294,36
23:42:02:538109,36
23:42:02:551862,36
23:42:02:565109,36
23:42:02:574023,36
23:42:02:585271,36
23:42:02:599269,37
23:42:02:611195,37
23:42:02:621930,36
23:42:02:635609,36
23:42:02:649449,36
23:42:02:658308,36
23:42:02:671463,37
23:42:02:682287,36
23:42:02:693531,37
23:42:02:705227,36
23:42:02:717504,36
23:42:02:730370,37
23:42:02:746548,36
23:42:02:756111,37
23:42:02:766840,36
23:42:02:779636,37
23:42:02:795729,37
23:42:02:806185,37
23:42:02:817170,37
23:42:02:826443,37
23:42:02:838532,37
23:42:02:849555,36
23:42:02:862507,37
23:42:02:873481,37
23:42:02:885941,37
23:42:02:901309,37
23:42:02:909747,37
23:42:02:920014,37
23:42:02:931495,37
23:42:02:944194,37
23:42:02:955306,37
23:42:02:967643,37
23:42:02:979448,37
23:42:02:991651,37
23:42:03:003278,37
23:42:03:015517,37
23:42:03:028915,37
23:42:03:040112,37
23:42:03:051527,37
23:42:03:063936,37
23:42:03:076043,37
23:42:03:086430,37
23:42:03:099021,37
23:42:03:112821,37
23:42:03:124259,37
23:42:03:135071,37
23:42:03:147137,37
23:42:03:160035,37
23:42:03:171703,37
23:42:03:182956,37
23:42:03:196001,37
23:42:03:207107,37
23:42:03:219962,37
23:42:03:231479,37
23:42:03:246022,37
23:42:03:255781,37
23:42:03:268354,37
23:42:03:278846,37
23:42:03:292396,37
23:42:03:304863,38
23:42:03:314935,37
23:42:03:326463,37
23:42:03:342473,37
23:42:03:353143,37
23:42:03:362874,37
23:42:03:375474,37
23:42:03:388018,37
23:42:03:398337,37
23:42:03:414491,38
23:42:03:426373,38
23:42:03:437516,38
23:42:03:449064,37
23:42:03:462578,37
23:42:03:469372,37
23:42:03:482341,37
23:42:03:497629,37
23:42:03:506582,38
23:42:03:518852,37
23:42:03:530539,37
23:42:03:541233,38
23:42:03:557450,38
23:42:03:566677,37
23:42:03:579947,37
23:42:03:591444,37
23:42:03:605743,37
23:42:03:615721,37
23:42:03:628489,37
23:42:03:639849,37
23:42:03:649774,38
23:42:03:662394,38
23:42:03:675462,37
23:42:03:687987,38
23:42:03:697120,38
23:42:03:709230,38
23:42:03:721594,37
23:42:03:735198,37
23:42:03:745778,37
23:42:03:756678,37
23:42:03:770549,37
23:42:03:781356,37
23:42:03:794231,37
23:42:03:809294,37
23:42:03:819782,38
23:42:03:831360,38
23:42:03:842403,38
23:42:03:855689,38
23:42:03:865437,38
23:42:03:874653,37
23:42:03:893638,38
23:42:03:903749,38
23:42:03:912627,38
23:42:03:924873,37
23:42:03:935911,38
23:42:03:948190,38
23:42:03:965080,38
23:42:03:972231,38
23:42:03:984406,38
23:42:03:996533,38
23:42:04:007952,37
23:42:04:023145,38
23:42:04:031437,37
23:42:04:047135,38
23:42:04:059775,38
23:42:04:065888,37
23:42:04:081412,38
23:42:04:091102,38
23:42:04:105510,38
23:42:04:114316,38
23:42:04:129383,38
23:42:04:140758,38
23:42:04:153081,38
23:42:04:162299,38
23:42:04:173541,37
23:42:04:187564,38
23:42:04:202838,38
23:42:04:210597,38
23:42:04:222681,38
23:42:04:233443,38
23:42:04:246225,37
23:42:04:257053,38
23:42:04:268527,38
23:42:04:281160,38
23:42:04:295224,38
23:42:04:310825,38
23:42:04:319460,37
23:42:04:330241,37
23:42:04:343187,38
23:42:04:355083,38
23:42:04:367307,38
23:42:04:378165,38
23:42:04:392569,38
23:42:04:404628,38
23:42:04:418330,38
23:42:04:426192,38
23:42:04:437930,37
23:42:04:447321,38
23:42:04:461261,38
23:42:04:478598,38
23:42:04:484913,38
23:42:04:497957,38
23:42:04:509485,38
23:42:04:523079,38
23:42:04:532964,38
23:42:04:546001,38
23:42:04:561710,38
23:42:04:567861,38
23:42:04:582408,38
23:42:04:592446,38
23:42:04:603619,38
23:42:04:615626,38
23:42:04:627696,38
23:42:04:639689,38
23:42:04:651001,38
23:42:04:662872,38
23:42:04:675246,37
23:42:04:689141,38
23:42:04:701403,38
23:42:04:712996,38
23:42:04:724419,38
23:42:04:736378,38
23:42:04:747278,38
23:42:04:758353,38
23:42:04:771369,38
23:42:04:782360,38
23:42:04:794608,38
23:42:04:806393,38
23:42:04:819040,38
23:42:04:829997,38
23:42:04:842016,38
23:42:04:853776,38
23:42:04:866133,38
23:42:04:877783,38
23:42:04:889819,38
23:42:04:901703,38
23:42:04:913812,38
23:42:04:927820,38
23:42:04:937809,38
23:42:04:955184,38
23:42:04:963176,38
23:42:04:977436,38
23:42:04:986688,38
23:42:05:003186,38
23:42:05:012945,38
23:42:05:024199,38
23:42:05:033314,38
23:42:05:049599,38
23:42:05:057801,38
23:42:05:069464,38
23:42:05:082437,38
23:42:05:097244,38
23:42:05:108802,38
23:42:05:121157,38
23:42:05:130829,38
23:42:05:146527,38
23:42:05:157259,38
23:42:05:169673,38
23:42:05:179911,38
23:42:05:191631,38
23:42:05:204013,38
23:42:05:216085,38
23:42:05:226079,38
23:42:05:241703,38
23:42:05:253091,38
23:42:05:260899,38
23:42:05:275402,38
23:42:05:290187,38
23:42:05:299055,38
23:42:05:308743,38
23:42:05:323430,38
23:42:05:334107,38
23:42:05:347915,38
23:42:05:357223,38
23:42:05:369522,38
23:42:05:381831,38
23:42:05:394895,38
23:42:05:406394,38
23:42:05:419590,39
23:42:05:431117,38
23:42:05:439208,38
23:42:05:454874,38
23:42:05:464920,38
23:42:05:476388,38
23:42:05:489842,38
23:42:05:503806,39
23:42:05:512337,38
23:42:05:524340,38
23:42:05:537110,38
23:42:05:550386,38
23:42:05:561514,38
23:42:05:572072,38
23:42:05:587322,38
23:42:05:598097,38
23:42:05:611637,38
23:42:05:619734,38
23:42:05:630466,38
23:42:05:645375,38
23:42:05:658872,38
23:42:05:666883,38
23:42:05:682216,38
23:42:05:691356,39
23:42:05:704836,38
23:42:05:715575,38
23:42:05:731051,38
23:42:05:742216,38
23:42:05:753377,38
23:42:05:765676,38
23:42:05:777498,39
23:42:05:787931,38
23:42:05:796966,38
23:42:05:810994,38
23:42:05:822765,38
23:42:05:837405,38
23:42:05:849619,38
23:42:05:861240,38
23:42:05:868895,38
23:42:05:886438,38
23:42:05:897461,38
23:42:05:909714,38
23:42:05:922811,38
23:42:05:932512,38
23:42:05:940859,38
23:42:05:954272,38
23:42:05:967252,38
23:42:05:979734,38
23:42:05:989797,38
23:42:06:005278,38
23:42:06:014992,38
23:42:06:024200,38
23:42:06:037670,38
23:42:06:052514,39
23:42:06:061778,38
23:42:06:072412,38
23:42:06:090525,38
23:42:06:098627,38
23:42:06:112458,38
23:42:06:120988,38
23:42:06:137699,38
23:42:06:146978,38
23:42:06:160345,38
23:42:06:172210,38
23:42:06:182569,38
23:42:06:196394,38
23:42:06:203768,38
23:42:06:216392,38
23:42:06:228423,38
23:42:06:241534,38
23:42:06:253863,38
23:42:06:267418,38
23:42:06:277521,38
23:42:06:290256,38
23:42:06:301593,38
23:42:06:313547,38
23:42:06:328182,38
23:42:06:337921,38
23:42:06:347337,38
23:42:06:360986,38
23:42:06:372845,38
23:42:06:386718,38
23:42:06:396682,38
23:42:06:407456,38
23:42:06:417588,38
23:42:06:429885,38
23:42:06:441536,38
23:42:06:453811,39
23:42:06:466481,38
23:42:06:477795,38
23:42:06:489971,38
23:42:06:501962,38
23:42:06:514458,38
23:42:06:525972,38
23:42:06:538083,38
23:42:06:550770,38
23:42:06:561578,38
23:42:06:572674,38
23:42:06:584492,39
23:42:06:597344,39
23:42:06:610430,38
23:42:06:625593,38
23:42:06:635321,38
23:42:06:648658,38
23:42:06:659073,38
23:42:06:673583,38
23:42:06:683199,39
23:42:06:694629,38
23:42:06:708793,38
23:42:06:720106,38
23:42:06:730934,38
23:42:06:746321,38
23:42:06:755049,38
23:42:06:768566,38
23:42:06:781174,39
23:42:06:791296,38
23:42:06:800291,38
23:42:06:813759,38
23:42:06:829814,38
23:42:06:838124,38
23:42:06:849079,39
23:42:06:860739,39
23:42:06:872407,38
23:42:06:886771,38
23:42:06:897101,38
23:42:06:912419,38
23:42:06:920023,39
23:42:06:934418,39
23:42:06:949381,39
23:42:06:958371,38
23:42:06:967390,38
23:42:06:980048,38
23:42:06:997653,39
23:42:07:003465,39
23:42:07:021170,38
23:42:07:029321,38
23:42:07:041243,38
23:42:07:055436,38
23:42:07:066834,38
23:42:07:082691,39
23:42:07:090292,38
23:42:07:099399,38
23:42:07:117603,38
23:42:07:125312,38
23:42:07:138202,38
23:42:07:149400,39
23:42:07:160215,39
23:42:07:176954,39
23:42:07:184303,39
23:42:07:196697,39
23:42:07:208780,38
23:42:07:223096,38
23:42:07:232332,38
23:42:07:245992,39
23:42:07:256818,39
23:42:07:268371,39
23:42:07:281077,39
23:42:07:291261,38
23:42:07:304947,38
23:42:07:316823,38
23:42:07:329374,39
23:42:07:341508,39
23:42:07:353700,38
23:42:07:361999,39
23:42:07:374351,39
23:42:07:388156,39
23:42:07:401132,38
23:42:07:412193,38
23:42:07:427251,38
23:42:07:438294,39
23:42:07:445072,38
23:42:07:457565,39
23:42:07:470325,39
23:42:07:485176,38
23:42:07:496052,38
23:42:07:508321,38
23:42:07:520082,39
23:42:07:531842,39
23:42:07:544676,38
23:42:07:553697,39
23:42:07:565296,38
23:42:07:576300,38
23:42:07:589243,38
23:42:07:605612,39
23:42:07:613787,38
23:42:07:625580,38
23:42:07:639419,38
23:42:07:652843,38
23:42:07:663066,39
23:42:07:674334,39
23:42:07:686017,39
23:42:07:695528,39
23:42:07:710486,39
23:42:07:720741,38
23:42:07:734652,38
23:42:07:745307,38
23:42:07:760887,39
23:42:07:772170,38
23:42:07:784554,38
23:42:07:796893,38
23:42:07:806805,38
23:42:07:819916,38
23:42:07:829386,38
23:42:07:844078,38
23:42:07:855503,38
23:42:07:864420,38
23:42:07:877531,38
23:42:07:889384,39
23:42:07:900823,39
23:42:07:911602,39
23:42:07:925134,39
23:42:07:935366,39
23:42:07:947833,39
23:42:07:958419,39
23:42:07:972034,38
23:42:07:983731,38
23:42:08:000840,39
23:42:08:005796,39
23:42:08:018250,38
23:42:08:029580,38
23:42:08:041638,39
23:42:08:054465,39
23:42:08:066214,38
23:42:08:077510,38
23:42:08:089986,39
23:42:08:102840,39
23:42:08:113862,39
23:42:08:129271,38
23:42:08:138547,39
23:42:08:152563,39
23:42:08:163644,39
23:42:08:176882,39
23:42:08:185364,38
23:42:08:196784,38
23:42:08:208581,39
23:42:08:220665,38
23:42:08:232661,39
23:42:08:244717,38
23:42:08:256536,39
23:42:08:269106,39
23:42:08:280465,38
23:42:08:292871,38
23:42:08:305196,39
23:42:08:316444,39
23:42:08:327567,38
23:42:08:340031,39
23:42:08:352155,39
23:42:08:364429,38
23:42:08:376050,39
23:42:08:389469,39
23:42:08:405622,39
23:42:08:418074,39
23:42:08:426038,39
23:42:08:437410,39
23:42:08:452357,39
23:42:08:463154,39
23:42:08:471997,39
23:42:08:484599,39
23:42:08:500037,39
23:42:08:509570,39
23:42:08:521135,39
23:42:08:533735,39
23:42:08:545796,39
23:42:08:560750,39
23:42:08:568571,39
23:42:08:584506,39
23:42:08:592820,39
23:42:08:605098,39
23:42:08:617092,38
23:42:08:630287,38
23:42:08:642036,38
23:42:08:655613,39
23:42:08:664993,39
23:42:08:675590,38
23:42:08:688526,38
23:42:08:699710,39
23:42:08:711463,39
23:42:08:728605,39
23:42:08:737875,39
23:42:08:749216,39
23:42:08:760746,39
23:42:08:773740,39
23:42:08:787038,39
23:42:08:798627,39
23:42:08:806913,39
23:42:08:819221,39
23:42:08:833096,39
23:42:08:848798,38
23:42:08:855801,39
23:42:08:871786,39
23:42:08:878901,39
23:42:08:893196,39
23:42:08:902867,39
23:42:08:912826,39
23:42:08:927413,39
23:42:08:937603,39
23:42:08:952893,38
23:42:08:966793,38
23:42:08:972853,39
23:42:08:987212,39
23:42:08:999219,39
23:42:09:009973,39
23:42:09:028099,38
23:42:09:032710,38
23:42:09:048689,38
23:42:09:060752,38
23:42:09:070856,39
23:42:09:086933,38
23:42:09:093169,38
23:42:09:106196,39
23:42:09:116836,39
23:42:09:130851,38
23:42:09:142968,39
23:42:09:154747,39
23:42:09:167948,39
23:42:09:178105,39
23:42:09:188507,39
23:42:09:204128,39
23:42:09:215276,39
23:42:09:230067,39
23:42:09:239420,39
23:42:09:251487,38
23:42:09:263982,39
23:42:09:271974,39
23:42:09:283413,39
23:42:09:296513,39
23:42:09:307732,39
23:42:09:325010,39
23:42:09:335755,39
23:42:09:347665,39
23:42:09:356121,38
23:42:09:371703,39
23:42:09:380455,39
23:42:09:393558,39
23:42:09:408243,39
23:42:09:414571,39
23:42:09:426762,39
23:42:09:438522,39
23:42:09:451153,39
23:42:09:463176,39
23:42:09:473187,39
23:42:09:485367,39
23:42:09:497409,39
23:42:09:509798,39
23:42:09:522437,39
23:42:09:534202,39
23:42:09:546205,39
23:42:09:560280,39
23:42:09:570006,39
23:42:09:581729,38
23:42:09:594666,39
23:42:09:609267,39
23:42:09:621012,38
23:42:09:633603,39
23:42:09:647381,39
23:42:09:656023,38
23:42:09:666287,38
23:42:09:678044,38
23:42:09:689404,39
23:42:09:704893,38
23:42:09:715656,38
23:42:09:727223,39
23:42:09:737142,39
23:42:09:750498,39
23:42:09:765645,39
23:42:09:775165,39
23:42:09:786012,39
23:42:09:798247,39
23:42:09:814483,39
23:42:09:824587,39
23:42:09:836052,39
23:42:09:848080,39
23:42:09:859798,39
23:42:09:872297,39
23:42:09:882440,39
23:42:09:894492,39
23:42:09:905766,39
23:42:09:919421,39
23:42:09:929529,39
23:42:09:940877,39
23:42:09:957484,38
23:42:09:968389,39
23:42:09:976786,39
23:42:09:987745,39
23:42:09:999577,39
23:42:10:012374,38
23:42:10:024391,39
23:42:10:035468,39
23:42:10:046301,39
23:42:10:059212,39
23:42:10:070335,39
23:42:10:082647,39
23:42:10:094446,39
23:42:10:106418,39
23:42:10:118554,39
23:42:10:130409,39
23:42:10:142633,39
23:42:10:157276,39
23:42:10:171062,39
23:42:10:181475,39
23:42:10:197735,39
23:42:10:208811,39
23:42:10:218323,39
23:42:10:233148,39
23:42:10:242886,39
23:42:10:254546,39
23:42:10:265686,39
23:42:10:277537,39
23:42:10:289499,39
23:42:10:299609,39
23:42:10:311660,39
23:42:10:324589,39
23:42:10:337738,39
23:42:10:348242,39
23:42:10:360370,39
23:42:10:373466,39
23:42:10:382889,39
23:42:10:396996,39
23:42:10:407433,39
23:42:10:417925,39
23:42:10:430521,39
23:42:10:441112,39
23:42:10:456687,39
23:42:10:467016,39
23:42:10:478606,39
23:42:10:490007,39
23:42:10:508464,39
23:42:10:515447,38
23:42:10:529283,39
23:42:10:537525,39
23:42:10:553366,39
23:42:10:563378,38
23:42:10:575303,38
23:42:10:590685,39
23:42:10:601181,39
23:42:10:609424,38
23:42:10:621886,39
23:42:10:633385,39
23:42:10:650494,39
23:42:10:657230,39
23:42:10:673075,39
23:42:10:682261,39
23:42:10:695436,39
23:42:10:707780,39
23:42:10:719412,39
23:42:10:732146,39
23:42:10:741160,39
23:42:10:754791,39
23:42:10:764139,39
23:42:10:778344,39
23:42:10:794079,39
23:42:10:804951,39
23:42:10:815512,39
23:42:10:824410,39
23:42:10:838633,39
23:42:10:851755,39
23:42:10:861898,39
23:42:10:873373,39
23:42:10:886419,39
23:42:10:899805,39
23:42:10:910621,39
23:42:10:920253,39
23:42:10:933037,39
23:42:10:946298,39
23:42:10:958803,39
23:42:10:968325,39
23:42:10:983666,39
23:42:10:993553,39
23:42:11:004289,39
23:42:11:016647,39
23:42:11:028283,39
23:42:11:039201,39
23:42:11:052729,39
23:42:11:061641,39
23:42:11:074856,39
23:42:11:091259,39
23:42:11:100838,39
23:42:11:111488,39
23:42:11:124667,39
23:42:11:135029,39
23:42:11:150613,39
23:42:11:158669,39
23:42:11:173169,39
23:42:11:181453,39
23:42:11:196264,39
23:42:11:207451,39
23:42:11:223104,39
23:42:11:233363,39
23:42:11:244155,39
23:42:11:253899,39
23:42:11:269411,39
23:42:11:282242,39
23:42:11:289447,39
23:42:11:304043,39
23:42:11:313092,39
23:42:11:326265,39
23:42:11:341712,39
23:42:11:352087,39
23:42:11:362324,39
23:42:11:376012,39
23:42:11:392003,39
23:42:11:399442,39
23:42:11:409625,39
23:42:11:422002,39
23:42:11:434252,39
23:42:11:445080,39
23:42:11:457659,39
23:42:11:469722,39
23:42:11:482233,39
23:42:11:497847,39
23:42:11:509320,39
23:42:11:518176,39
23:42:11:528546,39
23:42:11:540742,39
23:42:11:555919,39
23:42:11:564928,39
23:42:11:578652,39
23:42:11:589278,39
23:42:11:600615,39
23:42:11:612440,39
23:42:11:625492,39
23:42:11:636668,39
23:42:11:648340,39
23:42:11:660224,39
23:42:11:671661,39
23:42:11:687185,39
23:42:11:700987,39
23:42:11:713760,39
23:42:11:720225,39
23:42:11:730952,39
23:42:11:742640,39
23:42:11:753455,39
23:42:11:765556,39
23:42:11:777724,39
23:42:11:790013,39
23:42:11:801902,39
23:42:11:813880,39
23:42:11:825441,39
23:42:11:837712,39
23:42:11:849931,39
23:42:11:862101,39
23:42:11:874037,39
23:42:11:885686,39
23:42:11:899405,39
23:42:11:913698,39
23:42:11:925869,39
23:42:11:935347,39
23:42:11:950300,39
23:42:11:962287,39
23:42:11:970056,39
23:42:11:982233,39
23:42:11:996177,38
23:42:12:007359,38
23:42:12:019338,39
23:42:12:029607,39
23:42:12:042871,39
23:42:12:056412,39
23:42:12:068414,39
23:42:12:077622,39
23:42:12:091457,39
23:42:12:102704,39
23:42:12:114677,39
23:42:12:128455,39
23:42:12:140539,39
23:42:12:148905,39
23:42:12:161162,39
23:42:12:176610,39
23:42:12:188120,39
23:42:12:197207,39
23:42:12:211838,39
23:42:12:220773,39
23:42:12:236118,39
23:42:12:243958,39
23:42:12:256388,39
23:42:12:268540,39
23:42:12:295355,39
23:42:12:297464,39
23:42:12:304672,39
23:42:12:318662,39
23:42:12:333642,39
23:42:12:339160,39
23:42:12:351087,39
23:42:12:362619,39
23:42:12:375199,39
23:42:12:387087,39
23:42:12:399471,39
23:42:12:411225,39
23:42:12:424184,39
23:42:12:437467,39
23:42:12:448562,39
23:42:12:460317,39
23:42:12:472379,39
23:42:12:485155,39
23:42:12:497715,39
23:42:12:508187,39
23:42:12:520468,39
23:42:12:532712,39
23:42:12:544621,39
23:42:12:556379,39
23:42:12:567510,39
23:42:12:581551,39
23:42:12:592708,39
23:42:12:605325,39
23:42:12:615025,39
23:42:12:627258,39
23:42:12:643095,39
23:42:12:652671,39
23:42:12:662650,39
23:42:12:681029,39
23:42:12:687446,39
23:42:12:701231,39
23:42:12:710999,39
23:42:12:726305,39
23:42:12:735320,38
23:42:12:747308,39
23:42:12:757336,39
23:42:12:769564,39
23:42:12:781729,39
23:42:12:796834,39
23:42:12:810002,39
23:42:12:818291,39
23:42:12:830091,39
23:42:12:845395,39
23:42:12:855719,39
23:42:12:866517,39
23:42:12:878558,39
23:42:12:894413,39
23:42:12:902740,39
23:42:12:918501,39
23:42:12:924776,39
23:42:12:937138,39
23:42:12:953009,39
23:42:12:961373,39
23:42:12:972459,39
23:42:12:984801,39
23:42:12:999855,39
23:42:13:009474,39
23:42:13:020429,39
23:42:13:032979,39
23:42:13:048437,39
23:42:13:056392,39
23:42:13:068359,39
23:42:13:085943,39
23:42:13:094131,39
23:42:13:108666,39
23:42:13:117702,39
23:42:13:131873,39
23:42:13:140838,39
23:42:13:152864,39
23:42:13:164542,39
23:42:13:176185,39
23:42:13:189319,39
23:42:13:200009,39
23:42:13:213572,39
23:42:13:227675,39
23:42:13:237684,39
23:42:13:252948,39
23:42:13:261110,39
23:42:13:272959,39
23:42:13:283187,39
23:42:13:299259,39
23:42:13:307994,39
23:42:13:320817,39
23:42:13:331546,39
23:42:13:345278,39
23:42:13:356908,39
23:42:13:366807,39
23:42:13:379136,39
23:42:13:391682,39
23:42:13:404036,39
23:42:13:417092,39
23:42:13:426022,39
23:42:13:437805,39
23:42:13:450045,39
23:42:13:461758,39
23:42:13:473514,39
23:42:13:485837,39
23:42:13:497883,39
23:42:13:509254,39
23:42:13:521247,39
23:42:13:533014,39
23:42:13:545277,39
23:42:13:556814,39
23:42:13:568764,39
23:42:13:580697,39
23:42:13:593310,39
23:42:13:611400,39
23:42:13:619431,39
23:42:13:632361,39
23:42:13:642388,39
23:42:13:655750,39
23:42:13:667191,39
23:42:13:679269,39
23:42:13:690650,39
23:42:13:702210,39
23:42:13:713609,39
23:42:13:726125,39
23:42:13:738342,39
23:42:13:750249,39
23:42:13:762373,39
23:42:13:774187,39
23:42:13:785664,39
23:42:13:800597,39
23:42:13:808264,39
23:42:13:824227,39
23:42:13:833881,39
23:42:13:844694,39
23:42:13:859449,39
23:42:13:871900,39
23:42:13:880791,39
23:42:13:898488,39
23:42:13:903831,39
23:42:13:916732,39
23:42:13:930060,39
23:42:13:938698,39
23:42:13:953940,39
23:42:13:963502,39
23:42:13:977715,39
23:42:13:988062,39
23:42:14:003831,39
23:42:14:012668,39
23:42:14:026273,39
23:42:14:035494,39
23:42:14:047630,39
23:42:14:060341,39
23:42:14:071775,39
23:42:14:088779,39
23:42:14:095045,39
23:42:14:108085,39
23:42:14:119112,39
23:42:14:131511,39
23:42:14:148453,39
23:42:14:155149,39
23:42:14:167777,39
23:42:14:180420,39
23:42:14:190401,39
23:42:14:203309,39
23:42:14:217492,39
23:42:14:229577,39
23:42:14:241675,39
23:42:14:252385,39
23:42:14:265478,39
23:42:14:276457,39
23:42:14:286059,39
23:42:14:298816,39
23:42:14:311683,39
23:42:14:323036,39
23:42:14:335801,39
23:42:14:349417,39
23:42:14:358186,39
23:42:14:374928,39
23:42:14:382125,39
23:42:14:397681,39
23:42:14:405438,39
23:42:14:422122,39
23:42:14:433829,39
23:42:14:442844,39
23:42:14:454649,39
23:42:14:466489,39
23:42:14:480398,39
23:42:14:489871,39
23:42:14:506131,39
23:42:14:514581,39
23:42:14:526156,39
23:42:14:537104,39
23:42:14:549618,39
23:42:14:564155,39
23:42:14:571731,39
23:42:14:585215,39
23:42:14:596849,39
23:42:14:610050,39
23:42:14:622945,39
23:42:14:632963,39
23:42:14:648806,39
23:42:14:658003,39
23:42:14:668047,39
23:42:14:679939,39
23:42:14:690694,39
23:42:14:702731,39
23:42:14:715079,39
23:42:14:727405,39
23:42:14:739118,39
23:42:14:752709,39
23:42:14:763227,39
23:42:14:774253,39
23:42:14:790294,39
23:42:14:802425,39
23:42:14:812948,39
23:42:14:825796,39
23:42:14:838794,39
23:42:14:848429,39
23:42:14:860953,39
23:42:14:873003,39
23:42:14:885614,39
23:42:14:896174,39
23:42:14:912932,39
23:42:14:920281,39
23:42:14:932251,39
23:42:14:943218,39
23:42:14:956816,39
23:42:14:970598,39
23:42:14:980268,39
23:42:14:992823,39
23:42:15:002843,39
23:42:15:015569,39
23:42:15:028039,39
23:42:15:039098,39
23:42:15:053348,39
23:42:15:064340,39
23:42:15:080870,39
23:42:15:087144,39
23:42:15:101227,39
23:42:15:110088,39
23:42:15:123140,39
23:42:15:133344,39
23:42:15:144934,39
23:42:15:156677,39
23:42:15:168628,39
23:42:15:180397,39
23:42:15:192729,39
23:42:15:205034,39
23:42:15:216890,39
23:42:15:228996,39
23:42:15:240698,39
23:42:15:253037,39
23:42:15:265157,39
23:42:15:275869,39
23:42:15:288093,39
23:42:15:300569,39
23:42:15:313369,39
23:42:15:328696,39
23:42:15:336828,39
23:42:15:349561,39
23:42:15:361899,39
23:42:15:372810,39
23:42:15:384964,39
23:42:15:401169,39
23:42:15:411358,39
23:42:15:422442,39
23:42:15:435437,39
23:42:15:444784,39
23:42:15:459663,39
23:42:15:470399,39
23:42:15:481090,39
23:42:15:492289,39
23:42:15:502791,39
23:42:15:514894,39
23:42:15:527032,39
23:42:15:538178,39
23:42:15:551158,39
23:42:15:563317,39
23:42:15:575264,39
23:42:15:587309,39
23:42:15:599255,39
23:42:15:611098,39
23:42:15:622795,39
23:42:15:634976,39
23:42:15:647260,39
23:42:15:658751,39
23:42:15:670156,39
23:42:15:682167,39
23:42:15:694218,39
23:42:15:706018,39
23:42:15:718321,39
23:42:15:732182,39
23:42:15:749452,39
23:42:15:756610,39
23:42:15:766637,39
23:42:15:785353,39
23:42:15:790822,39
23:42:15:805741,39
23:42:15:814850,39
23:42:15:825561,39
23:42:15:839069,39
23:42:15:851273,39
23:42:15:862347,39
23:42:15:873444,39
23:42:15:887418,39
23:42:15:897636,39
23:42:15:912272,39
23:42:15:923471,39
23:42:15:935420,39
23:42:15:948535,39
23:42:15:958181,39
23:42:15:969740,39
23:42:15:983697,39
23:42:15:994582,39
23:42:16:008887,39
23:42:16:018583,39
23:42:16:028609,39
23:42:16:042110,39
23:42:16:053241,39
23:42:16:065570,39
23:42:16:077638,39
23:42:16:090471,39
23:42:16:101028,39
23:42:16:111758,39
23:42:16:126306,38
23:42:16:137436,39
23:42:16:147819,39
23:42:16:162235,39
23:42:16:172344,39
23:42:16:184815,39
23:42:16:196957,39
23:42:16:209306,39
23:42:16:220271,39
23:42:16:233163,39
23:42:16:245001,39
23:42:16:258079,39
23:42:16:269269,39
23:42:16:281607,39
23:42:16:293534,39
23:42:16:304786,39
23:42:16:316797,39
23:42:16:329419,39
23:42:16:340813,39
23:42:16:355589,39
23:42:16:366798,39
23:42:16:376783,39
23:42:16:389230,39
23:42:16:402971,39
23:42:16:412057,39
23:42:16:423114,39
23:42:16:434491,39
23:42:16:446824,39
23:42:16:458628,39
23:42:16:470622,39
23:42:16:482621,39
23:42:16:497224,39
23:42:16:506989,39
23:42:16:520615,39
23:42:16:531294,39
23:42:16:543834,39
23:42:16:555212,39
23:42:16:566867,39
23:42:16:579500,39
23:42:16:596102,39
23:42:16:603762,39
23:42:16:615442,39
23:42:16:627423,39
23:42:16:639340,39
23:42:16:654883,39
23:42:16:665189,39
23:42:16:676247,39
23:42:16:690928,39
23:42:16:699235,39
23:42:16:711078,39
23:42:16:723821,39
23:42:16:735143,39
23:42:16:747694,39
23:42:16:756943,39
23:42:16:774101,39
23:42:16:785994,39
23:42:16:795249,39
23:42:16:806037,39
23:42:16:818640,39
23:42:16:828689,39
23:42:16:840617,39
23:42:16:852618,39
23:42:16:864225,39
23:42:16:876948,39
23:42:16:887693,39
23:42:16:900028,39
23:42:16:911725,39
23:42:16:923874,39
23:42:16:936241,39
23:42:16:947830,39
23:42:16:959582,39
23:42:16:971412,39
23:42:16:984183,39
23:42:16:996750,39
23:42:17:009844,39
23:42:17:020366,39
23:42:17:032182,39
23:42:17:045171,39
23:42:17:061289,39
23:42:17:068671,39
23:42:17:086008,39
23:42:17:093513,39
23:42:17:105161,39
23:42:17:116178,39
23:42:17:129123,39
23:42:17:146071,39
23:42:17:153835,39
23:42:17:165839,39
23:42:17:179054,39
23:42:17:189238,39
23:42:17:202514,39
23:42:17:211244,39
23:42:17:227496,39
23:42:17:240422,39
23:42:17:249613,39
23:42:17:263902,39
23:42:17:274765,39
23:42:17:284835,39
23:42:17:296065,39
23:42:17:306791,39
23:42:17:322795,39
23:42:17:331751,39
23:42:17:344303,39
23:42:17:356420,39
23:42:17:366481,39
23:42:17:379235,39
23:42:17:392710,39
23:42:17:402794,39
23:42:17:416023,39
23:42:17:426700,39
23:42:17:440681,39
23:42:17:449815,39
23:42:17:462243,39
23:42:17:473903,39
23:42:17:486045,39
23:42:17:499124,39
23:42:17:509949,39
23:42:17:521025,39
23:42:17:533075,39
23:42:17:547444,39
23:42:17:559566,39
23:42:17:568682,39
23:42:17:581666,39
23:42:17:595080,39
23:42:17:606680,39
23:42:17:620403,39
23:42:17:631811,39
23:42:17:642675,39
23:42:17:660907,39
23:42:17:669879,39
23:42:17:677290,39
23:42:17:689830,39
23:42:17:702247,39
23:42:17:712162,39
23:42:17:726141,39
23:42:17:737495,38
23:42:17:753466,39
23:42:17:760927,39
23:42:17:776315,39
23:42:17:785926,38
23:42:17:796892,38
23:42:17:808583,39
23:42:17:820908,39
23:42:17:835420,39
23:42:17:845327,39
23:42:17:856620,39
23:42:17:871431,39
23:42:17:879012,39
23:42:17:892512,39
23:42:17:906154,39
23:42:17:918378,39
23:42:17:931706,39
23:42:17:939845,39
23:42:17:952819,39
23:42:17:965736,39
23:42:17:975519,39
23:42:17:988034,39
23:42:18:002535,39
23:42:18:013546,39
23:42:18:023746,39
23:42:18:034768,39
23:42:18:052381,39
23:42:18:061641,39
23:42:18:069931,39
23:42:18:087166,39
23:42:18:095358,39
23:42:18:107917,39
23:42:18:120191,39
23:42:18:131299,39
23:42:18:143704,39
23:42:18:155374,39
23:42:18:168519,39
23:42:18:182093,39
23:42:18:191119,39
23:42:18:203269,39
23:42:18:214958,39
23:42:18:231063,39
23:42:18:239480,39
23:42:18:250123,39
23:42:18:261626,39
23:42:18:274307,39
23:42:18:286909,39
23:42:18:298835,39
23:42:18:309328,39
23:42:18:321883,39
23:42:18:335324,39
23:42:18:346930,39
23:42:18:361467,39
23:42:18:371582,39
23:42:18:380714,38
