16:09:46:696622,13
16:09:46:708622,14
16:09:46:720487,15
16:09:46:732401,16
16:09:46:744466,15
16:09:46:756437,15
16:09:46:768445,15
16:09:46:780439,15
16:09:46:792435,15
16:09:46:804438,15
16:09:46:816407,15
16:09:46:828512,15
16:09:46:839496,15
16:09:46:851466,15
16:09:46:863505,15
16:09:46:875469,15
16:09:46:887435,15
16:09:46:899613,15
16:09:46:911510,15
16:09:46:923490,15
16:09:46:935395,16
16:09:46:947408,17
16:09:46:959429,19
16:09:46:971387,32
16:09:46:983415,60
16:09:46:995427,109
16:09:47:007465,212
16:09:47:018430,386
16:09:47:030438,615
16:09:47:043162,850
16:09:47:055007,1116
16:09:47:066558,1392
16:09:47:078488,1642
16:09:47:091018,1887
16:09:47:102842,2090
16:09:47:115023,2228
16:09:47:127114,2337
16:09:47:139142,2379
16:09:47:151150,2382
16:09:47:163000,2382
16:09:47:174077,2382
16:09:47:186204,2382
16:09:47:198053,2379
16:09:47:210128,2364
16:09:47:221795,2335
16:09:47:233673,2297
16:09:47:245654,2237
16:09:47:257967,2147
16:09:47:269897,2023
16:09:47:281834,1883
16:09:47:294063,1702
16:09:47:305617,1502
16:09:47:317830,1304
16:09:47:330011,1097
16:09:47:341679,890
16:09:47:352838,714
16:09:47:364717,535
16:09:47:376609,384
16:09:47:388863,289
16:09:47:400942,235
16:09:47:413055,224
16:09:47:424682,224
16:09:47:436830,226
16:09:47:448947,235
16:09:47:460776,265
16:09:47:472969,320
16:09:47:484644,397
16:09:47:496908,515
16:09:47:508888,675
16:09:47:519873,845
16:09:47:531645,1049
16:09:47:544025,1272
16:09:47:555993,1498
16:09:47:567733,1745
16:09:47:580029,1978
16:09:47:592100,2161
16:09:47:604282,2330
16:09:47:616023,2437
16:09:47:628033,2487
16:09:47:640288,2494
16:09:47:652261,2495
16:09:47:664254,2494
16:09:47:676274,2495
16:09:47:686906,2494
16:09:47:698910,2492
16:09:47:710954,2482
16:09:47:722825,2457
16:09:47:734929,2418
16:09:47:746939,2362
16:09:47:758657,2288
16:09:47:770898,2176
16:09:47:782925,2031
16:09:47:794910,1874
16:09:47:806831,1683
16:09:47:818810,1473
16:09:47:830931,1280
16:09:47:842933,1088
16:09:47:854030,907
16:09:47:866037,766
16:09:47:878018,646
16:09:47:890043,560
16:09:47:902022,518
16:09:47:914097,510
16:09:47:926050,511
16:09:47:938278,511
16:09:47:950290,520
16:09:47:962151,554
16:09:47:974025,620
16:09:47:985968,705
16:09:47:998036,810
16:09:48:010192,947
16:09:48:021136,1111
16:09:48:032605,1288
16:09:48:044942,1510
16:09:48:056943,1744
16:09:48:068692,1953
16:09:48:080896,2161
16:09:48:092973,2344
16:09:48:104815,2465
16:09:48:117151,2544
16:09:48:128857,2566
16:09:48:140872,2568
16:09:48:153107,2569
16:09:48:165250,2568
16:09:48:176898,2569
16:09:48:188064,2568
16:09:48:200063,2565
16:09:48:212056,2554
16:09:48:224072,2525
16:09:48:236310,2492
16:09:48:248095,2442
16:09:48:260083,2363
16:09:48:272095,2264
16:09:48:284037,2120
16:09:48:296068,1955
16:09:48:308049,1779
16:09:48:320141,1577
16:09:48:332071,1371
16:09:48:344090,1200
16:09:48:354905,1025
16:09:48:366934,880
16:09:48:378891,777
16:09:48:390978,710
16:09:48:402833,687
16:09:48:414960,687
16:09:48:426850,687
16:09:48:439013,688
16:09:48:450922,694
16:09:48:462893,724
16:09:48:474898,777
16:09:48:486911,859
16:09:48:499120,971
16:09:48:511232,1098
16:09:48:522326,1264
16:09:48:533628,1464
16:09:48:546076,1665
16:09:48:558298,1892
16:09:48:569655,2105
16:09:48:582058,2292
16:09:48:594043,2456
16:09:48:606061,2565
16:09:48:618058,2615
16:09:48:630055,2637
16:09:48:642044,2639
16:09:48:654047,2639
16:09:48:666051,2639
16:09:48:678049,2639
16:09:48:690042,2638
16:09:48:700866,2637
16:09:48:712912,2620
16:09:48:724889,2595
16:09:48:736893,2559
16:09:48:748914,2517
16:09:48:760974,2444
16:09:48:772974,2339
16:09:48:784838,2208
16:09:48:796878,2046
16:09:48:809001,1855
16:09:48:820921,1675
16:09:48:832870,1469
16:09:48:844894,1277
16:09:48:856844,1128
16:09:48:868084,988
16:09:48:880040,890
16:09:48:892313,828
16:09:48:904319,810
16:09:48:916328,811
16:09:48:928342,810
16:09:48:940243,811
16:09:48:952326,818
16:09:48:964075,851
16:09:48:976094,910
16:09:48:988083,990
16:09:49:000050,1100
16:09:49:012107,1242
16:09:49:023885,1399
16:09:49:034607,1590
16:09:49:046972,1797
16:09:49:059135,1989
16:09:49:070625,2187
16:09:49:082878,2377
16:09:49:094963,2510
16:09:49:106892,2609
16:09:49:119043,2658
16:09:49:130857,2678
16:09:49:142915,2683
16:09:49:154967,2684
16:09:49:166916,2684
16:09:49:178894,2684
16:09:49:190885,2683
16:09:49:202921,2679
16:09:49:213728,2662
16:09:49:225657,2639
16:09:49:237608,2608
16:09:49:249571,2556
16:09:49:261623,2481
16:09:49:273609,2383
16:09:49:285595,2244
16:09:49:297585,2096
16:09:49:309570,1917
16:09:49:321622,1727
16:09:49:333574,1546
16:09:49:345542,1356
16:09:49:357927,1201
16:09:49:370022,1082
16:09:49:382067,984
16:09:49:392859,928
16:09:49:404907,912
16:09:49:416915,912
16:09:49:428939,912
16:09:49:441130,913
16:09:49:453122,927
16:09:49:465138,969
16:09:49:477224,1023
16:09:49:489189,1109
16:09:49:501165,1220
16:09:49:513165,1348
16:09:49:524875,1516
16:09:49:536800,1704
16:09:49:548728,1893
16:09:49:560898,2096
16:09:49:572044,2272
16:09:49:584102,2447
16:09:49:596089,2576
16:09:49:608018,2650
16:09:49:619970,2695
16:09:49:632104,2704
16:09:49:643976,2705
16:09:49:656128,2705
16:09:49:667679,2706
16:09:49:679553,2705
16:09:49:691542,2705
16:09:49:703542,2703
16:09:49:715566,2696
16:09:49:727526,2662
16:09:49:739536,2631
16:09:49:750622,2581
16:09:49:762533,2504
16:09:49:774669,2404
16:09:49:786505,2275
16:09:49:798542,2113
16:09:49:810543,1954
16:09:49:822595,1767
16:09:49:834512,1576
16:09:49:846757,1408
16:09:49:858515,1248
16:09:49:870571,1125
16:09:49:882566,1042
16:09:49:894516,991
16:09:49:906502,977
16:09:49:917518,978
16:09:49:930018,977
16:09:49:941749,980
16:09:49:954132,992
16:09:49:966138,1036
16:09:49:978204,1099
16:09:49:990089,1176
16:09:50:002074,1289
16:09:50:014099,1431
16:09:50:026319,1584
16:09:50:038005,1769
16:09:50:050108,1967
16:09:50:062142,2149
16:09:50:073968,2343
16:09:50:085912,2503
16:09:50:096975,2614
16:09:50:108906,2693
16:09:50:121136,2725
16:09:50:133172,2743
16:09:50:145210,2744
16:09:50:156966,2744
16:09:50:169227,2744
16:09:50:181155,2745
16:09:50:192935,2744
16:09:50:204934,2740
16:09:50:216914,2721
16:09:50:228947,2699
16:09:50:241053,2661
16:09:50:252918,2613
16:09:50:265000,2545
16:09:50:276128,2440
16:09:50:288104,2307
16:09:50:300124,2157
16:09:50:312154,1986
16:09:50:324390,1800
16:09:50:336170,1632
16:09:50:348151,1450
16:09:50:360161,1295
16:09:50:372139,1187
16:09:50:384185,1105
16:09:50:396162,1062
16:09:50:408180,1055
16:09:50:420087,1055
16:09:50:432149,1056
16:09:50:442873,1056
16:09:50:454914,1073
16:09:50:466970,1118
16:09:50:478892,1174
16:09:50:490933,1261
16:09:50:502910,1363
16:09:50:514887,1507
16:09:50:526957,1673
16:09:50:538862,1840
16:09:50:551010,2039
16:09:50:562975,2236
16:09:50:574940,2411
16:09:50:587041,2563
16:09:50:599033,2664
16:09:50:610912,2724
16:09:50:622177,2759
16:09:50:634229,2769
16:09:50:646174,2770
16:09:50:657943,2770
16:09:50:669745,2770
16:09:50:682192,2770
16:09:50:694186,2769
16:09:50:706165,2767
16:09:50:717867,2751
16:09:50:730285,2718
16:09:50:742185,2690
16:09:50:754181,2638
16:09:50:766172,2561
16:09:50:778244,2462
16:09:50:788963,2330
16:09:50:800970,2168
16:09:50:812929,2007
16:09:50:824987,1819
16:09:50:836977,1637
16:09:50:848976,1474
16:09:50:860931,1318
16:09:50:872954,1207
16:09:50:884927,1134
16:09:50:897168,1100
16:09:50:908897,1096
16:09:50:921018,1096
16:09:50:932960,1097
16:09:50:945001,1098
16:09:50:956969,1113
16:09:50:968426,1162
16:09:50:980192,1225
16:09:50:992170,1307
16:09:51:004200,1424
16:09:51:016180,1555
16:09:51:028411,1722
16:09:51:040142,1905
16:09:51:052189,2086
16:09:51:064230,2283
16:09:51:076173,2465
16:09:51:088193,2600
16:09:51:100190,2697
16:09:51:112169,2754
16:09:51:124072,2778
16:09:51:136208,2784
16:09:51:146908,2784
16:09:51:158790,2784
16:09:51:170945,2784
16:09:51:182930,2783
16:09:51:195050,2783
16:09:51:206917,2781
16:09:51:218958,2767
16:09:51:230964,2735
16:09:51:242964,2699
16:09:51:254956,2644
16:09:51:266913,2574
16:09:51:278929,2467
16:09:51:291179,2347
16:09:51:303060,2190
16:09:51:313945,2023
16:09:51:326198,1842
16:09:51:338202,1677
16:09:51:350445,1502
16:09:51:362453,1363
16:09:51:374451,1251
16:09:51:386421,1181
16:09:51:398240,1155
16:09:51:410202,1149
16:09:51:422159,1149
16:09:51:434195,1150
16:09:51:446471,1153
16:09:51:458324,1168
16:09:51:470071,1212
16:09:51:482233,1277
16:09:51:492852,1356
16:09:51:505013,1478
16:09:51:516883,1620
16:09:51:528942,1785
16:09:51:541008,1955
16:09:51:553045,2148
16:09:51:565032,2327
16:09:51:576983,2495
16:09:51:588880,2632
16:09:51:601011,2710
16:09:51:613026,2770
16:09:51:624992,2790
16:09:51:637017,2795
16:09:51:648987,2796
16:09:51:659880,2796
16:09:51:672115,2796
16:09:51:683916,2796
16:09:51:696254,2794
16:09:51:707973,2792
16:09:51:719757,2777
16:09:51:731887,2734
16:09:51:744463,2682
16:09:51:756151,2592
16:09:51:768203,2468
16:09:51:780213,2303
16:09:51:792070,2111
16:09:51:804349,1935
16:09:51:816205,1755
16:09:51:826941,1610
16:09:51:838945,1530
16:09:51:850918,1507
16:09:51:862971,1507
16:09:51:874927,1515
16:09:51:886919,1555
16:09:51:898946,1632
16:09:51:910762,1734
16:09:51:922777,1880
16:09:51:935013,2061
16:09:51:947050,2243
16:09:51:958987,2445
16:09:51:971025,2600
16:09:51:982193,2708
16:09:51:994035,2767
16:09:52:006029,2774
16:09:52:018103,2774
16:09:52:029963,2774
16:09:52:042123,2772
16:09:52:054191,2752
16:09:52:065882,2709
16:09:52:078235,2654
16:09:52:089993,2560
16:09:52:102174,2423
16:09:52:114209,2269
16:09:52:126214,2079
16:09:52:138229,1885
16:09:52:148964,1726
16:09:52:160968,1594
16:09:52:172944,1528
16:09:52:184943,1520
16:09:52:196970,1520
16:09:52:208923,1527
16:09:52:220939,1562
16:09:52:232962,1644
16:09:52:244837,1745
16:09:52:256688,1894
16:09:52:268698,2076
16:09:52:280668,2263
16:09:52:292699,2465
16:09:52:304752,2631
16:09:52:315674,2725
16:09:52:327665,2773
16:09:52:339797,2777
16:09:52:351613,2778
16:09:52:363606,2777
16:09:52:375688,2774
16:09:52:387729,2757
16:09:52:399758,2712
16:09:52:411618,2652
16:09:52:423716,2564
16:09:52:435738,2427
16:09:52:447714,2258
16:09:52:459708,2087
16:09:52:471732,1896
16:09:52:483703,1727
16:09:52:494675,1611
16:09:52:507374,1548
16:09:52:518960,1543
16:09:52:530833,1544
16:09:52:543071,1552
16:09:52:555015,1593
16:09:52:566908,1671
16:09:52:578994,1781
16:09:52:590975,1920
16:09:52:603017,2100
16:09:52:615037,2308
16:09:52:627050,2486
16:09:52:638929,2641
16:09:52:650923,2741
16:09:52:662117,2778
16:09:52:673974,2780
16:09:52:686013,2781
16:09:52:697929,2780
16:09:52:710132,2777
16:09:52:722156,2756
16:09:52:734015,2716
16:09:52:745854,2655
16:09:52:758111,2567
16:09:52:770016,2430
16:09:52:782220,2264
16:09:52:794170,2095
16:09:52:806195,1908
16:09:52:818208,1743
16:09:52:829147,1632
16:09:52:841128,1570
16:09:52:853046,1565
16:09:52:865247,1566
16:09:52:877049,1576
16:09:52:889033,1621
16:09:52:901065,1694
16:09:52:913036,1806
16:09:52:925038,1960
16:09:52:937000,2124
16:09:52:949082,2328
16:09:52:961029,2515
16:09:52:973031,2650
16:09:52:984984,2745
16:09:52:996365,2779
16:09:53:008379,2780
16:09:53:020611,2780
16:09:53:032214,2780
16:09:53:044268,2778
16:09:53:056074,2757
16:09:53:067931,2715
16:09:53:080016,2654
16:09:53:092382,2555
16:09:53:104186,2428
16:09:53:115976,2261
16:09:53:128031,2078
16:09:53:140278,1908
16:09:53:152027,1745
16:09:53:163162,1629
16:09:53:175130,1578
16:09:53:187116,1573
16:09:53:199136,1574
16:09:53:211373,1585
16:09:53:223087,1631
16:09:53:235235,1712
16:09:53:247118,1818
16:09:53:259158,1974
16:09:53:271118,2157
16:09:53:283106,2344
16:09:53:295256,2525
16:09:53:307155,2656
16:09:53:319089,2750
16:09:53:331020,2781
16:09:53:342371,2782
16:09:53:354345,2782
16:09:53:365967,2782
16:09:53:377788,2779
16:09:53:389774,2757
16:09:53:401800,2710
16:09:53:413827,2654
16:09:53:426387,2555
16:09:53:438402,2417
16:09:53:450695,2265
16:09:53:462652,2086
16:09:53:474198,1905
16:09:53:486258,1761
16:09:53:498244,1651
16:09:53:510141,1607
16:09:53:521290,1604
16:09:53:533005,1605
16:09:53:545107,1619
16:09:53:557185,1666
16:09:53:568998,1747
16:09:53:581135,1852
16:09:53:593378,2007
16:09:53:605354,2188
16:09:53:617291,2372
16:09:53:629415,2552
16:09:53:641173,2691
16:09:53:653129,2766
16:09:53:665291,2790
16:09:53:677051,2791
16:09:53:689052,2791
16:09:53:700280,2792
16:09:53:712405,2786
16:09:53:723972,2770
16:09:53:736128,2720
16:09:53:748184,2653
16:09:53:760333,2559
16:09:53:772303,2421
16:09:53:784296,2260
16:09:53:796298,2098
16:09:53:808407,1926
16:09:53:820148,1772
16:09:53:832443,1679
16:09:53:844333,1635
16:09:53:856022,1634
16:09:53:868050,1635
16:09:53:879115,1646
16:09:53:891174,1698
16:09:53:903181,1773
16:09:53:915126,1895
16:09:53:927192,2034
16:09:53:939126,2214
16:09:53:951137,2413
16:09:53:963164,2572
16:09:53:975186,2701
16:09:53:987154,2779
16:09:53:999204,2799
16:09:54:011208,2800
16:09:54:023164,2800
16:09:54:035012,2799
16:09:54:047299,2793
16:09:54:058331,2770
16:09:54:070004,2724
16:09:54:082447,2657
16:09:54:094444,2555
16:09:54:106490,2427
16:09:54:118310,2268
16:09:54:130458,2095
16:09:54:142395,1936
16:09:54:154437,1787
16:09:54:166310,1691
16:09:54:178321,1658
16:09:54:190214,1657
16:09:54:202279,1659
16:09:54:214356,1671
16:09:54:226388,1727
16:09:54:237152,1808
16:09:54:249176,1920
16:09:54:261203,2075
16:09:54:273309,2241
16:09:54:285185,2432
16:09:54:297185,2602
16:09:54:309167,2709
16:09:54:321176,2783
16:09:54:333169,2805
16:09:54:345186,2805
16:09:54:357141,2806
16:09:54:369183,2805
16:09:54:381174,2799
16:09:54:393570,2772
16:09:54:405362,2722
16:09:54:416704,2658
16:09:54:428635,2556
16:09:54:440593,2420
16:09:54:452422,2275
16:09:54:464332,2103
16:09:54:476320,1936
16:09:54:488263,1803
16:09:54:500318,1706
16:09:54:512348,1679
16:09:54:524355,1678
16:09:54:536216,1680
16:09:54:548637,1693
16:09:54:560373,1743
16:09:54:572277,1829
16:09:54:584258,1939
16:09:54:595331,2095
16:09:54:607213,2277
16:09:54:619112,2449
16:09:54:631121,2610
16:09:54:643125,2726
16:09:54:655156,2789
16:09:54:667196,2809
16:09:54:679186,2809
16:09:54:691176,2810
16:09:54:703172,2809
16:09:54:715200,2803
16:09:54:727188,2776
16:09:54:739368,2725
16:09:54:751184,2654
16:09:54:762491,2557
16:09:54:774693,2418
16:09:54:786551,2270
16:09:54:798346,2096
16:09:54:810204,1931
16:09:54:821814,1800
16:09:54:833833,1706
16:09:54:845818,1679
16:09:54:857832,1680
16:09:54:869780,1682
16:09:54:881903,1697
16:09:54:893907,1748
16:09:54:905860,1833
16:09:54:917879,1959
16:09:54:929833,2100
16:09:54:940804,2285
16:09:54:952754,2470
16:09:54:964886,2615
16:09:54:976790,2728
16:09:54:988768,2794
16:09:55:000897,2808
16:09:55:012984,2808
16:09:55:024811,2809
16:09:55:036806,2808
16:09:55:048759,2802
16:09:55:060894,2769
16:09:55:073155,2708
16:09:55:085080,2612
16:09:55:097230,2468
16:09:55:108451,2313
16:09:55:120349,2134
16:09:55:132159,1989
16:09:55:144435,1905
16:09:55:156316,1890
16:09:55:168333,1893
16:09:55:180364,1920
16:09:55:192439,1996
16:09:55:204464,2105
16:09:55:216352,2268
16:09:55:228312,2453
16:09:55:240100,2607
16:09:55:252053,2724
16:09:55:264108,2779
16:09:55:276256,2781
16:09:55:287766,2781
16:09:55:299574,2776
16:09:55:311266,2743
16:09:55:323277,2679
16:09:55:335365,2575
16:09:55:347275,2442
16:09:55:359241,2271
16:09:55:371481,2098
16:09:55:383464,1967
16:09:55:395372,1885
16:09:55:407285,1874
16:09:55:419478,1878
16:09:55:431463,1908
16:09:55:443627,1984
16:09:55:455557,2103
16:09:55:466698,2271
16:09:55:478415,2439
16:09:55:490439,2607
16:09:55:502423,2723
16:09:55:514370,2774
16:09:55:526484,2777
16:09:55:538496,2777
16:09:55:550493,2772
16:09:55:562463,2734
16:09:55:574435,2666
16:09:55:586272,2574
16:09:55:598299,2428
16:09:55:610200,2258
16:09:55:622521,2101
16:09:55:633407,1964
16:09:55:645232,1889
16:09:55:657233,1883
16:09:55:668972,1886
16:09:55:681298,1921
16:09:55:693250,1996
16:09:55:705178,2118
16:09:55:717122,2272
16:09:55:729466,2457
16:09:55:741303,2620
16:09:55:753199,2725
16:09:55:765244,2777
16:09:55:777429,2778
16:09:55:789253,2777
16:09:55:801521,2771
16:09:55:813781,2729
16:09:55:824415,2668
16:09:55:836318,2567
16:09:55:848493,2419
16:09:55:860460,2265
16:09:55:872578,2097
16:09:55:884485,1965
16:09:55:896411,1900
16:09:55:908350,1894
16:09:55:920493,1897
16:09:55:932392,1931
16:09:55:944499,2015
16:09:55:956447,2140
16:09:55:968255,2296
16:09:55:979384,2475
16:09:55:991186,2622
16:09:56:003334,2731
16:09:56:015219,2777
16:09:56:027269,2778
16:09:56:039130,2777
16:09:56:051234,2769
16:09:56:063282,2730
16:09:56:075240,2663
16:09:56:087343,2560
16:09:56:099428,2424
16:09:56:111283,2256
16:09:56:123458,2095
16:09:56:135242,1975
16:09:56:147432,1907
16:09:56:158473,1904
16:09:56:170417,1906
16:09:56:182345,1942
16:09:56:194288,2028
16:09:56:206455,2145
16:09:56:218372,2315
16:09:56:230374,2490
16:09:56:242660,2635
16:09:56:254516,2740
16:09:56:266538,2779
16:09:56:278516,2780
16:09:56:290256,2778
16:09:56:302543,2771
16:09:56:314497,2727
16:09:56:325381,2660
16:09:56:337417,2565
16:09:56:349237,2417
16:09:56:361309,2248
16:09:56:373206,2101
16:09:56:385412,1977
16:09:56:397495,1914
16:09:56:409322,1912
16:09:56:421420,1917
16:09:56:433439,1958
16:09:56:445332,2037
16:09:56:457376,2163
16:09:56:469495,2333
16:09:56:481541,2487
16:09:56:493561,2638
16:09:56:504416,2738
16:09:56:516361,2774
16:09:56:528316,2774
16:09:56:540524,2774
16:09:56:552498,2765
16:09:56:564447,2720
16:09:56:576438,2651
16:09:56:588343,2551
16:09:56:600689,2406
16:09:56:612527,2248
16:09:56:624260,2094
16:09:56:636371,1972
16:09:56:648278,1920
16:09:56:660522,1918
16:09:56:672272,1925
16:09:56:684298,1962
16:09:56:695215,2051
16:09:56:707234,2180
16:09:56:719136,2335
16:09:56:731147,2502
16:09:56:743257,2651
16:09:56:755434,2743
16:09:56:767331,2777
16:09:56:779274,2779
16:09:56:791430,2777
16:09:56:803210,2766
16:09:56:815358,2718
16:09:56:827372,2655
16:09:56:839511,2544
16:09:56:851574,2410
16:09:56:862662,2241
16:09:56:874961,2091
16:09:56:886664,1974
16:09:56:898685,1929
16:09:56:910725,1927
16:09:56:922592,1931
16:09:56:934466,1974
16:09:56:946402,2065
16:09:56:958154,2184
16:09:56:969946,2352
16:09:56:981921,2520
16:09:56:993924,2650
16:09:57:005904,2748
16:09:57:017860,2778
16:09:57:029938,2778
16:09:57:041003,2777
16:09:57:052971,2764
16:09:57:065000,2720
16:09:57:077143,2650
16:09:57:089143,2536
16:09:57:101357,2403
16:09:57:113280,2234
16:09:57:125313,2087
16:09:57:137476,1984
16:09:57:149325,1934
16:09:57:161459,1935
16:09:57:173332,1941
16:09:57:185539,1991
16:09:57:197497,2083
16:09:57:209545,2198
16:09:57:221550,2368
16:09:57:232837,2531
16:09:57:244460,2658
16:09:57:256364,2753
16:09:57:268330,2777
16:09:57:280312,2777
16:09:57:292515,2776
16:09:57:304441,2765
16:09:57:316338,2717
16:09:57:328547,2645
16:09:57:340555,2541
16:09:57:352551,2395
16:09:57:364510,2230
16:09:57:376455,2097
16:09:57:388572,1990
16:09:57:400179,1950
16:09:57:411029,1950
16:09:57:422978,1957
16:09:57:434980,2008
16:09:57:446973,2095
16:09:57:458980,2222
16:09:57:471069,2391
16:09:57:483025,2537
16:09:57:494987,2672
16:09:57:506988,2756
16:09:57:519005,2779
16:09:57:530948,2778
16:09:57:542989,2777
16:09:57:555076,2771
16:09:57:567080,2726
16:09:57:579084,2655
16:09:57:590039,2528
16:09:57:602188,2367
16:09:57:614025,2216
16:09:57:626030,2103
16:09:57:638017,2073
16:09:57:649959,2077
16:09:57:662073,2105
16:09:57:674003,2195
16:09:57:686429,2325
16:09:57:698188,2484
16:09:57:710349,2634
16:09:57:722169,2721
16:09:57:734083,2747
16:09:57:746039,2747
16:09:57:758056,2736
16:09:57:769422,2688
16:09:57:781461,2596
16:09:57:793480,2465
16:09:57:805428,2305
16:09:57:817499,2154
16:09:57:829359,2071
16:09:57:841491,2058
16:09:57:853508,2063
16:09:57:865523,2106
16:09:57:877538,2207
16:09:57:889470,2349
16:09:57:901370,2510
16:09:57:913621,2651
16:09:57:925494,2728
16:09:57:936731,2743
16:09:57:948767,2742
16:09:57:960615,2724
16:09:57:972532,2662
16:09:57:984378,2564
16:09:57:996446,2427
16:09:58:008409,2266
16:09:58:020385,2126
16:09:58:032212,2064
16:09:58:044425,2061
16:09:58:056376,2071
16:09:58:068051,2125
16:09:58:080606,2240
16:09:58:092381,2401
16:09:58:104783,2546
16:09:58:116407,2675
16:09:58:127576,2737
16:09:58:139316,2742
16:09:58:151527,2740
16:09:58:163510,2708
16:09:58:175530,2647
16:09:58:187506,2532
16:09:58:199494,2397
16:09:58:211516,2233
16:09:58:223352,2109
16:09:58:235520,2064
16:09:58:247584,2065
16:09:58:259387,2085
16:09:58:271529,2152
16:09:58:283523,2276
16:09:58:294412,2435
16:09:58:306413,2581
16:09:58:318273,2698
16:09:58:330261,2742
16:09:58:342335,2742
16:09:58:354631,2736
16:09:58:366569,2697
16:09:58:378450,2629
16:09:58:390490,2500
16:09:58:402425,2347
16:09:58:414308,2202
16:09:58:426496,2096
16:09:58:438423,2067
16:09:58:450408,2070
16:09:58:461520,2099
16:09:58:473531,2181
16:09:58:485530,2317
16:09:58:497351,2475
16:09:58:509446,2611
16:09:58:521410,2711
16:09:58:533214,2741
16:09:58:545519,2741
16:09:58:557510,2729
16:09:58:569257,2685
16:09:58:581393,2604
16:09:58:593516,2470
16:09:58:605514,2313
16:09:58:617584,2176
16:09:58:629515,2088
16:09:58:640709,2071
16:09:58:652750,2076
16:09:58:664539,2117
16:09:58:676284,2217
16:09:58:688443,2353
16:09:58:700407,2512
16:09:58:712577,2650
16:09:58:724528,2726
16:09:58:736436,2741
16:09:58:748385,2740
16:09:58:760332,2722
16:09:58:772242,2663
16:09:58:784514,2578
16:09:58:796444,2436
16:09:58:808425,2277
16:09:58:819564,2153
16:09:58:831575,2081
16:09:58:843538,2076
16:09:58:855375,2086
16:09:58:867536,2141
16:09:58:879521,2252
16:09:58:891554,2394
16:09:58:903529,2549
16:09:58:915433,2675
16:09:58:927574,2736
16:09:58:939506,2741
16:09:58:951536,2738
16:09:58:963531,2712
16:09:58:975536,2649
16:09:58:986672,2539
16:09:58:998409,2406
16:09:59:010412,2244
16:09:59:022519,2129
16:09:59:034201,2078
16:09:59:046473,2079
16:09:59:058406,2095
16:09:59:070250,2163
16:09:59:082247,2285
16:09:59:094418,2428
16:09:59:106646,2583
16:09:59:118819,2698
16:09:59:130847,2740
16:09:59:142826,2742
16:09:59:154794,2735
16:09:59:165356,2702
16:09:59:177556,2635
16:09:59:189492,2511
16:09:59:201533,2371
16:09:59:213539,2213
16:09:59:225549,2109
16:09:59:237543,2084
16:09:59:249536,2086
16:09:59:261518,2111
16:09:59:273551,2190
16:09:59:285367,2324
16:09:59:297122,2479
16:09:59:309110,2613
16:09:59:321088,2711
16:09:59:333129,2741
16:09:59:344099,2741
16:09:59:356120,2730
16:09:59:368143,2694
16:09:59:380606,2610
16:09:59:392437,2480
16:09:59:404421,2338
16:09:59:416320,2188
16:09:59:428408,2097
16:09:59:440384,2085
16:09:59:452434,2089
16:09:59:464428,2127
16:09:59:476376,2214
16:09:59:488244,2358
16:09:59:500310,2515
16:09:59:512552,2641
16:09:59:523581,2727
16:09:59:535405,2742
16:09:59:547408,2742
16:09:59:559613,2730
16:09:59:571459,2685
16:09:59:583426,2585
16:09:59:595586,2434
16:09:59:607288,2293
16:09:59:619407,2187
16:09:59:631551,2171
16:09:59:643593,2184
16:09:59:655581,2251
16:09:59:667619,2374
16:09:59:679660,2508
16:09:59:690418,2640
16:09:59:702416,2706
16:09:59:714455,2709
16:09:59:726444,2702
16:09:59:738298,2647
16:09:59:750190,2553
16:09:59:762296,2406
16:09:59:774421,2252
16:09:59:786628,2166
16:09:59:798553,2154
16:09:59:810437,2171
16:09:59:822529,2240
16:09:59:834493,2367
16:09:59:846485,2517
16:09:59:858601,2638
16:09:59:869572,2703
16:09:59:881439,2705
16:09:59:893406,2699
16:09:59:905750,2643
16:09:59:917606,2549
16:09:59:929535,2404
16:09:59:941506,2250
16:09:59:953682,2166
16:09:59:965598,2154
16:09:59:977665,2172
16:09:59:989356,2244
16:10:00:001612,2371
16:10:00:013400,2521
16:10:00:024335,2639
16:10:00:036569,2704
16:10:00:048491,2704
16:10:00:060470,2698
16:10:00:072385,2641
16:10:00:084458,2534
16:10:00:096492,2402
16:10:00:108450,2250
16:10:00:120498,2163
16:10:00:139045,2157
16:10:00:144313,2176
16:10:00:156575,2256
16:10:00:168475,2374
16:10:00:180464,2523
16:10:00:191617,2641
16:10:00:203599,2703
16:10:00:215657,2704
16:10:00:227628,2698
16:10:00:239664,2640
16:10:00:251479,2530
16:10:00:263148,2398
16:10:00:275075,2247
16:10:00:287071,2163
16:10:00:299074,2157
16:10:00:311143,2178
16:10:00:323115,2258
16:10:00:335065,2377
16:10:00:347134,2525
16:10:00:359086,2642
16:10:00:370034,2703
16:10:00:382156,2704
16:10:00:394092,2695
16:10:00:406157,2639
16:10:00:418268,2528
16:10:00:430235,2395
16:10:00:442337,2245
16:10:00:454115,2163
16:10:00:466110,2158
16:10:00:478149,2180
16:10:00:490269,2260
16:10:00:502174,2380
16:10:00:514093,2527
16:10:00:526542,2652
16:10:00:537271,2702
16:10:00:549592,2703
16:10:00:561598,2694
16:10:00:573451,2638
16:10:00:585637,2526
16:10:00:597594,2378
16:10:00:609466,2245
16:10:00:621556,2165
16:10:00:633535,2162
16:10:00:645633,2183
16:10:00:657514,2263
16:10:00:669180,2384
16:10:00:681353,2532
16:10:00:693692,2655
16:10:00:705532,2703
16:10:00:716474,2703
16:10:00:728464,2694
16:10:00:740895,2637
16:10:00:752694,2525
16:10:00:764646,2378
16:10:00:776526,2245
16:10:00:788483,2168
16:10:00:800484,2166
16:10:00:812445,2187
16:10:00:824530,2268
16:10:00:836477,2405
16:10:00:848444,2536
16:10:00:860479,2657
16:10:00:872727,2704
16:10:00:884565,2704
16:10:00:895673,2693
16:10:00:907623,2629
16:10:00:919511,2524
16:10:00:931666,2376
16:10:00:943603,2243
16:10:00:955646,2168
16:10:00:967648,2167
16:10:00:979655,2187
16:10:00:991685,2271
16:10:01:003625,2408
16:10:01:015536,2539
16:10:01:027643,2658
16:10:01:039649,2703
16:10:01:051645,2703
16:10:01:062371,2692
16:10:01:074523,2627
16:10:01:086485,2521
16:10:01:098349,2373
16:10:01:110494,2234
16:10:01:122495,2169
16:10:01:134478,2169
16:10:01:146492,2192
16:10:01:158671,2274
16:10:01:170627,2410
16:10:01:182582,2556
16:10:01:194522,2660
16:10:01:206666,2704
16:10:01:218633,2703
16:10:01:230615,2700
16:10:01:241506,2643
16:10:01:253896,2533
16:10:01:265893,2399
16:10:01:277656,2269
16:10:01:289776,2234
16:10:01:301653,2245
16:10:01:313644,2319
16:10:01:325493,2428
16:10:01:337650,2568
16:10:01:349651,2663
16:10:01:361644,2685
16:10:01:373657,2673
16:10:01:385661,2619
16:10:01:397649,2518
16:10:01:409630,2371
16:10:01:420319,2247
16:10:01:432329,2220
16:10:01:444391,2235
16:10:01:456504,2313
16:10:01:468474,2425
16:10:01:480459,2567
16:10:01:492330,2658
16:10:01:504234,2679
16:10:01:516174,2666
16:10:01:528173,2613
16:10:01:540169,2509
16:10:01:552327,2362
16:10:01:564517,2250
16:10:01:576471,2218
16:10:01:588507,2235
16:10:01:599705,2307
16:10:01:611569,2429
16:10:01:623930,2572
16:10:01:635904,2659
16:10:01:647634,2678
16:10:01:659675,2664
16:10:01:671711,2615
16:10:01:683931,2504
16:10:01:695729,2359
16:10:01:707690,2249
16:10:01:719376,2221
16:10:01:731450,2239
16:10:01:743731,2313
16:10:01:755664,2437
16:10:01:766485,2579
16:10:01:778494,2662
16:10:01:790666,2679
16:10:01:802626,2664
16:10:01:814534,2613
16:10:01:826631,2499
16:10:01:838647,2367
16:10:01:850605,2247
16:10:01:862686,2222
16:10:01:874545,2239
16:10:01:886776,2318
16:10:01:898763,2444
16:10:01:910940,2574
16:10:01:922722,2664
16:10:01:934724,2678
16:10:01:945620,2665
16:10:01:957671,2611
16:10:01:969606,2493
16:10:01:981960,2361
16:10:01:993889,2245
16:10:02:005921,2222
16:10:02:017950,2241
16:10:02:029548,2321
16:10:02:041647,2451
16:10:02:053476,2579
16:10:02:065403,2666
16:10:02:077701,2677
16:10:02:089650,2664
16:10:02:101663,2608
16:10:02:112533,2500
16:10:02:124702,2357
16:10:02:136594,2243
16:10:02:148604,2225
16:10:02:160621,2243
16:10:02:172918,2327
16:10:02:185071,2445
16:10:02:196600,2586
16:10:02:208754,2669
16:10:02:220697,2678
16:10:02:232796,2663
16:10:02:244993,2606
16:10:02:256789,2495
16:10:02:268748,2353
16:10:02:280718,2241
16:10:02:291774,2225
16:10:02:303754,2245
16:10:02:315995,2334
16:10:02:327982,2452
16:10:02:339972,2593
16:10:02:352036,2672
16:10:02:363596,2679
16:10:02:375498,2662
16:10:02:387620,2609
16:10:02:399995,2492
16:10:02:411739,2349
16:10:02:423735,2241
16:10:02:435680,2227
16:10:02:447634,2247
16:10:02:459715,2328
16:10:02:470753,2458
16:10:02:482690,2599
16:10:02:494624,2671
16:10:02:506558,2679
16:10:02:518730,2662
16:10:02:530519,2607
16:10:02:542691,2488
16:10:02:554655,2344
16:10:02:566529,2244
16:10:02:578593,2228
16:10:02:590576,2251
16:10:02:602610,2335
16:10:02:614755,2463
16:10:02:626678,2604
16:10:02:638036,2673
16:10:02:649446,2679
16:10:02:661739,2667
16:10:02:673794,2615
16:10:02:685761,2496
16:10:02:697589,2357
16:10:02:709769,2280
16:10:02:721386,2285
16:10:02:733446,2341
16:10:02:745479,2454
16:10:02:757456,2589
16:10:02:769495,2658
16:10:02:781446,2661
16:10:02:793485,2635
16:10:02:805667,2552
16:10:02:816572,2414
16:10:02:828489,2294
16:10:02:840546,2270
16:10:02:852407,2300
16:10:02:864411,2396
16:10:02:876396,2517
16:10:02:888608,2635
16:10:02:900309,2662
16:10:02:912253,2654
16:10:02:924215,2596
16:10:02:936184,2475
16:10:02:948212,2348
16:10:02:960205,2271
16:10:02:972197,2278
16:10:02:984180,2340
16:10:02:995173,2458
16:10:03:007326,2595
16:10:03:019209,2658
16:10:03:031230,2658
16:10:03:043219,2633
16:10:03:055164,2541
16:10:03:067292,2407
16:10:03:079312,2296
16:10:03:091303,2271
16:10:03:103327,2305
16:10:03:115290,2394
16:10:03:127214,2526
16:10:03:139296,2640
16:10:03:151650,2661
16:10:03:162853,2650
16:10:03:174646,2588
16:10:03:186632,2478
16:10:03:198650,2342
16:10:03:210616,2273
16:10:03:222769,2281
16:10:03:234742,2347
16:10:03:246632,2467
16:10:03:258701,2594
16:10:03:270751,2660
16:10:03:282828,2659
16:10:03:294800,2628
16:10:03:306637,2532
16:10:03:318598,2410
16:10:03:329818,2293
16:10:03:342018,2275
16:10:03:353970,2307
16:10:03:365761,2406
16:10:03:377618,2536
16:10:03:389851,2640
16:10:03:401756,2661
16:10:03:413749,2648
16:10:03:425434,2591
16:10:03:437785,2468
16:10:03:449762,2336
16:10:03:461813,2275
16:10:03:474057,2285
16:10:03:485614,2355
16:10:03:497779,2467
16:10:03:509774,2603
16:10:03:520587,2661
16:10:03:532456,2659
16:10:03:544616,2623
16:10:03:556585,2525
16:10:03:568450,2404
16:10:03:580773,2287
16:10:03:592657,2276
16:10:03:604687,2312
16:10:03:616637,2412
16:10:03:628639,2535
16:10:03:640741,2644
16:10:03:652774,2661
16:10:03:664745,2649
16:10:03:676824,2584
16:10:03:687988,2460
16:10:03:699576,2339
16:10:03:711810,2276
16:10:03:723697,2288
16:10:03:735796,2355
16:10:03:747700,2480
16:10:03:759801,2610
16:10:03:771778,2662
16:10:03:783769,2659
16:10:03:795796,2618
16:10:03:807773,2528
16:10:03:819949,2395
16:10:03:832002,2287
16:10:03:844013,2279
16:10:03:856035,2320
16:10:03:867800,2421
16:10:03:878664,2550
16:10:03:890676,2652
16:10:03:902936,2662
16:10:03:914801,2660
16:10:03:926782,2615
16:10:03:938774,2518
16:10:03:950713,2384
16:10:03:962702,2321
16:10:03:974578,2337
16:10:03:986662,2417
16:10:03:998614,2548
16:10:04:010537,2642
16:10:04:022551,2656
16:10:04:034396,2628
16:10:04:045937,2544
16:10:04:057753,2411
16:10:04:069484,2318
16:10:04:081800,2320
16:10:04:093686,2380
16:10:04:105581,2501
16:10:04:117479,2615
16:10:04:129800,2656
16:10:04:141573,2639
16:10:04:153724,2572
16:10:04:165696,2449
16:10:04:177624,2333
16:10:04:253965,2314
16:10:04:261923,2353
16:10:04:262397,2452
16:10:04:262748,2584
16:10:04:262978,2654
16:10:04:263199,2646
16:10:04:263412,2600
16:10:04:272404,2488
16:10:04:284386,2367
16:10:04:296367,2313
16:10:04:308330,2334
16:10:04:320570,2414
16:10:04:332575,2547
16:10:04:344586,2644
16:10:04:356572,2651
16:10:04:368599,2618
16:10:04:380615,2525
16:10:04:391820,2407
16:10:04:403856,2316
16:10:04:415822,2322
16:10:04:427800,2383
16:10:04:439704,2507
16:10:04:451699,2630
16:10:04:463833,2656
16:10:04:476051,2638
16:10:04:488139,2569
16:10:04:500020,2444
16:10:04:511896,2331
16:10:04:524049,2315
16:10:04:535875,2356
16:10:04:547844,2466
16:10:04:558723,2592
16:10:04:570584,2655
16:10:04:582729,2645
16:10:04:594639,2598
16:10:04:606636,2485
16:10:04:618730,2355
16:10:04:630599,2314
16:10:04:642608,2338
16:10:04:654726,2429
16:10:04:666751,2554
16:10:04:678648,2648
16:10:04:690594,2651
16:10:04:702661,2617
16:10:04:714722,2523
16:10:04:726721,2391
16:10:04:737864,2316
16:10:04:749657,2323
16:10:04:761898,2401
16:10:04:773910,2514
16:10:04:785863,2634
16:10:04:797858,2657
16:10:04:810093,2638
16:10:04:822105,2559
16:10:04:833867,2441
16:10:04:845882,2329
16:10:04:858144,2317
16:10:04:870006,2360
16:10:04:882109,2475
16:10:04:894095,2607
16:10:04:906139,2658
16:10:04:916990,2647
16:10:04:928569,2592
16:10:04:940651,2484
16:10:04:952479,2355
16:10:04:964490,2316
16:10:04:976648,2342
16:10:04:988740,2437
16:10:05:000650,2573
16:10:05:012531,2654
16:10:05:024604,2656
16:10:05:036618,2639
16:10:05:048610,2564
16:10:05:060881,2433
16:10:05:072673,2352
16:10:05:084766,2362
16:10:05:095905,2449
16:10:05:107800,2568
16:10:05:119684,2654
16:10:05:131800,2645
16:10:05:143765,2596
16:10:05:156015,2477
16:10:05:167863,2358
16:10:05:180102,2343
16:10:05:192056,2403
16:10:05:204107,2522
16:10:05:216141,2632
16:10:05:227523,2651
16:10:05:239571,2613
16:10:05:251868,2524
16:10:05:263888,2396
16:10:05:274664,2340
16:10:05:286623,2364
16:10:05:298701,2466
16:10:05:310605,2592
16:10:05:322717,2652
16:10:05:334956,2636
16:10:05:346735,2568
16:10:05:358650,2442
16:10:05:370729,2344
16:10:05:382633,2347
16:10:05:394749,2418
16:10:05:406655,2551
16:10:05:418663,2641
16:10:05:430477,2644
16:10:05:441324,2598
16:10:05:453308,2493
16:10:05:465314,2370
16:10:05:477313,2339
16:10:05:489380,2381
16:10:05:501369,2494
16:10:05:513369,2620
16:10:05:525413,2651
16:10:05:537298,2622
16:10:05:549341,2532
16:10:05:561396,2413
16:10:05:573368,2340
16:10:05:585296,2358
16:10:05:597538,2445
16:10:05:608592,2578
16:10:05:620336,2650
16:10:05:632384,2640
16:10:05:644370,2574
16:10:05:656341,2462
16:10:05:668435,2350
16:10:05:680372,2343
16:10:05:692302,2405
16:10:05:704357,2525
16:10:05:716384,2637
16:10:05:728538,2647
16:10:05:740553,2607
16:10:05:752595,2501
16:10:05:764579,2385
16:10:05:776563,2337
16:10:05:787684,2374
16:10:05:799588,2472
16:10:05:811617,2604
16:10:05:823666,2650
16:10:05:835657,2632
16:10:05:847600,2552
16:10:05:859615,2421
16:10:05:871598,2341
16:10:05:883604,2350
16:10:05:893563,2415
16:10:05:905640,2533
16:10:05:917639,2640
16:10:05:929592,2644
16:10:05:941629,2605
16:10:05:953641,2495
16:10:05:964576,2380
16:10:05:976589,2340
16:10:05:988527,2379
16:10:06:000577,2483
16:10:06:012539,2610
16:10:06:024384,2652
16:10:06:036357,2642
16:10:06:048326,2577
16:10:06:060367,2455
16:10:06:072456,2372
16:10:06:084423,2387
16:10:06:096547,2486
16:10:06:108619,2603
16:10:06:120587,2648
16:10:06:131629,2614
16:10:06:143657,2528
16:10:06:155602,2406
16:10:06:167640,2360
16:10:06:179592,2408
16:10:06:191651,2524
16:10:06:203667,2635
16:10:06:215638,2640
16:10:06:227493,2587
16:10:06:239503,2481
16:10:06:251494,2370
16:10:06:263641,2367
16:10:06:275651,2439
16:10:06:287660,2570
16:10:06:299668,2644
16:10:06:310595,2631
16:10:06:322586,2550
16:10:06:334521,2422
16:10:06:346566,2356
16:10:06:358548,2385
16:10:06:370590,2492
16:10:06:382543,2609
16:10:06:394529,2642
16:10:06:406589,2602
16:10:06:418584,2504
16:10:06:430560,2385
16:10:06:442490,2358
16:10:06:454524,2414
16:10:06:466577,2540
16:10:06:477618,2636
16:10:06:489599,2636
16:10:06:501621,2570
16:10:06:513635,2458
16:10:06:525569,2360
16:10:06:537626,2372
16:10:06:549621,2455
16:10:06:561584,2585
16:10:06:573453,2642
16:10:06:585631,2618
16:10:06:597620,2531
16:10:06:609572,2408
16:10:06:621594,2357
16:10:06:633617,2399
16:10:06:645621,2510
16:10:06:656618,2620
16:10:06:668560,2640
16:10:06:680559,2591
16:10:06:692629,2488
16:10:06:704528,2374
16:10:06:716565,2363
16:10:06:728587,2430
16:10:06:740489,2559
16:10:06:752567,2641
16:10:06:764467,2632
16:10:06:776510,2556
16:10:06:788657,2430
16:10:06:800533,2357
16:10:06:812604,2380
16:10:06:823568,2472
16:10:06:835638,2602
16:10:06:847696,2642
16:10:06:859601,2611
16:10:06:871662,2515
16:10:06:883660,2393
16:10:06:895681,2357
16:10:06:907612,2410
16:10:06:919696,2529
16:10:06:931618,2632
16:10:06:943631,2639
16:10:06:955640,2613
16:10:06:967664,2529
16:10:06:979640,2413
16:10:06:991657,2394
16:10:07:002607,2459
16:10:07:014611,2587
16:10:07:026617,2643
16:10:07:038585,2613
16:10:07:050598,2516
16:10:07:062548,2409
16:10:07:074499,2381
16:10:07:086391,2458
16:10:07:098458,2575
16:10:07:110513,2640
16:10:07:122393,2607
16:10:07:134374,2517
16:10:07:146509,2403
16:10:07:158566,2381
16:10:07:169474,2453
16:10:07:181613,2579
16:10:07:193435,2639
16:10:07:205528,2608
16:10:07:217569,2508
16:10:07:229669,2394
16:10:07:241662,2378
16:10:07:253664,2457
16:10:07:265623,2584
16:10:07:277634,2638
16:10:07:289620,2604
16:10:07:301686,2499
16:10:07:313668,2397
16:10:07:325636,2380
16:10:07:337638,2461
16:10:07:348575,2579
16:10:07:360615,2638
16:10:07:372626,2605
16:10:07:384596,2503
16:10:07:396596,2392
16:10:07:408496,2378
16:10:07:420688,2458
16:10:07:432636,2586
16:10:07:444577,2638
16:10:07:456630,2603
16:10:07:468589,2496
16:10:07:480630,2393
16:10:07:492645,2379
16:10:07:504624,2462
16:10:07:515682,2581
16:10:07:527698,2638
16:10:07:539702,2600
16:10:07:551646,2500
16:10:07:563716,2389
16:10:07:575557,2379
16:10:07:587655,2459
16:10:07:599616,2588
16:10:07:611671,2638
16:10:07:623672,2601
16:10:07:635711,2494
16:10:07:647639,2392
16:10:07:659635,2381
16:10:07:671734,2464
16:10:07:683678,2583
16:10:07:694657,2638
16:10:07:706609,2599
16:10:07:718688,2497
16:10:07:730662,2388
16:10:07:742581,2384
16:10:07:754702,2461
16:10:07:766716,2592
16:10:07:778524,2639
16:10:07:790653,2621
16:10:07:802507,2545
16:10:07:828622,2428
16:10:07:829850,2408
16:10:07:838660,2482
16:10:07:850647,2597
16:10:07:861701,2639
16:10:07:873662,2584
16:10:07:885616,2466
16:10:07:897733,2397
16:10:07:909727,2428
16:10:07:921673,2535
16:10:07:933665,2633
16:10:07:945723,2612
16:10:07:957904,2527
16:10:07:969732,2413
16:10:07:981624,2405
16:10:07:993604,2480
16:10:08:005593,2602
16:10:08:017762,2631
16:10:08:028697,2571
16:10:08:040706,2456
16:10:08:052653,2391
16:10:08:064674,2431
16:10:08:076727,2552
16:10:08:088705,2634
16:10:08:100542,2607
16:10:08:112570,2507
16:10:08:124753,2408
16:10:08:136646,2406
16:10:08:148758,2494
16:10:08:160669,2606
16:10:08:172666,2627
16:10:08:184701,2558
16:10:08:196745,2448
16:10:08:207574,2391
16:10:08:219450,2445
16:10:08:231466,2559
16:10:08:243502,2633
16:10:08:255577,2598
16:10:08:267583,2497
16:10:08:279521,2398
16:10:08:291438,2410
16:10:08:303446,2500
16:10:08:315477,2616
16:10:08:327498,2617
16:10:08:339497,2551
16:10:08:351525,2429
16:10:08:363508,2390
16:10:08:374553,2452
16:10:08:386482,2576
16:10:08:398542,2633
16:10:08:410582,2592
16:10:08:422448,2482
16:10:08:434541,2393
16:10:08:446511,2412
16:10:08:458439,2522
16:10:08:470649,2621
16:10:08:482547,2615
16:10:08:494706,2533
16:10:08:506679,2423
16:10:08:518699,2392
16:10:08:530631,2468
16:10:08:542676,2585
16:10:08:553729,2634
16:10:08:565712,2599
16:10:08:577699,2499
16:10:08:589700,2413
16:10:08:601742,2447
16:10:08:613746,2555
16:10:08:625708,2633
16:10:08:637705,2600
16:10:08:649708,2493
16:10:08:661777,2409
16:10:08:673697,2442
16:10:08:685725,2552
16:10:08:697736,2630
16:10:08:709710,2597
16:10:08:720614,2489
16:10:08:732718,2409
16:10:08:744695,2434
16:10:08:756587,2554
16:10:08:768645,2628
16:10:08:780668,2595
16:10:08:792727,2486
16:10:08:804682,2407
16:10:08:816717,2433
16:10:08:828707,2554
16:10:08:840718,2626
16:10:08:852682,2591
16:10:08:864685,2482
16:10:08:876741,2406
16:10:08:888685,2434
16:10:08:899721,2555
16:10:08:911765,2626
16:10:08:923774,2589
16:10:08:935718,2480
16:10:08:947784,2407
16:10:08:959724,2437
16:10:08:971791,2559
16:10:08:983771,2626
16:10:08:995743,2587
16:10:09:007734,2477
16:10:09:019796,2407
16:10:09:031584,2439
16:10:09:043776,2561
16:10:09:055827,2626
16:10:09:066603,2585
16:10:09:078669,2475
16:10:09:090719,2407
16:10:09:102727,2442
16:10:09:114604,2564
16:10:09:126732,2626
16:10:09:138706,2582
16:10:09:150690,2471
16:10:09:162736,2406
16:10:09:174692,2444
16:10:09:186690,2557
16:10:09:198743,2626
16:10:09:210745,2580
16:10:09:222760,2480
16:10:09:233702,2406
16:10:09:245744,2447
16:10:09:257763,2559
16:10:09:269725,2626
16:10:09:281820,2610
16:10:09:293777,2537
16:10:09:305764,2435
16:10:09:317838,2451
16:10:09:329749,2550
16:10:09:341655,2629
16:10:09:353665,2584
16:10:09:380370,2484
16:10:09:380691,2418
16:10:09:389594,2471
16:10:09:400560,2593
16:10:09:412540,2617
16:10:09:424549,2549
16:10:09:436559,2436
16:10:09:448677,2428
16:10:09:460705,2519
16:10:09:472657,2616
16:10:09:484640,2598
16:10:09:496773,2497
16:10:09:508712,2415
16:10:09:520869,2458
16:10:09:532655,2568
16:10:09:544885,2620
16:10:09:556847,2559
16:10:09:567660,2452
16:10:09:579892,2415
16:10:09:591991,2501
16:10:09:604093,2607
16:10:09:616068,2604
16:10:09:627669,2510
16:10:09:639566,2417
16:10:09:651542,2437
16:10:09:663592,2544
16:10:09:675542,2619
16:10:09:687923,2573
16:10:09:699973,2461
16:10:09:712127,2413
16:10:09:724114,2481
16:10:09:734891,2592
16:10:09:746801,2613
16:10:09:758923,2531
16:10:09:770900,2430
16:10:09:782899,2427
16:10:09:794908,2530
16:10:09:806899,2615
16:10:09:819103,2593
16:10:09:831133,2484
16:10:09:843129,2414
16:10:09:855069,2460
16:10:09:867197,2581
16:10:09:878951,2618
16:10:09:890929,2553
16:10:09:901878,2448
16:10:09:914089,2417
16:10:09:926134,2509
16:10:09:938057,2613
16:10:09:950072,2613
16:10:09:962084,2562
16:10:09:974053,2462
16:10:09:986090,2450
16:10:09:998320,2549
16:10:10:010439,2623
16:10:10:022378,2582
16:10:10:033681,2471
16:10:10:046106,2430
16:10:10:058159,2507
16:10:10:069704,2612
16:10:10:081098,2599
16:10:10:092873,2493
16:10:10:104872,2426
16:10:10:117106,2477
16:10:10:128999,2595
16:10:10:141445,2605
16:10:10:152678,2523
16:10:10:164709,2427
16:10:10:176820,2457
16:10:10:188964,2566
16:10:10:200981,2613
16:10:10:212975,2552
16:10:10:224931,2440
16:10:10:236863,2437
16:10:10:248168,2532
16:10:10:259836,2613
16:10:10:272424,2568
16:10:10:284369,2463
16:10:10:296376,2423
16:10:10:308236,2511
16:10:10:320220,2607
16:10:10:332120,2591
16:10:10:344148,2484
16:10:10:356099,2424
16:10:10:368164,2483
16:10:10:380118,2599
16:10:10:392112,2604
16:10:10:404151,2513
16:10:10:414955,2424
16:10:10:426946,2456
16:10:10:438954,2572
16:10:10:450935,2613
16:10:10:462996,2542
16:10:10:474964,2434
16:10:10:487003,2437
16:10:10:498992,2542
16:10:10:511157,2613
16:10:10:522899,2568
16:10:10:534880,2458
16:10:10:546966,2428
16:10:10:558940,2510
16:10:10:570677,2610
16:10:10:582356,2593
16:10:10:594378,2496
16:10:10:606073,2436
16:10:10:618408,2503
16:10:10:630143,2603
16:10:10:641985,2588
16:10:10:653885,2483
16:10:10:665673,2433
16:10:10:678114,2507
16:10:10:690117,2604
16:10:10:702162,2583
16:10:10:714048,2475
16:10:10:726110,2432
16:10:10:738139,2512
16:10:10:748893,2608
16:10:10:760957,2578
16:10:10:772726,2468
16:10:10:784701,2433
16:10:10:796996,2518
16:10:10:809013,2608
16:10:10:820893,2566
16:10:10:832902,2463
16:10:10:844900,2436
16:10:10:857021,2533
16:10:10:868997,2609
16:10:10:880974,2562
16:10:10:892970,2454
16:10:10:905159,2438
16:10:10:916157,2539
16:10:10:928147,2609
16:10:10:939866,2557
16:10:10:952393,2450
16:10:10:963697,2441
16:10:10:975619,2545
16:10:10:987584,2608
16:10:10:999569,2551
16:10:11:011575,2445
16:10:11:023574,2452
16:10:11:035684,2551
16:10:11:047665,2609
16:10:11:059539,2537
16:10:11:071632,2442
16:10:11:082657,2455
16:10:11:094551,2565
16:10:11:106638,2608
16:10:11:118633,2531
16:10:11:130547,2434
16:10:11:142542,2458
16:10:11:154627,2571
16:10:11:166545,2608
16:10:11:178548,2559
16:10:11:190536,2459
16:10:11:202672,2463
16:10:11:214549,2571
16:10:11:226902,2605
16:10:11:238997,2524
16:10:11:250163,2443
16:10:11:262152,2493
16:10:11:274179,2597
16:10:11:286039,2582
16:10:11:298167,2477
16:10:11:310254,2440
16:10:11:322154,2529
16:10:11:334201,2605
16:10:11:346141,2552
16:10:11:358172,2450
16:10:11:369701,2462
16:10:11:381996,2565
16:10:11:393928,2600
16:10:11:406196,2517
16:10:11:418168,2437
16:10:11:428981,2492
16:10:11:440970,2595
16:10:11:452929,2577
16:10:11:464998,2472
16:10:11:476965,2439
16:10:11:489118,2530
16:10:11:501110,2604
16:10:11:513044,2548
16:10:11:525009,2447
16:10:11:537076,2463
16:10:11:549013,2567
16:10:11:561051,2599
16:10:11:572896,2502
16:10:11:584998,2437
16:10:11:595881,2494
16:10:11:608190,2600
16:10:11:620050,2575
16:10:11:632155,2469
16:10:11:644152,2439
16:10:11:656174,2532
16:10:11:668168,2604
16:10:11:680030,2546
16:10:11:691748,2445
16:10:11:704092,2463
16:10:11:716197,2569
16:10:11:727959,2602
16:10:11:739997,2530
16:10:11:751797,2454
16:10:11:763008,2492
16:10:11:775024,2599
16:10:11:787038,2576
16:10:11:799025,2470
16:10:11:811160,2457
16:10:11:823049,2551
16:10:11:835057,2599
16:10:11:847012,2504
16:10:11:859020,2442
16:10:11:871054,2503
16:10:11:883016,2597
16:10:11:894985,2555
16:10:11:907051,2453
16:10:11:919602,2460
16:10:11:929715,2567
16:10:11:942034,2582
16:10:11:954115,2492
16:10:11:966094,2441
16:10:11:978198,2525
16:10:11:990189,2597
16:10:12:002180,2533
16:10:12:014172,2443
16:10:12:026181,2475
16:10:12:037755,2583
16:10:12:049859,2569
16:10:12:061895,2474
16:10:12:074071,2447
16:10:12:086000,2549
16:10:12:097026,2598
16:10:12:109018,2514
16:10:12:121146,2440
16:10:12:133199,2492
16:10:12:145167,2595
16:10:12:157015,2555
16:10:12:168723,2458
16:10:12:180873,2460
16:10:12:193029,2559
16:10:12:205098,2590
16:10:12:217086,2492
16:10:12:229040,2440
16:10:12:241168,2516
16:10:12:253083,2598
16:10:12:264873,2557
16:10:12:276172,2459
16:10:12:288625,2479
16:10:12:300479,2576
16:10:12:312458,2569
16:10:12:324486,2468
16:10:12:336086,2458
16:10:12:348192,2563
16:10:12:360166,2580
16:10:12:372178,2490
16:10:12:384183,2450
16:10:12:396111,2546
16:10:12:408239,2595
16:10:12:420108,2505
16:10:12:432201,2448
16:10:12:443100,2517
16:10:12:454723,2594
16:10:12:466835,2524
16:10:12:479085,2448
16:10:12:491052,2496
16:10:12:503193,2590
16:10:12:515088,2549
16:10:12:527123,2452
16:10:12:539070,2474
16:10:12:551180,2580
16:10:12:563088,2563
16:10:12:575230,2466
16:10:12:587084,2461
16:10:12:599194,2567
16:10:12:609951,2579
16:10:12:622239,2483
16:10:12:634251,2448
16:10:12:646047,2543
16:10:12:658124,2591
16:10:12:670122,2506
16:10:12:682246,2447
16:10:12:694244,2524
16:10:12:706188,2593
16:10:12:718027,2524
16:10:12:730265,2446
16:10:12:742232,2494
16:10:12:754007,2590
16:10:12:766220,2574
16:10:12:776906,2491
16:10:12:788982,2467
16:10:12:801180,2568
16:10:12:813033,2584
16:10:12:825128,2488
16:10:12:837066,2466
16:10:12:849187,2562
16:10:12:861182,2579
16:10:12:873201,2484
16:10:12:885219,2462
16:10:12:897231,2565
16:10:12:909211,2575
16:10:12:921436,2487
16:10:12:933175,2465
16:10:12:944299,2561
16:10:12:956122,2579
16:10:12:967809,2483
16:10:12:979958,2462
16:10:12:992140,2565
16:10:13:004216,2575
16:10:13:016206,2487
16:10:13:028284,2465
16:10:13:040276,2568
16:10:13:052131,2578
16:10:13:064329,2483
16:10:13:076256,2469
16:10:13:088289,2565
16:10:13:100277,2574
16:10:13:111012,2479
16:10:13:122994,2465
16:10:13:135070,2568
16:10:13:146995,2571
16:10:13:158931,2482
16:10:13:171188,2468
16:10:13:183239,2564
16:10:13:195211,2575
16:10:13:207271,2479
16:10:13:219269,2464
16:10:13:231283,2567
16:10:13:243103,2586
16:10:13:255258,2531
16:10:13:267209,2468
16:10:13:277967,2539
16:10:13:290174,2594
16:10:13:302157,2511
16:10:13:314247,2465
16:10:13:326241,2550
16:10:13:338241,2582
16:10:13:349997,2488
16:10:13:362256,2470
16:10:13:374320,2569
16:10:13:386289,2564
16:10:13:398097,2476
16:10:13:410269,2487
16:10:13:422308,2576
16:10:13:434248,2553
16:10:13:444792,2460
16:10:13:456928,2495
16:10:13:469065,2585
16:10:13:481075,2528
16:10:13:492988,2460
16:10:13:505055,2522
16:10:13:516999,2586
16:10:13:528996,2514
16:10:13:541241,2460
16:10:13:553263,2546
16:10:13:564869,2582
16:10:13:576750,2491
16:10:13:588707,2466
16:10:13:599690,2559
16:10:13:611693,2567
16:10:13:623652,2480
16:10:13:635707,2478
16:10:13:647850,2575
16:10:13:659754,2556
16:10:13:671736,2462
16:10:13:683687,2494
16:10:13:695728,2581
16:10:13:707816,2558
16:10:13:719793,2469
16:10:13:731743,2495
16:10:13:743783,2584
16:10:13:755878,2534
16:10:13:766715,2464
16:10:13:778758,2534
16:10:13:790671,2577
16:10:13:802721,2492
16:10:13:814716,2473
16:10:13:826660,2563
16:10:13:839023,2555
16:10:13:850972,2464
16:10:13:862977,2495
16:10:13:874991,2580
16:10:13:887003,2517
16:10:13:898839,2461
16:10:13:910830,2538
16:10:13:921963,2573
16:10:13:934228,2487
16:10:13:946330,2477
16:10:13:958231,2567
16:10:13:970208,2551
16:10:13:982255,2461
16:10:13:994275,2499
16:10:14:006216,2580
16:10:14:018270,2511
16:10:14:029990,2462
16:10:14:042017,2545
16:10:14:054015,2569
16:10:14:065976,2483
16:10:14:078026,2481
16:10:14:089087,2574
16:10:14:101040,2546
16:10:14:113068,2460
16:10:14:125090,2517
16:10:14:137026,2581
16:10:14:149256,2552
16:10:14:161036,2474
16:10:14:173053,2505
16:10:14:185047,2583
16:10:14:197015,2510
16:10:14:209041,2469
16:10:14:221020,2559
16:10:14:233007,2561
16:10:14:244256,2473
16:10:14:256425,2504
16:10:14:268273,2577
16:10:14:280077,2508
16:10:14:291996,2467
16:10:14:304291,2554
16:10:14:316256,2555
16:10:14:328036,2468
16:10:14:339847,2500
16:10:14:351818,2577
16:10:14:363927,2502
16:10:14:376022,2465
16:10:14:388291,2558
16:10:14:400017,2557
16:10:14:411300,2469
16:10:14:423109,2506
16:10:14:435116,2577
16:10:14:447329,2505
16:10:14:459425,2467
16:10:14:471266,2555
16:10:14:483046,2553
16:10:14:495136,2466
16:10:14:507149,2501
16:10:14:519141,2577
16:10:14:530996,2498
16:10:14:542965,2465
16:10:14:555301,2559
16:10:14:566985,2567
16:10:14:578180,2507
16:10:14:590191,2476
16:10:14:602202,2561
16:10:14:614204,2548
16:10:14:626211,2470
16:10:14:638159,2524
16:10:14:650121,2573
16:10:14:661971,2482
16:10:14:674045,2490
16:10:14:686105,2574
16:10:14:698383,2511
16:10:14:710046,2467
16:10:14:722036,2556
16:10:14:733296,2546
16:10:14:745273,2470
16:10:14:757127,2522
16:10:14:769032,2572
16:10:14:781260,2489
16:10:14:793380,2490
16:10:14:805160,2571
16:10:14:817245,2522
16:10:14:829430,2467
16:10:14:841304,2547
16:10:14:853111,2553
16:10:14:865035,2469
16:10:14:877127,2508
16:10:14:889156,2574
16:10:14:900317,2490
16:10:14:912334,2480
16:10:14:924245,2570
16:10:14:936307,2524
16:10:14:948297,2466
16:10:14:960533,2545
16:10:14:972438,2567
16:10:14:984344,2489
16:10:14:996200,2493
16:10:15:008252,2570
16:10:15:020460,2505
16:10:15:032112,2478
16:10:15:044137,2564
16:10:15:056178,2531
16:10:15:067086,2471
16:10:15:079475,2547
16:10:15:091338,2550
16:10:15:103455,2472
16:10:15:115586,2524
16:10:15:127654,2568
16:10:15:139339,2479
16:10:15:151304,2499
16:10:15:163229,2572
16:10:15:174958,2493
16:10:15:187249,2484
16:10:15:199405,2571
16:10:15:211454,2515
16:10:15:223443,2473
16:10:15:234721,2559
16:10:15:246472,2538
16:10:15:258545,2472
16:10:15:270458,2540
16:10:15:282194,2565
16:10:15:294238,2476
16:10:15:306345,2516
16:10:15:318374,2573
16:10:15:330320,2490
16:10:15:342365,2494
16:10:15:354454,2572
16:10:15:366303,2534
16:10:15:378304,2473
16:10:15:390286,2540
16:10:15:401502,2546
16:10:15:413395,2474
16:10:15:425435,2530
16:10:15:437404,2558
16:10:15:449477,2477
16:10:15:461427,2522
16:10:15:473487,2567
16:10:15:485311,2481
16:10:15:497739,2512
16:10:15:509595,2570
16:10:15:521713,2492
16:10:15:533136,2503
16:10:15:545476,2572
16:10:15:556983,2497
16:10:15:568083,2494
16:10:15:579891,2572
16:10:15:592474,2508
16:10:15:604543,2488
16:10:15:616534,2572
16:10:15:628479,2520
16:10:15:640490,2482
16:10:15:652663,2569
16:10:15:664012,2530
16:10:15:676462,2480
16:10:15:688243,2563
16:10:15:700319,2539
16:10:15:712442,2480
16:10:15:724656,2557
16:10:15:735456,2561
16:10:15:747497,2482
16:10:15:759375,2512
16:10:15:771421,2566
16:10:15:783018,2484
16:10:15:795347,2515
16:10:15:807524,2566
16:10:15:819436,2484
16:10:15:831513,2517
16:10:15:843417,2567
16:10:15:855487,2485
16:10:15:867667,2519
16:10:15:879230,2567
16:10:15:891517,2486
16:10:15:902509,2521
16:10:15:914757,2567
16:10:15:926624,2485
16:10:15:938109,2522
16:10:15:950247,2567
16:10:15:962267,2488
16:10:15:974301,2523
16:10:15:986274,2566
16:10:15:998563,2488
16:10:16:010761,2524
16:10:16:022290,2566
16:10:16:034165,2488
16:10:16:046288,2525
16:10:16:057295,2566
16:10:16:069127,2487
16:10:16:081413,2526
16:10:16:093464,2571
16:10:16:105456,2515
16:10:16:117519,2493
16:10:16:129525,2569
16:10:16:141496,2505
16:10:16:153516,2503
16:10:16:165502,2569
16:10:16:177495,2495
16:10:16:189456,2515
16:10:16:201483,2567
16:10:16:213535,2491
16:10:16:224180,2524
16:10:16:235923,2566
16:10:16:247900,2487
16:10:16:259889,2534
16:10:16:271876,2559
16:10:16:284027,2486
16:10:16:296099,2547
16:10:16:307963,2547
16:10:16:319921,2485
16:10:16:331995,2555
16:10:16:343860,2537
16:10:16:355967,2486
16:10:16:367847,2563
16:10:16:379935,2528
16:10:16:390920,2488
16:10:16:402936,2566
16:10:16:414925,2518
16:10:16:426893,2492
16:10:16:438930,2567
16:10:16:450859,2538
16:10:16:462978,2485
16:10:16:474896,2552
16:10:16:487238,2526
16:10:16:499527,2491
16:10:16:511291,2564
16:10:16:523502,2506
16:10:16:535354,2505
16:10:16:547454,2565
16:10:16:558419,2492
16:10:16:570131,2524
16:10:16:582451,2561
16:10:16:594386,2487
16:10:16:606320,2544
16:10:16:618512,2541
16:10:16:630288,2487
16:10:16:642130,2554
16:10:16:654072,2524
16:10:16:666525,2491
16:10:16:678547,2564
16:10:16:690274,2503
16:10:16:702319,2508
16:10:16:713412,2565
16:10:16:725240,2491
16:10:16:737212,2525
16:10:16:749289,2559
16:10:16:761428,2487
16:10:16:773578,2546
16:10:16:785238,2557
16:10:16:797294,2486
16:10:16:809364,2533
16:10:16:821439,2547
16:10:16:833431,2490
16:10:16:845437,2557
16:10:16:857285,2522
16:10:16:869201,2495
16:10:16:880242,2563
16:10:16:892111,2495
16:10:16:904184,2523
16:10:16:916149,2557
16:10:16:928158,2489
16:10:16:940271,2549
16:10:16:952295,2531
16:10:16:964270,2490
16:10:16:976201,2562
16:10:16:988144,2505
16:10:17:000179,2511
16:10:17:012190,2559
16:10:17:024182,2489
16:10:17:036243,2537
16:10:17:047405,2534
16:10:17:059352,2489
16:10:17:071295,2558
16:10:17:083257,2508
16:10:17:095675,2497
16:10:17:107516,2562
16:10:17:119453,2530
16:10:17:131357,2486
16:10:17:143690,2556
16:10:17:155436,2512
16:10:17:167455,2507
16:10:17:179439,2557
16:10:17:191088,2490
16:10:17:202939,2540
16:10:17:213934,2527
16:10:17:225931,2491
16:10:17:237897,2559
16:10:17:249931,2494
16:10:17:261903,2518
16:10:17:274003,2549
16:10:17:286022,2490
16:10:17:298141,2550
16:10:17:310375,2517
16:10:17:322150,2501
16:10:17:334079,2560
16:10:17:346135,2491
16:10:17:358302,2527
16:10:17:370711,2537
16:10:17:381746,2490
16:10:17:393305,2556
16:10:17:405453,2504
16:10:17:417694,2514
16:10:17:429798,2558
16:10:17:441523,2512
16:10:17:453661,2496
16:10:17:465714,2557
16:10:17:477725,2492
16:10:17:489715,2539
16:10:17:501586,2530
16:10:17:513555,2492
16:10:17:525525,2558
16:10:17:536399,2494
16:10:17:548430,2529
16:10:17:560355,2531
16:10:17:572233,2491
16:10:17:584284,2558
16:10:17:596300,2499
16:10:17:608300,2522
16:10:17:620335,2541
16:10:17:632150,2491
16:10:17:644265,2555
16:10:17:656205,2501
16:10:17:668318,2514
16:10:17:680294,2551
16:10:17:692331,2492
16:10:17:704301,2551
16:10:17:715470,2511
16:10:17:727457,2513
16:10:17:739482,2558
16:10:17:751245,2507
16:10:17:762996,2504
16:10:17:774967,2555
16:10:17:787019,2492
16:10:17:798979,2549
16:10:17:811293,2511
16:10:17:823336,2518
16:10:17:835316,2553
16:10:17:847468,2492
16:10:17:859488,2555
16:10:17:870483,2506
16:10:17:882297,2521
16:10:17:894576,2540
16:10:17:906687,2493
16:10:17:918724,2556
16:10:17:930688,2495
16:10:17:942163,2524
16:10:17:954190,2535
16:10:17:966218,2494
16:10:17:978342,2557
16:10:17:990333,2494
16:10:18:002316,2536
16:10:18:014304,2531
16:10:18:026316,2494
16:10:18:037210,2557
16:10:18:049463,2510
16:10:18:061368,2511
16:10:18:073375,2551
16:10:18:085488,2493
16:10:18:097337,2555
16:10:18:109471,2498
16:10:18:121716,2528
16:10:18:133703,2528
16:10:18:145581,2494
16:10:18:157726,2557
16:10:18:169741,2493
16:10:18:181758,2546
16:10:18:193658,2516
16:10:18:204805,2511
16:10:18:216748,2551
16:10:18:228298,2494
16:10:18:240192,2555
16:10:18:252240,2497
16:10:18:264090,2533
16:10:18:276480,2532
16:10:18:288464,2496
16:10:18:300363,2557
16:10:18:312330,2494
16:10:18:324324,2549
16:10:18:336285,2523
16:10:18:348291,2502
16:10:18:359292,2552
16:10:18:371482,2494
16:10:18:383488,2554
16:10:18:395504,2496
16:10:18:407452,2538
16:10:18:419503,2525
16:10:18:431490,2508
16:10:18:443485,2551
16:10:18:455483,2495
16:10:18:467652,2556
16:10:18:479702,2499
16:10:18:491565,2536
16:10:18:503669,2524
16:10:18:515743,2506
16:10:18:527221,2553
16:10:18:538147,2495
16:10:18:550498,2556
16:10:18:562454,2496
16:10:18:574487,2541
16:10:18:586606,2525
16:10:18:598369,2512
16:10:18:610373,2556
16:10:18:622347,2500
16:10:18:634303,2529
16:10:18:646296,2524
16:10:18:658369,2508
16:10:18:670754,2551
16:10:18:682762,2497
16:10:18:694288,2555
16:10:18:705506,2495
16:10:18:717360,2544
16:10:18:729452,2513
16:10:18:741483,2527
16:10:18:753415,2533
16:10:18:765497,2501
16:10:18:777396,2552
16:10:18:789554,2495
16:10:18:801503,2553
16:10:18:813126,2494
16:10:18:825373,2539
16:10:18:837341,2517
16:10:18:849498,2523
16:10:18:861218,2539
16:10:18:871991,2496
16:10:18:883975,2554
16:10:18:895965,2497
16:10:18:907964,2524
16:10:18:920024,2525
16:10:18:931993,2507
16:10:18:944045,2541
16:10:18:956089,2495
16:10:18:968014,2551
16:10:18:980028,2495
16:10:18:992032,2549
16:10:19:004049,2494
16:10:19:016032,2541
16:10:19:027077,2514
16:10:19:039027,2524
16:10:19:050992,2523
16:10:19:062922,2504
16:10:19:075123,2544
16:10:19:087293,2495
16:10:19:099027,2551
16:10:19:110993,2495
16:10:19:122999,2548
16:10:19:135415,2498
16:10:19:147781,2538
16:10:19:159512,2534
16:10:19:171515,2492
16:10:19:183544,2548
16:10:19:194565,2496
16:10:19:206321,2549
16:10:19:218338,2495
16:10:19:230383,2542
16:10:19:242411,2501
16:10:19:254391,2535
16:10:19:266342,2516
16:10:19:278353,2525
16:10:19:290593,2522
16:10:19:302593,2511
16:10:19:314517,2537
16:10:19:326369,2503
16:10:19:338574,2550
16:10:19:350285,2497
16:10:19:361216,2552
16:10:19:373148,2497
16:10:19:385362,2550
16:10:19:397328,2498
16:10:19:409274,2543
16:10:19:421516,2525
16:10:19:433411,2495
16:10:19:445136,2543
16:10:19:457073,2496
16:10:19:469002,2547
16:10:19:481060,2496
16:10:19:493068,2548
16:10:19:505073,2497
16:10:19:517116,2549
16:10:19:528522,2497
16:10:19:540240,2547
16:10:19:552439,2497
16:10:19:564370,2546
16:10:19:576361,2506
16:10:19:588564,2537
16:10:19:600811,2516
16:10:19:612533,2529
16:10:19:624174,2519
16:10:19:636484,2523
16:10:19:648249,2524
16:10:19:660392,2520
16:10:19:672729,2540
16:10:19:684125,2382
16:10:19:695024,2082
16:10:19:707021,1738
16:10:19:719037,1317
16:10:19:731160,895
16:10:19:743270,465
16:10:19:755173,9
16:10:19:767224,34
16:10:19:779111,23
16:10:19:791238,18
16:10:19:803138,18
16:10:19:815061,18
16:10:19:827091,18
16:10:19:839268,18
16:10:19:851171,18
16:10:19:862258,18
16:10:19:874112,17
16:10:19:886445,18
16:10:19:898459,18
16:10:19:910399,18
16:10:19:922414,18
16:10:19:934804,18
16:10:19:946786,18
16:10:19:958608,18
16:10:19:970793,18
16:10:19:982698,18
16:10:19:994757,18
16:10:20:006815,18
16:10:20:018830,18
16:10:20:029416,18
16:10:20:041807,18
16:10:20:053695,18
16:10:20:065614,18
16:10:20:077483,18
16:10:20:089624,18
16:10:20:101832,17
16:10:20:113835,18
16:10:20:125773,18
16:10:20:137801,18
16:10:20:149762,18
16:10:20:161652,18
16:10:20:173528,18
16:10:20:185701,17
16:10:20:196878,18
16:10:20:208908,18
16:10:20:220833,18
16:10:20:232670,18
16:10:20:244454,18
16:10:20:256350,18
16:10:20:268450,18
16:10:20:280666,18
16:10:20:292623,18
16:10:20:304399,18
16:10:20:316646,18
16:10:20:328651,18
16:10:20:340418,18
16:10:20:352707,18
16:10:20:363957,18
16:10:20:375603,18
16:10:20:387667,18
16:10:20:399842,18
16:10:20:411340,18
16:10:20:423380,18
16:10:20:435692,18
16:10:20:447863,18
16:10:20:459369,18
16:10:20:471489,18
16:10:20:483428,18
16:10:20:495418,18
16:10:20:507403,18
16:10:20:518684,18
16:10:20:530443,18
16:10:20:542685,18
16:10:20:554827,18
16:10:20:566430,18
16:10:20:578425,18
16:10:20:590310,18
16:10:20:602194,18
16:10:20:614662,18
16:10:20:626829,18
16:10:20:638918,18
16:10:20:650817,18
16:10:20:662639,18
16:10:20:674553,18
16:10:20:685900,18
16:10:20:697850,18
16:10:20:709832,18
16:10:20:721435,18
16:10:20:733682,18
16:10:20:745511,18
16:10:20:757491,18
16:10:20:769757,18
16:10:20:781808,18
16:10:20:793867,18
16:10:20:805868,18
16:10:20:817846,18
16:10:20:829618,18
16:10:20:840794,18
16:10:20:852834,18
16:10:20:864862,18
16:10:20:876695,18
16:10:20:888388,18
16:10:20:900688,18
16:10:20:912863,18
16:10:20:924854,18
16:10:20:936666,18
16:10:20:948828,18
16:10:20:960673,18
16:10:20:972840,18
16:10:20:984837,18
16:10:20:996841,18
16:10:21:008887,18
16:10:21:019721,18
16:10:21:031453,18
16:10:21:043850,18
16:10:21:055879,18
16:10:21:067440,18
16:10:21:079855,18
16:10:21:091866,18
16:10:21:103776,18
16:10:21:115759,18
16:10:21:127718,18
16:10:21:139294,18
16:10:21:151801,18
16:10:21:163895,18
16:10:21:175588,18
16:10:21:186899,18
16:10:21:198753,18
16:10:21:210845,19
16:10:21:222753,18
16:10:21:234871,18
16:10:21:246908,18
16:10:21:258607,18
16:10:21:270850,18
16:10:21:282868,18
16:10:21:294883,18
16:10:21:306863,18
16:10:21:318778,18
16:10:21:330732,18
16:10:21:341892,18
16:10:21:353758,17
16:10:21:365933,18
16:10:21:377852,18
16:10:21:389840,18
16:10:21:401875,18
16:10:21:413854,18
16:10:21:425921,18
16:10:21:437886,18
16:10:21:449904,18
16:10:21:461929,18
16:10:21:473720,18
16:10:21:485865,17
16:10:21:497618,18
16:10:21:508856,18
16:10:21:520825,18
16:10:21:532326,18
16:10:21:544127,18
16:10:21:556086,18
16:10:21:568091,18
16:10:21:580092,18
16:10:21:592078,18
16:10:21:604058,18
16:10:21:616115,18
16:10:21:628080,18
16:10:21:640063,18
16:10:21:652087,18
16:10:21:663214,18
16:10:21:675301,18
16:10:21:687189,18
16:10:21:699110,18
16:10:21:711041,18
16:10:21:723218,18
16:10:21:735144,18
16:10:21:747112,18
16:10:21:759105,17
16:10:21:771177,17
16:10:21:783050,18
16:10:21:795223,18
16:10:21:807567,18
16:10:21:819394,18
16:10:21:830124,18
16:10:21:842129,18
16:10:21:854108,18
16:10:21:866160,18
16:10:21:878544,18
16:10:21:890592,17
16:10:21:902957,18
16:10:21:914739,18
16:10:21:926645,18
16:10:21:938873,18
16:10:21:950913,18
16:10:21:962979,18
16:10:21:974875,18
16:10:21:986750,18
16:10:21:998947,18
16:10:22:009844,18
16:10:22:021921,18
16:10:22:033355,18
16:10:22:045640,18
16:10:22:057738,17
16:10:22:069452,18
16:10:22:081894,18
16:10:22:093901,18
16:10:22:105933,18
16:10:22:117618,18
16:10:22:129918,18
16:10:22:141898,18
16:10:22:153913,18
16:10:22:165927,18
16:10:22:176750,18
16:10:22:188792,18
16:10:22:200910,18
16:10:22:212917,18
16:10:22:222899,18
16:10:22:234728,18
16:10:22:246763,17
16:10:22:258613,18
16:10:22:270895,18
16:10:22:282772,17
16:10:22:294918,18
16:10:22:306895,18
16:10:22:318976,18
16:10:22:330965,18
16:10:22:342768,18
16:10:22:353674,18
16:10:22:365761,18
16:10:22:377529,18
16:10:22:389903,17
16:10:22:401931,18
16:10:22:413914,18
16:10:22:425511,18
16:10:22:437934,18
16:10:22:449748,18
16:10:22:461938,18
16:10:22:473921,18
16:10:22:486057,18
16:10:22:497897,18
16:10:22:509937,18
16:10:22:520904,17
16:10:22:532309,18
16:10:22:544983,18
16:10:22:556934,17
16:10:22:568453,18
16:10:22:580484,18
16:10:22:592965,18
16:10:22:604917,18
16:10:22:616982,18
16:10:22:628958,18
16:10:22:640912,18
16:10:22:652787,18
16:10:22:664950,18
16:10:22:676930,18
16:10:22:687666,18
16:10:22:699805,18
16:10:22:711945,18
16:10:22:723365,18
16:10:22:735354,18
16:10:22:747766,18
16:10:22:759350,18
16:10:22:771720,18
16:10:22:784061,18
16:10:22:795819,18
16:10:22:807939,18
16:10:22:819935,18
16:10:22:832048,17
16:10:22:843862,18
16:10:22:854937,18
16:10:22:866957,18
16:10:22:878778,18
16:10:22:890397,18
16:10:22:902564,18
16:10:22:914387,18
16:10:22:926702,18
16:10:22:938958,18
16:10:22:950828,18
16:10:22:962958,18
16:10:22:974960,18
16:10:22:986830,18
16:10:22:998941,18
16:10:23:010836,18
16:10:23:022954,18
16:10:23:033375,18
16:10:23:045783,18
16:10:23:057998,18
16:10:23:069297,18
16:10:23:081950,18
16:10:23:093773,18
16:10:23:105964,18
16:10:23:117983,18
16:10:23:130007,18
16:10:23:141944,18
16:10:23:153947,18
16:10:23:165824,18
16:10:23:177938,18
16:10:23:189880,18
16:10:23:200980,18
16:10:23:212982,18
16:10:23:224841,18
16:10:23:236998,17
16:10:23:248986,18
16:10:23:260953,18
16:10:23:272931,18
16:10:23:284968,18
16:10:23:296950,18
16:10:23:308945,18
16:10:23:320937,18
16:10:23:332992,18
16:10:23:344954,18
16:10:23:356915,18
16:10:23:367995,18
16:10:23:379704,18
16:10:23:391706,18
16:10:23:403914,18
16:10:23:415969,18
16:10:23:427734,18
16:10:23:440062,18
