23:41:28:923780,25
23:41:28:934261,26
23:41:28:946471,26
23:41:28:958043,26
23:41:28:970551,26
23:41:28:982407,26
23:41:28:994509,26
23:41:29:007423,26
23:41:29:018824,26
23:41:29:030435,26
23:41:29:042433,26
23:41:29:054159,26
23:41:29:066800,26
23:41:29:077880,25
23:41:29:090541,25
23:41:29:102408,25
23:41:29:113835,25
23:41:29:125391,26
23:41:29:137437,26
23:41:29:150613,26
23:41:29:165648,26
23:41:29:173716,26
23:41:29:187292,26
23:41:29:197587,26
23:41:29:209054,27
23:41:29:221787,61
23:41:29:233598,136
23:41:29:245002,267
23:41:29:257897,481
23:41:29:269959,749
23:41:29:281705,1013
23:41:29:293638,1314
23:41:29:305139,1634
23:41:29:316531,1903
23:41:29:328696,2145
23:41:29:340282,2318
23:41:29:352392,2427
23:41:29:364483,2472
23:41:29:376111,2474
23:41:29:388234,2474
23:41:29:400365,2474
23:41:29:412331,2474
23:41:29:424557,2475
23:41:29:437601,2474
23:41:29:448484,2469
23:41:29:461100,2432
23:41:29:472297,2369
23:41:29:484794,2287
23:41:29:496532,2173
23:41:29:507509,2038
23:41:29:519270,1892
23:41:29:531700,1709
23:41:29:543472,1512
23:41:29:555265,1326
23:41:29:567943,1144
23:41:29:579312,978
23:41:29:591384,844
23:41:29:603435,717
23:41:29:615435,635
23:41:29:626943,598
23:41:29:638882,594
23:41:29:651664,594
23:41:29:663746,594
23:41:29:675434,595
23:41:29:687385,611
23:41:29:699438,650
23:41:29:710280,723
23:41:29:722278,828
23:41:29:734398,955
23:41:29:746546,1119
23:41:29:758076,1314
23:41:29:770733,1523
23:41:29:782252,1766
23:41:29:793980,1999
23:41:29:806876,2192
23:41:29:818748,2383
23:41:29:830013,2518
23:41:29:842177,2601
23:41:29:854298,2639
23:41:29:866243,2645
23:41:29:878172,2645
23:41:29:890520,2645
23:41:29:902183,2645
23:41:29:914303,2646
23:41:29:925637,2645
23:41:29:937222,2645
23:41:29:949655,2640
23:41:29:961740,2605
23:41:29:973545,2539
23:41:29:983583,2474
23:41:29:995192,2366
23:41:30:006870,2227
23:41:30:020045,2088
23:41:30:030795,1910
23:41:30:043309,1722
23:41:30:055364,1541
23:41:30:067632,1347
23:41:30:079469,1176
23:41:30:091634,1045
23:41:30:103504,930
23:41:30:115879,856
23:41:30:127408,828
23:41:30:138313,826
23:41:30:150167,826
23:41:30:162478,826
23:41:30:174648,827
23:41:30:186544,838
23:41:30:198212,874
23:41:30:210368,949
23:41:30:223039,1052
23:41:30:234587,1174
23:41:30:246317,1340
23:41:30:258562,1544
23:41:30:270500,1746
23:41:30:282545,1972
23:41:30:294817,2166
23:41:30:307314,2368
23:41:30:319317,2530
23:41:30:329279,2645
23:41:30:341410,2708
23:41:30:353526,2738
23:41:30:365425,2739
23:41:30:377425,2740
23:41:30:389601,2740
23:41:30:401782,2740
23:41:30:414296,2740
23:41:30:425636,2740
23:41:30:437991,2740
23:41:30:449837,2737
23:41:30:461637,2708
23:41:30:474014,2653
23:41:30:485571,2571
23:41:30:497816,2463
23:41:30:509895,2341
23:41:30:520953,2182
23:41:30:533062,2013
23:41:30:544342,1840
23:41:30:556128,1650
23:41:30:568228,1457
23:41:30:580316,1303
23:41:30:592332,1168
23:41:30:604337,1066
23:41:30:616807,1013
23:41:30:628585,997
23:41:30:640074,996
23:41:30:653044,996
23:41:30:664890,997
23:41:30:676931,998
23:41:30:688934,1009
23:41:30:699891,1055
23:41:30:712002,1132
23:41:30:723681,1227
23:41:30:735445,1363
23:41:30:747869,1539
23:41:30:760001,1723
23:41:30:771412,1931
23:41:30:783314,2141
23:41:30:795231,2328
23:41:30:807807,2500
23:41:30:819782,2641
23:41:30:832011,2730
23:41:30:844131,2784
23:41:30:855888,2800
23:41:30:868021,2801
23:41:30:879466,2801
23:41:30:891907,2801
23:41:30:903435,2802
23:41:30:915941,2801
23:41:30:926923,2801
23:41:30:939067,2801
23:41:30:950282,2798
23:41:30:963470,2769
23:41:30:974686,2709
23:41:30:986462,2630
23:41:30:998378,2529
23:41:31:010724,2399
23:41:31:022555,2235
23:41:31:034126,2081
23:41:31:046664,1896
23:41:31:058651,1705
23:41:31:070960,1539
23:41:31:082012,1370
23:41:31:094811,1241
23:41:31:106826,1156
23:41:31:119079,1103
23:41:31:129423,1094
23:41:31:141588,1094
23:41:31:153498,1094
23:41:31:165460,1094
23:41:31:176891,1094
23:41:31:189954,1108
23:41:31:201623,1163
23:41:31:213804,1238
23:41:31:225989,1349
23:41:31:237612,1496
23:41:31:249653,1657
23:41:31:261414,1852
23:41:31:273584,2061
23:41:31:285446,2242
23:41:31:296799,2431
23:41:31:309122,2596
23:41:31:322109,2704
23:41:31:332436,2792
23:41:31:344203,2833
23:41:31:357118,2841
23:41:31:368943,2841
23:41:31:380744,2841
23:41:31:392716,2842
23:41:31:404854,2841
23:41:31:416891,2841
23:41:31:428599,2841
23:41:31:440096,2842
23:41:31:452766,2838
23:41:31:465261,2812
23:41:31:476986,2745
23:41:31:488739,2659
23:41:31:500552,2564
23:41:31:512621,2430
23:41:31:524543,2272
23:41:31:536791,2112
23:41:31:547563,1932
23:41:31:559097,1747
23:41:31:572146,1583
23:41:31:583279,1424
23:41:31:595674,1298
23:41:31:607241,1218
23:41:31:619992,1174
23:41:31:631883,1168
23:41:31:642959,1168
23:41:31:656060,1168
23:41:31:668079,1168
23:41:31:679308,1170
23:41:31:691086,1193
23:41:31:702974,1247
23:41:31:716600,1327
23:41:31:728250,1449
23:41:31:738098,1601
23:41:31:750444,1768
23:41:31:762730,1963
23:41:31:774781,2142
23:41:31:787156,2342
23:41:31:798440,2518
23:41:31:810397,2662
23:41:31:822030,2772
23:41:31:834415,2846
23:41:31:847232,2875
23:41:31:858449,2880
23:41:31:870905,2881
23:41:31:882603,2881
23:41:31:894169,2881
23:41:31:906484,2881
23:41:31:919020,2881
23:41:31:929037,2881
23:41:31:941521,2881
23:41:31:953256,2880
23:41:31:966027,2863
23:41:31:977137,2804
23:41:31:989449,2725
23:41:32:001624,2611
23:41:32:013343,2475
23:41:32:025371,2331
23:41:32:037328,2153
23:41:32:049277,1977
23:41:32:062012,1806
23:41:32:073302,1636
23:41:32:085322,1476
23:41:32:097514,1361
23:41:32:109446,1281
23:41:32:121235,1244
23:41:32:132592,1240
23:41:32:144927,1240
23:41:32:156854,1240
23:41:32:168127,1241
23:41:32:180520,1242
23:41:32:192698,1268
23:41:32:203911,1328
23:41:32:216171,1423
23:41:32:228415,1550
23:41:32:240379,1693
23:41:32:252487,1872
23:41:32:265142,2064
23:41:32:276609,2237
23:41:32:288269,2425
23:41:32:300523,2596
23:41:32:312733,2720
23:41:32:323437,2823
23:41:32:335299,2880
23:41:32:347250,2902
23:41:32:359378,2903
23:41:32:371940,2903
23:41:32:383542,2903
23:41:32:395574,2904
23:41:32:406931,2903
23:41:32:419302,2903
23:41:32:431823,2904
23:41:32:443682,2904
23:41:32:456097,2901
23:41:32:467487,2874
23:41:32:479980,2812
23:41:32:491483,2730
23:41:32:503528,2619
23:41:32:515266,2492
23:41:32:526781,2339
23:41:32:538523,2160
23:41:32:550495,1996
23:41:32:562490,1814
23:41:32:574530,1646
23:41:32:586861,1493
23:41:32:598840,1385
23:41:32:610304,1310
23:41:32:622002,1282
23:41:32:634101,1280
23:41:32:646239,1280
23:41:32:658337,1280
23:41:32:670859,1281
23:41:32:682978,1286
23:41:32:694975,1314
23:41:32:706829,1387
23:41:32:717844,1487
23:41:32:729029,1606
23:41:32:741757,1768
23:41:32:753784,1948
23:41:32:765712,2117
23:41:32:777843,2312
23:41:32:789837,2488
23:41:32:801560,2637
23:41:32:813113,2771
23:41:32:825921,2867
23:41:32:837463,2912
23:41:32:849269,2928
23:41:32:861151,2928
23:41:32:873486,2928
23:41:32:885812,2928
23:41:32:898282,2928
23:41:32:909565,2928
23:41:32:920478,2928
23:41:32:932784,2928
23:41:32:945071,2928
23:41:32:957090,2927
23:41:32:968902,2902
23:41:32:981362,2843
23:41:32:992867,2754
23:41:33:005270,2641
23:41:33:016890,2517
23:41:33:029846,2360
23:41:33:040865,2185
23:41:33:052800,2023
23:41:33:064811,1842
23:41:33:076782,1673
23:41:33:088946,1539
23:41:33:100976,1424
23:41:33:111716,1354
23:41:33:123824,1329
23:41:33:136613,1328
23:41:33:148165,1328
23:41:33:160444,1328
23:41:33:171747,1329
23:41:33:184021,1336
23:41:33:195612,1378
23:41:33:207712,1452
23:41:33:219220,1548
23:41:33:232091,1682
23:41:33:243711,1840
23:41:33:256057,2004
23:41:33:268396,2188
23:41:33:279627,2380
23:41:33:291443,2540
23:41:33:303928,2693
23:41:33:315730,2818
23:41:33:326489,2900
23:41:33:339970,2937
23:41:33:351307,2945
23:41:33:362569,2945
23:41:33:375687,2945
23:41:33:387323,2945
23:41:33:399718,2945
23:41:33:411879,2945
23:41:33:423080,2945
23:41:33:435448,2945
23:41:33:447089,2944
23:41:33:458558,2943
23:41:33:471355,2918
23:41:33:483298,2854
23:41:33:494988,2763
23:41:33:506052,2656
23:41:33:518944,2522
23:41:33:530052,2367
23:41:33:541841,2205
23:41:33:554262,2031
23:41:33:565895,1852
23:41:33:579198,1700
23:41:33:589347,1557
23:41:33:602009,1449
23:41:33:614453,1391
23:41:33:625385,1368
23:41:33:637457,1368
23:41:33:649801,1368
23:41:33:661924,1368
23:41:33:673913,1369
23:41:33:686649,1380
23:41:33:698176,1426
23:41:33:709339,1505
23:41:33:720265,1603
23:41:33:733332,1742
23:41:33:745719,1906
23:41:33:756597,2069
23:41:33:768843,2254
23:41:33:781771,2439
23:41:33:793163,2600
23:41:33:805062,2739
23:41:33:816719,2859
23:41:33:829934,2924
23:41:33:841612,2951
23:41:33:853086,2952
23:41:33:864983,2952
23:41:33:877373,2952
23:41:33:889345,2952
23:41:33:900994,2952
23:41:33:913402,2951
23:41:33:923894,2952
23:41:33:935561,2951
23:41:33:948404,2951
23:41:33:960299,2941
23:41:33:971823,2879
23:41:33:984510,2775
23:41:33:996489,2644
23:41:34:007586,2474
23:41:34:019911,2277
23:41:34:032029,2099
23:41:34:043156,1927
23:41:34:056406,1791
23:41:34:067488,1724
23:41:34:079721,1707
23:41:34:091623,1707
23:41:34:103355,1711
23:41:34:114300,1750
23:41:34:127329,1838
23:41:34:138975,1954
23:41:34:151088,2112
23:41:34:161980,2309
23:41:34:174367,2489
23:41:34:186871,2676
23:41:34:198502,2826
23:41:34:210580,2912
23:41:34:222739,2946
23:41:34:234106,2947
23:41:34:246553,2947
23:41:34:258989,2947
23:41:34:289990,2947
23:41:34:291682,2945
23:41:34:294220,2920
23:41:34:305929,2851
23:41:34:318003,2753
23:41:34:329182,2610
23:41:34:341732,2437
23:41:34:355025,2261
23:41:34:366087,2070
23:41:34:377159,1903
23:41:34:389268,1783
23:41:34:401236,1719
23:41:34:414489,1711
23:41:34:425173,1711
23:41:34:437099,1720
23:41:34:448667,1765
23:41:34:460965,1848
23:41:34:473305,1981
23:41:34:486614,2146
23:41:34:499935,2329
23:41:34:510114,2528
23:41:34:523548,2710
23:41:34:532492,2848
23:41:34:544917,2938
23:41:34:557192,2958
23:41:34:568498,2959
23:41:34:580433,2959
23:41:34:592840,2959
23:41:34:604930,2959
23:41:34:617127,2957
23:41:34:629962,2936
23:41:34:641164,2867
23:41:34:653284,2758
23:41:34:665132,2627
23:41:34:677634,2453
23:41:34:689074,2261
23:41:34:700507,2090
23:41:34:712594,1922
23:41:34:725801,1798
23:41:34:735813,1744
23:41:34:748584,1738
23:41:34:759595,1739
23:41:34:772115,1747
23:41:34:783815,1795
23:41:34:796743,1892
23:41:34:808296,2015
23:41:34:819728,2178
23:41:34:832166,2376
23:41:34:843948,2556
23:41:34:856764,2733
23:41:34:868184,2875
23:41:34:879171,2948
23:41:34:890791,2967
23:41:34:903293,2967
23:41:34:915038,2967
23:41:34:926435,2967
23:41:34:938473,2968
23:41:34:950953,2965
23:41:34:963028,2935
23:41:34:974544,2869
23:41:34:987065,2763
23:41:34:999143,2618
23:41:35:010421,2461
23:41:35:023412,2268
23:41:35:034825,2087
23:41:35:046634,1934
23:41:35:059832,1816
23:41:35:069755,1762
23:41:35:081728,1760
23:41:35:094538,1761
23:41:35:105538,1770
23:41:35:117704,1818
23:41:35:130564,1916
23:41:35:142658,2054
23:41:35:153930,2201
23:41:35:165398,2405
23:41:35:177602,2601
23:41:35:190646,2759
23:41:35:201692,2893
23:41:35:214635,2965
23:41:35:226737,2975
23:41:35:238481,2975
23:41:35:250433,2975
23:41:35:262281,2975
23:41:35:273085,2975
23:41:35:284933,2972
23:41:35:297119,2940
23:41:35:308622,2867
23:41:35:321336,2756
23:41:35:332959,2624
23:41:35:345461,2451
23:41:35:356692,2262
23:41:35:368969,2095
23:41:35:381771,1935
23:41:35:393459,1823
23:41:35:405029,1779
23:41:35:417278,1777
23:41:35:429630,1778
23:41:35:441648,1787
23:41:35:451951,1845
23:41:35:463995,1947
23:41:35:475927,2075
23:41:35:488483,2244
23:41:35:499868,2424
23:41:35:511926,2619
23:41:35:524001,2790
23:41:35:535293,2907
23:41:35:548006,2974
23:41:35:559628,2981
23:41:35:571729,2981
23:41:35:584141,2981
23:41:35:595999,2981
23:41:35:607813,2981
23:41:35:619617,2977
23:41:35:631871,2941
23:41:35:642322,2871
23:41:35:654947,2761
23:41:35:666714,2612
23:41:35:678793,2456
23:41:35:691263,2268
23:41:35:703046,2090
23:41:35:714686,1947
23:41:35:726909,1838
23:41:35:739309,1793
23:41:35:750674,1792
23:41:35:762653,1794
23:41:35:774706,1805
23:41:35:785973,1861
23:41:35:798266,1966
23:41:35:810802,2104
23:41:35:822312,2266
23:41:35:833757,2464
23:41:35:845805,2650
23:41:35:858197,2808
23:41:35:869198,2930
23:41:35:880972,2983
23:41:35:893185,2989
23:41:35:905388,2989
23:41:35:917461,2989
23:41:35:929801,2989
23:41:35:941481,2989
23:41:35:953373,2981
23:41:35:965634,2944
23:41:35:977212,2868
23:41:35:989353,2765
23:41:36:001072,2619
23:41:36:013750,2446
23:41:36:024536,2274
23:41:36:036938,2097
23:41:36:048432,1948
23:41:36:060422,1852
23:41:36:072620,1809
23:41:36:084455,1809
23:41:36:096175,1811
23:41:36:108423,1825
23:41:36:119987,1890
23:41:36:132650,1987
23:41:36:144165,2126
23:41:36:156689,2309
23:41:36:168024,2485
23:41:36:180243,2674
23:41:36:192676,2838
23:41:36:204715,2941
23:41:36:216708,2986
23:41:36:227061,2988
23:41:36:240565,2989
23:41:36:252251,2989
23:41:36:263642,2989
23:41:36:276049,2989
23:41:36:288443,2979
23:41:36:300423,2933
23:41:36:312119,2862
23:41:36:323553,2745
23:41:36:335898,2604
23:41:36:348434,2445
23:41:36:359152,2260
23:41:36:371563,2086
23:41:36:384308,1951
23:41:36:395819,1850
23:41:36:406807,1818
23:41:36:419022,1819
23:41:36:431063,1820
23:41:36:443031,1835
23:41:36:455346,1899
23:41:36:466981,2009
23:41:36:479885,2140
23:41:36:490959,2321
23:41:36:503289,2514
23:41:36:514625,2687
23:41:36:527966,2847
23:41:36:539674,2954
23:41:36:551625,2997
23:41:36:562553,2998
23:41:36:574976,2998
23:41:36:587036,2999
23:41:36:598215,2999
23:41:36:610141,2998
23:41:36:621477,2986
23:41:36:633335,2938
23:41:36:645640,2858
23:41:36:657394,2752
23:41:36:669550,2607
23:41:36:682091,2433
23:41:36:693078,2266
23:41:36:707523,2093
23:41:36:717490,1952
23:41:36:729442,1863
23:41:36:741071,1835
23:41:36:753684,1835
23:41:36:766060,1837
23:41:36:777689,1855
23:41:36:789115,1927
23:41:36:801397,2029
23:41:36:812285,2176
23:41:36:824980,2360
23:41:36:837291,2538
23:41:36:849067,2722
23:41:36:860995,2876
23:41:36:873303,2966
23:41:36:885154,3004
23:41:36:896871,3006
23:41:36:908827,3005
23:41:36:920324,3005
23:41:36:932406,3005
23:41:36:944458,3005
23:41:36:956806,2992
23:41:36:968338,2936
23:41:36:979934,2863
23:41:36:991550,2741
23:41:37:003493,2597
23:41:37:015233,2435
23:41:37:028058,2252
23:41:37:039534,2084
23:41:37:051488,1958
23:41:37:063634,1866
23:41:37:075720,1845
23:41:37:087578,1845
23:41:37:099557,1847
23:41:37:111487,1865
23:41:37:123841,1937
23:41:37:135656,2056
23:41:37:147228,2190
23:41:37:160128,2378
23:41:37:171627,2569
23:41:37:182236,2732
23:41:37:194699,2887
23:41:37:206920,2981
23:41:37:219122,3014
23:41:37:231553,3014
23:41:37:242816,3014
23:41:37:255029,3014
23:41:37:266954,3014
23:41:37:278395,3014
23:41:37:290469,3002
23:41:37:303398,2934
23:41:37:315159,2823
23:41:37:326846,2689
23:41:37:339042,2508
23:41:37:350816,2335
23:41:37:362832,2193
23:41:37:373759,2108
23:41:37:385382,2100
23:41:37:397826,2100
23:41:37:409947,2119
23:41:37:422236,2202
23:41:37:433539,2337
23:41:37:446439,2509
23:41:37:458196,2695
23:41:37:469842,2852
23:41:37:481657,2958
23:41:37:494213,2985
23:41:37:506062,2985
23:41:37:517901,2985
23:41:37:529600,2984
23:41:37:540923,2968
23:41:37:553704,2898
23:41:37:565781,2798
23:41:37:576308,2645
23:41:37:589230,2468
23:41:37:600164,2302
23:41:37:612178,2150
23:41:37:624430,2073
23:41:37:636755,2066
23:41:37:648718,2066
23:41:37:661305,2097
23:41:37:673385,2179
23:41:37:685384,2325
23:41:37:696606,2507
23:41:37:708852,2687
23:41:37:720429,2860
23:41:37:732450,2966
23:41:37:744265,2989
23:41:37:756407,2989
23:41:37:768567,2989
23:41:37:779816,2988
23:41:37:791559,2968
23:41:37:803387,2895
23:41:37:815451,2790
23:41:37:827222,2636
23:41:37:839400,2456
23:41:37:851218,2290
23:41:37:863308,2146
23:41:37:875220,2074
23:41:37:887674,2070
23:41:37:899443,2072
23:41:37:911706,2103
23:41:37:923580,2190
23:41:37:935692,2342
23:41:37:948037,2526
23:41:37:960417,2700
23:41:37:972025,2875
23:41:37:983426,2976
23:41:37:995098,2999
23:41:38:006735,3000
23:41:38:018818,3000
23:41:38:031140,2998
23:41:38:042186,2970
23:41:38:055406,2895
23:41:38:067194,2789
23:41:38:078705,2635
23:41:38:090681,2455
23:41:38:103173,2292
23:41:38:114908,2151
23:41:38:127137,2089
23:41:38:139189,2087
23:41:38:151049,2089
23:41:38:162196,2120
23:41:38:174198,2210
23:41:38:186283,2369
23:41:38:197633,2539
23:41:38:210000,2730
23:41:38:222302,2893
23:41:38:234220,2980
23:41:38:246180,3000
23:41:38:257653,2999
23:41:38:270627,2999
23:41:38:281366,2997
23:41:38:293839,2968
23:41:38:306270,2898
23:41:38:317514,2782
23:41:38:330184,2627
23:41:38:342423,2463
23:41:38:354322,2284
23:41:38:364737,2150
23:41:38:377419,2095
23:41:38:388521,2093
23:41:38:401581,2095
23:41:38:413003,2124
23:41:38:425480,2226
23:41:38:437666,2388
23:41:38:449269,2558
23:41:38:460465,2748
23:41:38:472700,2908
23:41:38:485376,2992
23:41:38:497303,3004
23:41:38:508984,3004
23:41:38:521159,3005
23:41:38:532858,3003
23:41:38:545876,2969
23:41:38:558380,2896
23:41:38:567494,2778
23:41:38:579514,2620
23:41:38:592461,2457
23:41:38:603834,2280
23:41:38:616236,2151
23:41:38:627676,2100
23:41:38:640225,2100
23:41:38:652443,2103
23:41:38:663841,2144
23:41:38:675893,2249
23:41:38:688576,2410
23:41:38:700261,2582
23:41:38:712461,2769
23:41:38:724634,2911
23:41:38:736056,3004
23:41:38:748640,3013
23:41:38:759505,3013
23:41:38:771573,3013
23:41:38:783119,3011
23:41:38:795551,2975
23:41:38:806466,2901
23:41:38:818581,2779
23:41:38:831251,2618
23:41:38:843281,2454
23:41:38:855609,2280
23:41:38:867449,2153
23:41:38:879918,2107
23:41:38:890963,2107
23:41:38:903510,2111
23:41:38:915266,2157
23:41:38:927313,2269
23:41:38:938617,2416
23:41:38:951263,2605
23:41:38:963592,2790
23:41:38:974031,2932
23:41:38:986567,3013
23:41:38:998135,3016
23:41:39:010407,3016
23:41:39:022411,3016
23:41:39:033742,3015
23:41:39:045734,2981
23:41:39:057658,2900
23:41:39:068916,2775
23:41:39:082176,2627
23:41:39:093604,2447
23:41:39:106884,2275
23:41:39:117682,2160
23:41:39:129411,2112
23:41:39:141231,2113
23:41:39:153071,2117
23:41:39:164749,2171
23:41:39:176304,2286
23:41:39:188112,2434
23:41:39:200872,2625
23:41:39:212157,2811
23:41:39:224743,2942
23:41:39:236390,3015
23:41:39:248772,3018
23:41:39:261278,3018
23:41:39:273267,3018
23:41:39:285864,3015
23:41:39:297055,2979
23:41:39:308780,2896
23:41:39:321216,2769
23:41:39:332933,2619
23:41:39:345071,2439
23:41:39:357171,2270
23:41:39:367494,2161
23:41:39:381054,2119
23:41:39:391786,2120
23:41:39:404226,2125
23:41:39:415922,2185
23:41:39:427933,2307
23:41:39:439938,2457
23:41:39:452162,2643
23:41:39:464596,2827
23:41:39:476229,2954
23:41:39:488527,3020
23:41:39:499973,3023
23:41:39:512330,3023
23:41:39:524080,3023
23:41:39:536026,3018
23:41:39:547957,2979
23:41:39:558937,2893
23:41:39:570361,2775
23:41:39:582787,2611
23:41:39:594577,2431
23:41:39:606395,2279
23:41:39:619087,2162
23:41:39:630717,2127
23:41:39:642748,2127
23:41:39:654923,2135
23:41:39:666793,2196
23:41:39:678789,2313
23:41:39:690772,2477
23:41:39:702573,2660
23:41:39:714672,2830
23:41:39:726857,2967
23:41:39:738707,3025
23:41:39:749848,3026
23:41:39:761707,3026
23:41:39:773896,3026
23:41:39:786094,3025
23:41:39:797266,2996
23:41:39:810031,2902
23:41:39:822323,2774
23:41:39:834402,2602
23:41:39:845862,2427
23:41:39:857129,2319
23:41:39:869441,2285
23:41:39:881676,2286
23:41:39:893611,2319
23:41:39:906958,2423
23:41:39:918272,2588
23:41:39:929358,2753
23:41:39:940972,2912
23:41:39:953528,2995
23:41:39:964789,3005
23:41:39:977316,3005
23:41:39:988552,3001
23:41:40:000750,2952
23:41:40:012898,2850
23:41:40:024843,2709
23:41:40:037202,2535
23:41:40:049215,2374
23:41:40:061381,2280
23:41:40:072726,2269
23:41:40:084905,2273
23:41:40:096574,2325
23:41:40:109031,2450
23:41:40:119501,2623
23:41:40:131850,2791
23:41:40:144679,2940
23:41:40:156555,3005
23:41:40:168274,3006
23:41:40:180399,3006
23:41:40:192216,2995
23:41:40:204365,2935
23:41:40:215677,2820
23:41:40:228098,2656
23:41:40:240652,2494
23:41:40:251691,2346
23:41:40:264357,2271
23:41:40:276572,2270
23:41:40:287991,2279
23:41:40:300214,2357
23:41:40:312302,2486
23:41:40:322610,2661
23:41:40:334900,2846
23:41:40:347641,2965
23:41:40:359125,3009
23:41:40:370282,3010
23:41:40:382914,3009
23:41:40:395214,2985
23:41:40:407141,2907
23:41:40:418445,2789
23:41:40:431418,2624
23:41:40:443444,2449
23:41:40:454927,2324
23:41:40:466839,2272
23:41:40:479920,2273
23:41:40:490337,2294
23:41:40:503418,2391
23:41:40:514160,2528
23:41:40:526586,2708
23:41:40:538527,2884
23:41:40:550025,2992
23:41:40:561489,3010
23:41:40:573410,3010
23:41:40:589356,3008
23:41:40:598220,2972
23:41:40:610313,2885
23:41:40:621340,2758
23:41:40:633294,2587
23:41:40:645413,2415
23:41:40:657328,2307
23:41:40:669856,2275
23:41:40:682454,2277
23:41:40:693601,2313
23:41:40:705351,2420
23:41:40:716855,2587
23:41:40:730004,2755
23:41:40:741399,2917
23:41:40:753460,3006
23:41:40:765097,3011
23:41:40:777855,3012
23:41:40:789426,3007
23:41:40:800752,2958
23:41:40:813254,2862
23:41:40:825433,2709
23:41:40:836365,2551
23:41:40:848946,2392
23:41:40:860476,2292
23:41:40:872589,2283
23:41:40:884955,2286
23:41:40:897208,2346
23:41:40:908274,2460
23:41:40:919656,2631
23:41:40:932801,2815
23:41:40:944457,2947
23:41:40:957071,3013
23:41:40:968003,3013
23:41:40:980556,3013
23:41:40:991898,3004
23:41:41:003698,2937
23:41:41:016002,2833
23:41:41:028247,2675
23:41:41:039704,2498
23:41:41:052539,2364
23:41:41:064381,2287
23:41:41:076127,2286
23:41:41:085904,2297
23:41:41:098832,2372
23:41:41:110487,2511
23:41:41:122487,2675
23:41:41:134664,2857
23:41:41:147023,2972
23:41:41:158501,3016
23:41:41:170302,3015
23:41:41:183383,3015
23:41:41:195252,2998
23:41:41:206957,2919
23:41:41:218671,2807
23:41:41:230805,2640
23:41:41:242430,2469
23:41:41:255308,2345
23:41:41:266949,2291
23:41:41:279749,2292
23:41:41:289637,2313
23:41:41:302017,2406
23:41:41:314181,2555
23:41:41:326165,2722
23:41:41:337529,2893
23:41:41:349021,3004
23:41:41:361556,3018
23:41:41:374043,3018
23:41:41:385658,3016
23:41:41:397619,2986
23:41:41:409459,2900
23:41:41:421301,2764
23:41:41:433144,2607
23:41:41:445663,2437
23:41:41:458129,2324
23:41:41:469716,2298
23:41:41:480206,2301
23:41:41:492463,2340
23:41:41:504498,2435
23:41:41:516685,2601
23:41:41:528243,2781
23:41:41:540663,2930
23:41:41:552340,3015
23:41:41:564167,3018
23:41:41:576317,3019
23:41:41:589312,3015
23:41:41:601377,2967
23:41:41:612869,2877
23:41:41:624778,2729
23:41:41:636979,2572
23:41:41:648640,2412
23:41:41:661018,2317
23:41:41:672048,2307
23:41:41:684157,2310
23:41:41:695657,2361
23:41:41:708244,2475
23:41:41:720289,2642
23:41:41:732112,2825
23:41:41:743119,2956
23:41:41:756831,3020
23:41:41:768047,3020
23:41:41:780369,3021
23:41:41:792452,3019
23:41:41:804248,2976
23:41:41:816012,2883
23:41:41:828463,2728
23:41:41:840358,2559
23:41:41:851187,2444
23:41:41:862679,2417
23:41:41:876020,2425
23:41:41:886848,2483
23:41:41:899482,2614
23:41:41:911082,2784
23:41:41:922824,2925
23:41:41:934726,2996
23:41:41:947242,2997
23:41:41:958381,2992
23:41:41:971144,2945
23:41:41:983727,2839
23:41:41:994236,2693
23:41:42:007065,2525
23:41:42:018525,2411
23:41:42:030673,2395
23:41:42:041657,2408
23:41:42:053571,2469
23:41:42:065423,2607
23:41:42:077878,2779
23:41:42:089704,2923
23:41:42:101815,2994
23:41:42:114087,2995
23:41:42:126332,2990
23:41:42:137773,2941
23:41:42:150430,2834
23:41:42:162229,2691
23:41:42:173444,2521
23:41:42:186112,2410
23:41:42:197787,2397
23:41:42:210178,2407
23:41:42:220825,2476
23:41:42:233052,2605
23:41:42:245654,2779
23:41:42:256504,2933
23:41:42:268650,2993
23:41:42:281652,2994
23:41:42:293644,2986
23:41:42:305877,2940
23:41:42:317358,2830
23:41:42:329310,2668
23:41:42:341138,2518
23:41:42:353604,2411
23:41:42:365232,2403
23:41:42:376638,2410
23:41:42:389401,2480
23:41:42:400415,2624
23:41:42:413271,2784
23:41:42:423516,2937
23:41:42:435960,2996
23:41:42:448418,2996
23:41:42:459835,2988
23:41:42:471988,2933
23:41:42:484687,2829
23:41:42:496745,2667
23:41:42:507391,2506
23:41:42:520141,2413
23:41:42:531973,2406
23:41:42:544812,2413
23:41:42:556328,2485
23:41:42:567560,2630
23:41:42:580113,2807
23:41:42:592764,2940
23:41:42:604675,2998
23:41:42:615139,2998
23:41:42:626375,2990
23:41:42:639136,2933
23:41:42:651143,2827
23:41:42:663356,2665
23:41:42:676025,2504
23:41:42:687435,2412
23:41:42:699338,2406
23:41:42:711052,2413
23:41:42:722901,2488
23:41:42:735244,2634
23:41:42:747219,2812
23:41:42:759432,2942
23:41:42:771166,2998
23:41:42:782516,2998
23:41:42:793649,2990
23:41:42:807905,2933
23:41:42:818462,2817
23:41:42:830656,2664
23:41:42:841610,2505
23:41:42:854061,2411
23:41:42:866123,2409
23:41:42:877542,2417
23:41:42:889600,2501
23:41:42:901845,2638
23:41:42:914681,2815
23:41:42:926620,2945
23:41:42:937680,2999
23:41:42:950677,2999
23:41:42:961446,2986
23:41:42:973454,2932
23:41:42:985118,2815
23:41:42:997516,2651
23:41:43:009222,2504
23:41:43:021376,2415
23:41:43:033014,2413
23:41:43:045901,2424
23:41:43:057315,2508
23:41:43:068892,2643
23:41:43:081554,2821
23:41:43:092651,2958
23:41:43:104079,3001
23:41:43:116570,3001
23:41:43:128679,2989
23:41:43:140650,2932
23:41:43:152652,2815
23:41:43:165221,2651
23:41:43:176366,2504
23:41:43:187661,2416
23:41:43:199269,2414
23:41:43:211954,2427
23:41:43:223841,2513
23:41:43:235580,2660
23:41:43:247666,2826
23:41:43:259983,2962
23:41:43:271401,3002
23:41:43:283354,3002
23:41:43:296355,2989
23:41:43:308568,2923
23:41:43:319887,2814
23:41:43:332341,2649
23:41:43:343822,2492
23:41:43:355765,2416
23:41:43:367498,2415
23:41:43:380994,2432
23:41:43:392201,2517
23:41:43:403268,2666
23:41:43:415235,2831
23:41:43:426935,2965
23:41:43:439678,3003
23:41:43:451246,3003
23:41:43:463261,2997
23:41:43:475650,2935
23:41:43:487351,2811
23:41:43:500168,2656
23:41:43:511603,2524
23:41:43:523696,2493
23:41:43:534590,2506
23:41:43:547323,2586
23:41:43:559009,2714
23:41:43:569940,2878
23:41:43:581711,2972
23:41:43:592929,2977
23:41:43:605288,2972
23:41:43:618141,2910
23:41:43:630605,2796
23:41:43:641609,2634
23:41:43:653613,2502
23:41:43:665697,2482
23:41:43:677856,2495
23:41:43:689356,2582
23:41:43:701986,2716
23:41:43:714222,2881
23:41:43:726016,2973
23:41:43:737803,2977
23:41:43:749761,2971
23:41:43:762412,2906
23:41:43:772443,2786
23:41:43:785469,2626
23:41:43:797140,2497
23:41:43:809008,2481
23:41:43:821448,2495
23:41:43:833189,2585
23:41:43:845128,2722
23:41:43:857458,2885
23:41:43:869453,2975
23:41:43:881938,2978
23:41:43:892701,2971
23:41:43:904905,2902
23:41:43:916378,2781
23:41:43:928559,2619
23:41:43:940814,2495
23:41:43:951527,2483
23:41:43:963760,2497
23:41:43:975766,2581
23:41:43:987713,2729
23:41:44:000108,2892
23:41:44:012054,2976
23:41:44:023413,2978
23:41:44:036557,2970
23:41:44:048404,2907
23:41:44:060137,2776
23:41:44:071933,2613
23:41:44:084626,2498
23:41:44:096643,2482
23:41:44:107620,2498
23:41:44:120294,2587
23:41:44:131554,2735
23:41:44:142991,2898
23:41:44:155723,2975
23:41:44:167143,2978
23:41:44:179803,2968
23:41:44:191311,2903
23:41:44:203648,2771
23:41:44:215115,2609
23:41:44:226844,2497
23:41:44:239500,2485
23:41:44:250640,2503
23:41:44:263608,2595
23:41:44:274960,2743
23:41:44:287758,2904
23:41:44:298671,2977
23:41:44:312419,2979
23:41:44:324724,2968
23:41:44:335423,2900
23:41:44:345930,2766
23:41:44:358020,2605
23:41:44:369900,2496
23:41:44:381492,2487
23:41:44:393305,2502
23:41:44:405654,2601
23:41:44:417808,2753
23:41:44:430116,2909
23:41:44:442284,2977
23:41:44:453132,2979
23:41:44:465810,2966
23:41:44:477866,2896
23:41:44:489929,2761
23:41:44:501877,2612
23:41:44:512638,2495
23:41:44:525038,2489
23:41:44:537540,2507
23:41:44:548701,2606
23:41:44:561116,2762
23:41:44:572029,2906
23:41:44:585958,2979
23:41:44:596817,2979
23:41:44:609312,2969
23:41:44:621069,2892
23:41:44:633515,2755
23:41:44:644823,2608
23:41:44:657233,2495
23:41:44:669381,2491
23:41:44:681986,2510
23:41:44:692040,2611
23:41:44:704151,2769
23:41:44:716559,2911
23:41:44:727282,2979
23:41:44:739829,2980
23:41:44:752556,2968
23:41:44:764347,2888
23:41:44:776635,2749
23:41:44:788366,2606
23:41:44:799607,2500
23:41:44:811275,2496
23:41:44:824099,2521
23:41:44:836206,2623
23:41:44:848319,2779
23:41:44:860553,2921
23:41:44:871542,2983
23:41:44:883483,2983
23:41:44:895169,2978
23:41:44:906798,2920
23:41:44:918859,2805
23:41:44:930396,2646
23:41:44:942861,2559
23:41:44:955028,2564
23:41:44:966785,2613
23:41:44:978366,2741
23:41:44:990250,2885
23:41:45:002872,2969
23:41:45:014242,2969
23:41:45:026551,2945
23:41:45:038420,2850
23:41:45:050768,2696
23:41:45:062417,2573
23:41:45:073447,2543
23:41:45:085153,2569
23:41:45:097732,2656
23:41:45:109651,2817
23:41:45:121545,2944
23:41:45:133589,2970
23:41:45:145563,2961
23:41:45:157642,2898
23:41:45:169649,2776
23:41:45:181711,2623
23:41:45:193957,2545
23:41:45:206099,2552
23:41:45:217597,2612
23:41:45:229376,2748
23:41:45:241846,2891
23:41:45:253527,2969
23:41:45:264430,2968
23:41:45:276484,2940
23:41:45:288505,2838
23:41:45:300991,2687
23:41:45:312470,2566
23:41:45:325172,2540
23:41:45:336822,2567
23:41:45:348176,2665
23:41:45:360751,2826
23:41:45:372341,2943
23:41:45:384163,2970
23:41:45:396492,2959
23:41:45:408815,2899
23:41:45:420052,2766
23:41:45:432752,2613
23:41:45:445160,2546
23:41:45:455314,2555
23:41:45:467934,2622
23:41:45:480434,2747
23:41:45:492648,2902
23:41:45:503373,2971
23:41:45:515726,2969
23:41:45:527248,2938
23:41:45:540219,2830
23:41:45:552781,2690
23:41:45:564865,2563
23:41:45:576085,2544
23:41:45:588438,2572
23:41:45:599725,2682
23:41:45:611943,2840
23:41:45:623818,2950
23:41:45:636271,2970
23:41:45:646480,2957
23:41:45:658805,2892
23:41:45:671606,2757
23:41:45:682814,2607
23:41:45:694843,2545
23:41:45:706671,2555
23:41:45:719803,2618
23:41:45:731007,2760
23:41:45:743317,2910
23:41:45:756350,2971
23:41:45:767116,2970
23:41:45:778682,2933
23:41:45:791773,2821
23:41:45:803322,2681
23:41:45:814746,2564
23:41:45:828074,2553
23:41:45:838004,2585
23:41:45:849557,2695
23:41:45:861730,2843
23:41:45:874188,2958
23:41:45:885998,2972
23:41:45:897964,2962
23:41:45:909875,2887
23:41:45:921632,2747
23:41:45:933803,2610
23:41:45:946455,2546
23:41:45:957782,2559
23:41:45:969770,2629
23:41:45:982048,2771
23:41:45:994135,2920
23:41:46:008070,2973
23:41:46:019583,2971
23:41:46:030293,2929
23:41:46:040935,2823
23:41:46:053685,2666
23:41:46:065316,2557
23:41:46:076603,2548
23:41:46:089180,2588
23:41:46:101668,2701
23:41:46:113586,2852
23:41:46:124793,2962
23:41:46:137008,2971
23:41:46:149019,2968
23:41:46:161490,2911
23:41:46:173117,2782
23:41:46:184721,2647
23:41:46:197153,2592
23:41:46:209565,2614
23:41:46:219884,2706
23:41:46:231593,2861
23:41:46:243751,2956
23:41:46:255752,2957
23:41:46:267412,2923
23:41:46:279722,2825
23:41:46:291479,2679
23:41:46:303160,2588
23:41:46:316144,2599
23:41:46:327531,2660
23:41:46:339598,2808
23:41:46:351160,2929
23:41:46:363883,2957
23:41:46:375490,2937
23:41:46:387704,2860
23:41:46:398785,2716
23:41:46:410361,2599
23:41:46:422292,2584
23:41:46:434695,2633
23:41:46:446675,2761
23:41:46:458412,2895
23:41:46:470752,2957
23:41:46:482998,2947
23:41:46:495369,2890
23:41:46:506672,2762
23:41:46:519052,2620
23:41:46:530892,2579
23:41:46:543111,2608
23:41:46:555433,2712
23:41:46:566705,2856
23:41:46:579037,2954
23:41:46:590028,2952
23:41:46:601583,2914
23:41:46:613269,2806
23:41:46:625831,2655
23:41:46:637873,2584
23:41:46:650053,2600
23:41:46:661954,2663
23:41:46:674014,2813
23:41:46:686030,2939
23:41:46:700165,2956
23:41:46:710505,2935
23:41:46:721516,2844
23:41:46:733740,2697
23:41:46:745318,2598
23:41:46:757414,2591
23:41:46:769060,2637
23:41:46:800565,2766
23:41:46:802931,2909
23:41:46:805198,2956
23:41:46:816733,2945
23:41:46:828479,2878
23:41:46:840523,2757
23:41:46:852468,2616
23:41:46:864620,2581
23:41:46:876292,2611
23:41:46:888525,2720
23:41:46:901225,2873
23:41:46:912800,2955
23:41:46:924227,2952
23:41:46:937004,2905
23:41:46:948508,2800
23:41:46:960898,2650
23:41:46:971616,2582
23:41:46:983603,2599
23:41:46:995612,2681
23:41:47:008441,2828
23:41:47:019682,2940
23:41:47:031957,2954
23:41:47:043755,2928
23:41:47:058804,2840
23:41:47:067934,2694
23:41:47:080197,2587
23:41:47:092487,2589
23:41:47:104150,2646
23:41:47:115441,2783
23:41:47:127616,2913
23:41:47:139751,2958
23:41:47:151584,2942
23:41:47:163482,2874
23:41:47:174689,2735
23:41:47:186313,2607
23:41:47:199676,2582
23:41:47:211223,2621
23:41:47:223038,2727
23:41:47:234885,2879
23:41:47:246525,2957
23:41:47:259286,2955
23:41:47:270795,2912
23:41:47:282987,2791
23:41:47:295494,2659
23:41:47:307415,2625
23:41:47:319205,2661
23:41:47:331168,2777
23:41:47:342406,2912
23:41:47:353343,2949
23:41:47:366204,2921
23:41:47:377493,2825
23:41:47:389284,2688
23:41:47:401725,2610
23:41:47:413606,2629
23:41:47:425744,2725
23:41:47:438166,2862
23:41:47:449443,2945
23:41:47:462048,2933
23:41:47:473629,2870
23:41:47:485986,2733
23:41:47:497827,2616
23:41:47:510212,2611
23:41:47:521925,2672
23:41:47:533026,2801
23:41:47:544568,2927
23:41:47:557106,2941
23:41:47:568680,2895
23:41:47:581805,2791
23:41:47:593417,2650
23:41:47:604838,2606
23:41:47:617298,2637
23:41:47:629166,2752
23:41:47:640640,2886
23:41:47:653102,2945
23:41:47:665008,2920
23:41:47:676912,2842
23:41:47:689132,2699
23:41:47:700843,2607
23:41:47:712923,2613
23:41:47:723926,2696
23:41:47:735758,2844
23:41:47:747803,2939
23:41:47:759570,2935
23:41:47:771347,2874
23:41:47:784603,2759
23:41:47:796092,2628
23:41:47:807668,2606
23:41:47:819312,2652
23:41:47:831611,2783
23:41:47:844139,2917
23:41:47:856063,2944
23:41:47:867270,2905
23:41:47:879973,2803
23:41:47:892029,2666
23:41:47:907984,2604
23:41:47:918164,2631
23:41:47:928259,2727
23:41:47:938819,2875
23:41:47:951279,2944
23:41:47:963239,2927
23:41:47:974403,2850
23:41:47:986333,2710
23:41:47:998519,2610
23:41:48:010643,2612
23:41:48:022540,2689
23:41:48:035158,2818
23:41:48:047452,2934
23:41:48:058986,2936
23:41:48:070148,2888
23:41:48:082804,2770
23:41:48:095122,2642
23:41:48:106540,2605
23:41:48:118010,2645
23:41:48:130281,2760
23:41:48:142349,2901
23:41:48:154794,2944
23:41:48:168354,2910
23:41:48:180014,2822
23:41:48:197776,2683
23:41:48:201252,2605
23:41:48:213700,2620
23:41:48:225355,2714
23:41:48:237608,2852
23:41:48:249507,2943
23:41:48:262577,2939
23:41:48:273688,2903
23:41:48:285545,2800
23:41:48:297608,2665
23:41:48:309965,2645
23:41:48:320441,2707
23:41:48:332593,2846
23:41:48:344764,2941
23:41:48:356473,2930
23:41:48:368265,2855
23:41:48:380817,2730
23:41:48:393209,2634
23:41:48:404868,2647
23:41:48:416924,2739
23:41:48:428499,2884
23:41:48:444167,2938
23:41:48:456015,2906
23:41:48:464979,2809
23:41:48:476531,2666
23:41:48:489237,2627
23:41:48:501229,2666
23:41:48:511889,2802
23:41:48:524141,2915
23:41:48:535271,2929
23:41:48:548132,2870
23:41:48:560700,2756
23:41:48:571994,2636
23:41:48:583934,2635
23:41:48:596584,2704
23:41:48:607461,2850
23:41:48:619524,2935
23:41:48:631608,2914
23:41:48:644193,2828
23:41:48:658281,2694
23:41:48:667891,2624
23:41:48:679985,2649
23:41:48:692002,2766
23:41:48:705839,2892
23:41:48:715651,2934
23:41:48:726770,2887
23:41:48:738649,2782
23:41:48:750295,2650
23:41:48:762944,2625
23:41:48:774686,2682
23:41:48:786328,2818
23:41:48:798655,2929
23:41:48:810597,2921
23:41:48:822723,2855
23:41:48:834635,2721
23:41:48:847007,2628
23:41:48:858611,2637
23:41:48:870954,2732
23:41:48:882229,2868
23:41:48:894446,2933
23:41:48:906531,2905
23:41:48:917770,2813
23:41:48:929803,2672
23:41:48:941549,2622
23:41:48:953491,2658
23:41:48:965896,2782
23:41:48:977702,2905
23:41:48:989554,2930
23:41:49:001391,2873
23:41:49:013916,2763
23:41:49:025942,2638
23:41:49:038076,2630
23:41:49:049669,2695
23:41:49:061598,2836
23:41:49:073584,2931
23:41:49:085245,2915
23:41:49:096699,2837
23:41:49:109308,2699
23:41:49:120699,2623
23:41:49:132797,2643
23:41:49:144977,2753
23:41:49:157230,2883
23:41:49:168985,2932
23:41:49:183608,2915
23:41:49:196076,2844
23:41:49:206483,2710
23:41:49:216098,2658
23:41:49:228379,2703
23:41:49:240395,2834
23:41:49:252137,2930
23:41:49:264750,2911
23:41:49:276738,2823
23:41:49:288389,2692
23:41:49:299587,2645
23:41:49:311896,2697
23:41:49:323966,2832
23:41:49:335611,2924
23:41:49:348211,2907
23:41:49:359959,2815
23:41:49:371822,2692
23:41:49:383583,2642
23:41:49:395541,2694
23:41:49:407905,2824
23:41:49:420049,2923
23:41:49:431830,2907
23:41:49:443601,2816
23:41:49:455829,2685
23:41:49:468026,2641
23:41:49:480351,2696
23:41:49:490870,2830
23:41:49:503381,2921
23:41:49:514605,2903
23:41:49:526700,2810
23:41:49:538327,2688
23:41:49:550558,2640
23:41:49:584875,2699
23:41:49:590757,2824
23:41:49:592734,2922
23:41:49:598503,2899
23:41:49:610461,2813
23:41:49:622991,2679
23:41:49:634700,2640
23:41:49:647071,2696
23:41:49:662609,2831
23:41:49:671946,2921
23:41:49:682427,2900
23:41:49:694056,2806
23:41:49:709805,2670
23:41:49:717576,2640
23:41:49:729955,2700
23:41:49:742290,2840
23:41:49:753946,2920
23:41:49:765446,2895
23:41:49:778181,2798
23:41:49:789959,2673
23:41:49:801672,2639
23:41:49:814056,2706
23:41:49:826218,2833
23:41:49:837255,2921
23:41:49:849515,2891
23:41:49:861918,2802
23:41:49:872674,2665
23:41:49:885771,2639
23:41:49:899718,2702
23:41:49:912452,2842
23:41:49:923730,2921
23:41:49:933698,2894
23:41:49:945054,2794
23:41:49:958617,2670
23:41:49:969278,2640
23:41:49:980757,2708
23:41:49:996305,2837
23:41:50:007288,2921
23:41:50:016610,2908
23:41:50:028869,2871
23:41:50:040477,2757
23:41:50:052557,2678
23:41:50:063772,2707
23:41:50:075462,2827
23:41:50:087724,2921
23:41:50:099344,2899
23:41:50:111486,2798
23:41:50:124115,2672
23:41:50:135458,2660
23:41:50:147881,2753
23:41:50:160406,2884
23:41:50:172127,2909
23:41:50:183958,2841
23:41:50:196165,2710
23:41:50:208452,2651
23:41:50:219638,2696
23:41:50:231856,2825
23:41:50:243919,2908
23:41:50:254669,2876
23:41:50:270186,2766
23:41:50:279916,2657
23:41:50:291357,2659
23:41:50:303221,2764
23:41:50:315046,2883
23:41:50:327043,2898
23:41:50:338537,2827
23:41:50:350675,2697
23:41:50:363083,2647
23:41:50:374261,2705
23:41:50:387098,2830
23:41:50:398923,2906
23:41:50:410710,2869
23:41:50:422891,2755
23:41:50:433454,2648
23:41:50:445957,2659
23:41:50:458891,2770
23:41:50:469873,2890
23:41:50:481425,2891
23:41:50:493752,2812
23:41:50:505664,2683
23:41:50:517334,2647
23:41:50:529412,2712
23:41:50:541440,2849
23:41:50:553390,2905
23:41:50:566003,2856
23:41:50:577900,2731
23:41:50:589677,2647
23:41:50:601231,2668
23:41:50:613675,2789
23:41:50:624673,2895
23:41:50:636442,2887
23:41:50:648729,2790
23:41:50:660396,2672
23:41:50:673783,2649
23:41:50:685510,2731
23:41:50:701663,2858
23:41:50:710704,2905
23:41:50:721354,2842
23:41:50:733536,2725
23:41:50:744847,2646
23:41:50:756909,2677
23:41:50:768922,2801
23:41:50:781791,2903
23:41:50:796375,2897
23:41:50:806526,2842
23:41:50:819525,2723
23:41:50:829453,2684
23:41:50:839794,2749
23:41:50:854800,2879
23:41:50:863428,2908
23:41:50:875866,2835
23:41:50:887769,2706
23:41:50:900188,2664
23:41:50:912053,2739
23:41:50:924626,2874
23:41:50:935494,2904
23:41:50:948084,2828
23:41:50:960433,2701
23:41:50:972258,2661
23:41:50:983468,2737
23:41:50:995956,2870
23:41:51:006417,2898
23:41:51:019065,2822
23:41:51:030432,2695
23:41:51:043206,2659
23:41:51:054587,2736
23:41:51:067117,2869
23:41:51:079659,2894
23:41:51:090859,2818
23:41:51:103326,2693
23:41:51:115919,2658
23:41:51:132071,2737
23:41:51:142318,2869
23:41:51:152604,2892
23:41:51:162748,2815
23:41:51:174622,2691
23:41:51:186446,2658
23:41:51:198054,2738
23:41:51:212166,2869
23:41:51:222567,2890
23:41:51:234273,2812
23:41:51:245440,2694
23:41:51:257398,2658
23:41:51:270260,2741
23:41:51:282648,2871
23:41:51:295911,2889
23:41:51:339492,2809
23:41:51:363138,2693
23:41:51:365640,2658
23:41:51:367329,2744
23:41:51:369132,2866
23:41:51:370925,2888
23:41:51:376425,2807
23:41:51:389509,2692
23:41:51:402704,2659
23:41:51:424783,2748
23:41:51:428960,2869
23:41:51:436990,2887
23:41:51:451519,2805
23:41:51:463436,2691
23:41:51:475241,2660
23:41:51:484545,2753
23:41:51:497586,2871
23:41:51:509993,2890
23:41:51:520430,2817
23:41:51:532746,2704
23:41:51:547040,2689
23:41:51:557743,2782
23:41:51:568231,2887
23:41:51:580307,2871
23:41:51:592293,2762
23:41:51:603854,2673
23:41:51:615220,2706
23:41:51:627595,2830
23:41:51:644916,2889
23:41:51:652293,2826
23:41:51:663464,2704
23:41:51:675790,2666
23:41:51:687852,2749
23:41:51:703281,2866
23:41:51:711255,2872
23:41:51:724008,2777
23:41:51:736362,2675
23:41:51:751406,2692
23:41:51:760292,2805
23:41:51:773487,2886
23:41:51:786820,2843
23:41:51:795645,2725
23:41:51:806902,2663
23:41:51:818726,2727
23:41:51:834185,2853
23:41:51:845968,2884
23:41:51:856199,2802
23:41:51:866986,2685
23:41:51:879430,2677
23:41:51:891864,2777
23:41:51:902898,2884
23:41:51:915276,2862
23:41:51:926618,2747
23:41:51:939965,2663
23:41:51:951054,2705
23:41:51:962209,2832
23:41:51:974138,2886
23:41:51:986297,2822
23:41:51:999035,2699
23:41:52:010456,2669
23:41:52:024093,2755
23:41:52:033542,2874
23:41:52:045103,2868
23:41:52:057216,2773
23:41:52:068959,2666
23:41:52:081502,2697
23:41:52:093739,2811
23:41:52:105169,2887
23:41:52:118232,2831
23:41:52:129928,2722
23:41:52:142420,2664
23:41:52:152471,2739
23:41:52:165528,2860
23:41:52:176432,2883
23:41:52:188987,2846
23:41:52:204872,2745
23:41:52:216647,2701
23:41:52:227550,2782
23:41:52:236489,2884
23:41:52:248268,2869
23:41:52:260270,2768
23:41:52:272612,2692
23:41:52:284885,2738
23:41:52:296052,2864
23:41:52:309197,2879
23:41:52:320564,2784
23:41:52:332527,2689
23:41:52:344112,2709
23:41:52:355795,2831
23:41:52:367505,2884
23:41:52:379240,2815
23:41:52:391485,2696
23:41:52:403795,2697
23:41:52:415471,2799
23:41:52:427613,2884
23:41:52:440760,2838
23:41:52:452575,2720
23:41:52:463815,2686
23:41:52:476245,2764
23:41:52:488316,2876
23:41:52:500297,2854
23:41:52:512731,2748
23:41:52:524470,2681
23:41:52:535835,2739
23:41:52:547886,2856
23:41:52:559887,2869
23:41:52:570811,2771
23:41:52:583294,2681
23:41:52:594540,2713
23:41:52:607527,2839
23:41:52:619763,2882
23:41:52:630493,2805
23:41:52:643101,2692
23:41:52:655501,2696
23:41:52:667975,2808
23:41:52:679102,2882
23:41:52:691345,2827
23:41:52:706565,2710
23:41:52:718601,2689
23:41:52:730011,2773
23:41:52:741801,2879
23:41:52:751799,2847
23:41:52:763245,2738
23:41:52:778192,2682
23:41:52:789097,2751
23:41:52:798109,2864
23:41:52:809652,2874
23:41:52:822661,2812
23:41:52:834063,2714
23:41:52:850110,2728
23:41:52:859848,2841
23:41:52:869967,2883
23:41:52:887031,2803
23:41:52:896273,2697
23:41:52:910013,2721
23:41:52:918288,2838
23:41:52:929687,2874
23:41:52:941572,2793
23:41:52:954050,2695
23:41:52:966362,2729
23:41:52:978326,2841
23:41:52:988834,2870
23:41:53:001637,2774
23:41:53:012763,2693
23:41:53:023932,2731
23:41:53:036694,2852
23:41:53:051647,2867
23:41:53:064165,2768
23:41:53:073038,2694
23:41:53:085837,2735
23:41:53:101539,2856
23:41:53:111872,2857
23:41:53:124836,2762
23:41:53:132761,2693
23:41:53:145014,2752
23:41:53:156620,2860
23:41:53:168940,2853
23:41:53:179567,2743
23:41:53:192496,2694
23:41:53:204622,2758
23:41:53:216361,2868
23:41:53:227859,2849
23:41:53:240853,2737
23:41:53:252372,2694
23:41:53:263841,2763
23:41:53:275949,2870
23:41:53:287646,2847
23:41:53:300013,2733
23:41:53:312304,2694
23:41:53:323736,2778
23:41:53:335987,2871
23:41:53:349613,2835
23:41:53:359647,2720
23:41:53:371335,2694
23:41:53:386810,2784
23:41:53:397520,2872
23:41:53:407973,2844
23:41:53:418453,2733
23:41:53:430624,2706
23:41:53:443231,2800
23:41:53:458408,2871
23:41:53:470455,2812
23:41:53:483575,2703
23:41:53:494586,2726
23:41:53:504158,2831
23:41:53:517863,2861
23:41:53:529255,2763
23:41:53:538430,2697
23:41:53:551737,2758
23:41:53:563274,2864
23:41:53:574408,2837
23:41:53:587443,2725
23:41:53:597755,2700
23:41:53:609812,2794
23:41:53:621634,2868
23:41:53:633697,2794
23:41:53:645973,2698
23:41:53:657995,2724
23:41:53:670046,2840
23:41:53:681526,2856
23:41:53:693675,2758
23:41:53:705723,2695
23:41:53:717653,2758
23:41:53:729112,2862
23:41:53:741280,2824
23:41:53:755330,2720
23:41:53:765336,2700
23:41:53:777409,2808
23:41:53:789365,2867
23:41:53:802754,2791
23:41:53:814175,2695
23:41:53:826347,2725
23:41:53:837229,2841
23:41:53:849197,2846
23:41:53:862064,2754
23:41:53:873217,2695
23:41:53:889387,2769
23:41:53:900742,2863
23:41:53:911717,2822
23:41:53:922380,2709
23:41:53:933151,2702
23:41:53:944439,2810
23:41:53:957475,2867
23:41:53:969861,2842
23:41:53:985496,2746
23:41:53:996403,2728
23:41:54:008235,2819
23:41:54:018507,2871
23:41:54:028221,2782
23:41:54:039703,2706
23:41:54:051138,2763
23:41:54:063706,2863
23:41:54:075131,2825
23:41:54:087373,2716
23:41:54:099645,2724
23:41:54:111696,2823
23:41:54:123818,2853
23:41:54:135648,2753
23:41:54:147385,2701
23:41:54:159536,2779
23:41:54:171337,2863
23:41:54:183517,2806
23:41:54:194694,2702
23:41:54:206271,2734
23:41:54:219220,2842
23:41:54:232746,2838
23:41:54:243902,2730
23:41:54:255571,2701
23:41:54:267635,2803
23:41:54:278698,2862
23:41:54:291036,2782
23:41:54:307899,2698
23:41:54:317719,2758
23:41:54:330232,2854
23:41:54:343147,2822
23:41:54:353638,2711
23:41:54:363865,2713
23:41:54:375626,2822
23:41:54:386639,2850
23:41:54:399325,2761
23:41:54:411330,2699
23:41:54:423381,2777
23:41:54:435000,2860
23:41:54:452021,2804
23:41:54:459905,2705
23:41:54:470229,2728
23:41:54:481724,2842
23:41:54:493722,2853
23:41:54:509570,2801
23:41:54:517575,2721
23:41:54:529445,2764
23:41:54:541431,2864
23:41:54:554007,2818
23:41:54:565253,2722
23:41:54:577522,2738
23:41:54:589318,2848
23:41:54:601459,2835
23:41:54:613312,2728
23:41:54:624516,2727
23:41:54:637018,2823
23:41:54:649196,2844
23:41:54:662394,2738
23:41:54:674350,2707
23:41:54:684483,2808
23:41:54:696386,2856
23:41:54:708584,2769
23:41:54:720371,2706
23:41:54:733259,2786
23:41:54:746635,2858
23:41:54:756388,2784
23:41:54:768570,2705
23:41:54:782527,2761
23:41:54:793233,2856
23:41:54:808266,2804
23:41:54:815808,2708
23:41:54:829178,2739
23:41:54:840833,2848
23:41:54:854627,2824
23:41:54:864063,2720
23:41:54:877314,2729
23:41:54:889441,2828
23:41:54:899700,2837
23:41:54:911585,2731
23:41:54:924182,2708
23:41:54:935752,2815
23:41:54:953253,2849
23:41:54:961516,2759
23:41:54:971469,2705
23:41:54:983771,2796
23:41:54:996008,2858
23:41:55:008685,2792
23:41:55:021082,2712
23:41:55:032220,2766
23:41:55:042744,2851
23:41:55:054522,2788
23:41:55:068496,2713
23:41:55:079050,2771
23:41:55:093843,2850
23:41:55:103142,2793
23:41:55:115520,2712
23:41:55:126193,2775
23:41:55:138816,2850
23:41:55:151696,2787
23:41:55:163585,2712
23:41:55:174998,2770
23:41:55:187726,2849
23:41:55:198330,2791
23:41:55:209958,2710
23:41:55:222571,2774
23:41:55:235025,2849
23:41:55:247192,2786
23:41:55:258942,2710
23:41:55:271198,2769
23:41:55:282246,2849
23:41:55:298893,2781
23:41:55:305707,2710
23:41:55:317947,2773
23:41:55:330237,2849
23:41:55:341589,2786
23:41:55:354692,2710
23:41:55:366257,2777
23:41:55:378049,2848
23:41:55:389806,2781
23:41:55:403146,2710
23:41:55:414374,2783
23:41:55:426096,2848
23:41:55:442747,2777
23:41:55:453506,2710
23:41:55:466840,2778
23:41:55:475799,2849
23:41:55:485566,2819
23:41:55:498271,2728
23:41:55:509277,2762
23:41:55:521562,2848
23:41:55:532679,2805
23:41:55:544769,2723
23:41:55:556514,2772
23:41:55:568616,2848
23:41:55:584232,2776
23:41:55:596196,2721
23:41:55:609246,2797
23:41:55:620683,2846
23:41:55:631613,2761
23:41:55:643178,2722
23:41:55:654294,2819
23:41:55:664967,2837
23:41:55:675915,2735
23:41:55:687755,2735
23:41:55:700150,2828
23:41:55:711765,2818
23:41:55:724255,2722
23:41:55:736009,2744
23:41:55:753334,2843
23:41:55:763543,2797
23:41:55:771951,2717
23:41:55:783214,2768
23:41:55:795653,2846
23:41:55:807715,2781
23:41:55:818314,2716
23:41:55:830617,2794
23:41:55:842379,2845
23:41:55:854156,2758
23:41:55:866400,2721
23:41:55:878969,2811
23:41:55:890965,2834
23:41:55:902190,2733
23:41:55:914801,2729
23:41:55:926427,2827
23:41:55:938516,2833
23:41:55:950827,2760
23:41:55:966264,2731
23:41:55:974706,2827
23:41:55:986586,2821
23:41:56:002805,2728
23:41:56:013806,2761
23:41:56:027105,2841
23:41:56:033866,2782
23:41:56:047512,2722
23:41:56:059079,2792
23:41:56:070670,2838
23:41:56:083163,2738
23:41:56:094358,2730
23:41:56:105445,2826
23:41:56:117447,2809
23:41:56:129454,2724
23:41:56:141563,2764
23:41:56:153805,2841
23:41:56:165848,2776
23:41:56:178088,2721
23:41:56:194371,2807
23:41:56:204122,2833
23:41:56:213992,2734
23:41:56:225448,2738
23:41:56:238096,2828
23:41:56:252536,2803
23:41:56:263666,2721
23:41:56:274753,2768
23:41:56:289754,2840
23:41:56:300206,2762
23:41:56:309250,2721
23:41:56:320485,2812
23:41:56:333488,2827
23:41:56:344937,2731
23:41:56:360229,2742
23:41:56:368370,2834
23:41:56:385185,2824
23:41:56:396468,2736
23:41:56:406782,2760
23:41:56:417137,2841
23:41:56:428965,2783
23:41:56:442016,2727
23:41:56:453887,2804
23:41:56:465524,2823
23:41:56:476541,2734
23:41:56:492304,2750
23:41:56:500499,2836
23:41:56:512452,2783
23:41:56:524024,2725
23:41:56:535625,2807
23:41:56:550397,2825
23:41:56:560093,2730
23:41:56:571860,2755
23:41:56:583303,2834
23:41:56:595757,2777
23:41:56:607639,2724
23:41:56:620286,2803
23:41:56:631870,2821
23:41:56:644253,2728
23:41:56:656260,2751
23:41:56:667445,2835
23:41:56:684036,2772
23:41:56:693753,2724
23:41:56:706273,2808
23:41:56:716551,2817
23:41:56:727079,2730
23:41:56:739148,2756
23:41:56:751025,2835
23:41:56:762831,2775
23:41:56:775895,2724
23:41:56:787022,2813
23:41:56:799020,2831
23:41:56:811737,2767
23:41:56:822285,2736
23:41:56:834587,2825
23:41:56:852650,2809
23:41:56:861704,2731
23:41:56:869775,2791
23:41:56:882281,2831
23:41:56:893914,2735
23:41:56:908372,2754
23:41:56:920940,2834
23:41:56:930144,2766
23:41:56:941553,2728
23:41:56:953555,2819
23:41:56:965481,2803
23:41:56:977760,2727
23:41:56:991263,2783
23:41:57:001716,2827
23:41:57:013531,2738
23:41:57:025521,2749
23:41:57:037743,2831
23:41:57:052044,2775
23:41:57:064274,2727
23:41:57:073199,2817
23:41:57:086499,2811
23:41:57:096692,2727
23:41:57:110064,2781
23:41:57:120689,2831
23:41:57:133510,2739
23:41:57:144989,2746
23:41:57:157137,2828
23:41:57:169171,2776
23:41:57:181705,2727
23:41:57:194095,2809
23:41:57:207984,2822
23:41:57:217303,2735
23:41:57:229050,2752
23:41:57:241522,2827
23:41:57:254088,2760
23:41:57:264133,2732
23:41:57:276006,2823
23:41:57:288127,2790
23:41:57:301383,2730
23:41:57:312604,2811
23:41:57:324393,2811
23:41:57:340961,2729
23:41:57:350504,2788
23:41:57:362338,2826
23:41:57:371889,2733
23:41:57:383672,2766
23:41:57:396496,2830
23:41:57:407254,2756
23:41:57:419925,2746
23:41:57:431564,2826
23:41:57:444671,2776
23:41:57:456133,2731
23:41:57:466481,2816
23:41:57:478974,2800
23:41:57:491797,2730
23:41:57:502716,2797
23:41:57:514284,2817
23:41:57:526539,2730
23:41:57:538282,2772
23:41:57:550648,2829
23:41:57:562548,2738
23:41:57:574398,2754
23:41:57:586470,2830
23:41:57:599014,2787
23:41:57:610865,2731
23:41:57:622937,2805
23:41:57:633963,2802
23:41:57:646688,2731
23:41:57:657708,2794
23:41:57:669876,2812
23:41:57:681629,2732
23:41:57:693686,2782
23:41:57:706794,2819
23:41:57:717764,2735
23:41:57:730409,2773
23:41:57:742006,2824
23:41:57:757895,2741
23:41:57:769283,2765
23:41:57:780880,2826
23:41:57:789971,2751
23:41:57:801614,2758
23:41:57:813458,2827
23:41:57:825878,2761
23:41:57:837575,2747
23:41:57:850042,2826
23:41:57:862007,2770
23:41:57:872256,2737
23:41:57:884016,2824
23:41:57:896744,2781
23:41:57:908707,2734
23:41:57:920612,2820
23:41:57:933442,2790
23:41:57:944498,2734
23:41:57:957563,2810
23:41:57:969235,2817
23:41:57:980977,2737
23:41:57:993346,2772
23:41:58:005208,2824
23:41:58:017869,2737
23:41:58:029408,2772
23:41:58:041038,2824
23:41:58:056061,2737
23:41:58:065570,2773
23:41:58:075791,2824
23:41:58:088726,2737
23:41:58:100068,2774
23:41:58:112825,2824
23:41:58:125352,2736
23:41:58:135641,2774
23:41:58:151955,2824
23:41:58:162186,2736
23:41:58:171785,2775
23:41:58:183848,2823
23:41:58:196172,2736
23:41:58:208627,2777
23:41:58:220372,2822
23:41:58:232186,2736
23:41:58:242750,2777
23:41:58:259963,2821
23:41:58:267904,2736
23:41:58:279620,2778
23:41:58:294840,2821
23:41:58:306734,2736
23:41:58:318013,2779
23:41:58:327101,2825
23:41:58:341617,2763
23:41:58:354401,2753
23:41:58:363115,2824
23:41:58:375150,2756
23:41:58:391643,2763
23:41:58:402961,2824
23:41:58:415765,2745
23:41:58:424820,2772
23:41:58:435754,2822
23:41:58:449200,2738
23:41:58:462011,2780
23:41:58:474788,2816
23:41:58:483789,2738
23:41:58:493864,2791
23:41:58:505507,2807
23:41:58:518136,2738
23:41:58:529907,2805
23:41:58:541717,2795
23:41:58:553655,2738
23:41:58:565196,2813
23:41:58:577577,2786
23:41:58:589512,2738
23:41:58:601812,2819
23:41:58:614738,2776
23:41:58:626006,2747
23:41:58:637996,2822
23:41:58:649698,2764
23:41:58:661307,2760
23:41:58:672824,2824
23:41:58:685106,2788
23:41:58:696874,2734
23:41:58:711976,2801
23:41:58:724821,2784
23:41:58:734927,2736
23:41:58:747157,2815
23:41:58:756351,2767
23:41:58:769450,2748
23:41:58:784305,2819
23:41:58:795664,2748
23:41:58:807128,2767
23:41:58:817414,2818
23:41:58:830661,2736
23:41:58:844463,2782
23:41:58:856062,2803
23:41:58:864918,2737
23:41:58:878579,2806
23:41:58:887293,2784
23:41:58:899716,2737
23:41:58:912865,2817
23:41:58:923944,2765
23:41:58:936525,2760
23:41:58:950616,2820
23:41:58:961583,2746
23:41:58:976074,2775
23:41:58:984787,2817
23:41:58:995645,2736
23:41:59:008555,2795
23:41:59:038673,2814
23:41:59:041254,2735
23:41:59:043889,2794
23:41:59:054800,2791
23:41:59:068169,2737
23:41:59:079190,2814
23:41:59:091363,2767
23:41:59:103199,2760
23:41:59:115641,2816
23:41:59:126517,2742
23:41:59:138596,2782
23:41:59:150545,2796
23:41:59:162432,2738
23:41:59:174108,2811
23:41:59:186288,2772
23:41:59:198560,2745
23:41:59:210175,2817
23:41:59:223054,2745
23:41:59:234510,2774
23:41:59:245331,2810
23:41:59:257725,2737
23:41:59:269589,2801
23:41:59:281996,2781
23:41:59:293814,2742
23:41:59:305596,2816
23:41:59:317465,2757
23:41:59:329483,2770
23:41:59:341710,2817
23:41:59:353949,2746
23:41:59:365517,2771
23:41:59:377534,2809
23:41:59:389761,2738
23:41:59:401381,2801
23:41:59:414024,2777
23:41:59:426247,2755
23:41:59:437687,2816
23:41:59:448426,2746
23:41:59:460979,2785
23:41:59:472398,2800
23:41:59:484798,2741
23:41:59:496334,2814
23:41:59:509034,2766
23:41:59:520456,2765
23:41:59:532653,2814
23:41:59:544535,2740
23:41:59:556402,2799
23:41:59:568505,2781
23:41:59:580572,2743
23:41:59:593195,2816
23:41:59:605466,2751
23:41:59:617368,2775
23:41:59:628691,2806
23:41:59:640225,2741
23:41:59:652096,2809
23:41:59:664446,2783
23:41:59:676303,2746
23:41:59:688414,2813
23:41:59:699745,2748
23:41:59:712455,2786
23:41:59:724286,2793
23:41:59:737429,2743
23:41:59:747405,2814
23:41:59:763049,2757
23:41:59:772018,2778
23:41:59:783857,2794
23:41:59:796133,2743
23:41:59:808309,2813
23:41:59:820392,2759
23:41:59:830482,2773
23:41:59:843063,2806
23:41:59:855187,2743
23:41:59:866952,2810
23:41:59:878870,2765
23:41:59:890815,2771
23:41:59:902450,2812
23:41:59:914662,2742
23:41:59:926257,2809
23:41:59:938924,2774
23:41:59:950893,2763
23:41:59:963304,2815
23:41:59:975402,2770
23:41:59:986443,2765
23:41:59:998812,2812
23:42:00:010945,2745
23:42:00:022306,2809
23:42:00:033587,2765
23:42:00:045402,2769
23:42:00:058375,2807
23:42:00:069893,2745
23:42:00:086708,2810
23:42:00:097273,2761
23:42:00:107923,2773
23:42:00:121031,2802
23:42:00:134264,2745
23:42:00:144933,2811
23:42:00:156471,2758
23:42:00:165531,2780
23:42:00:177351,2796
23:42:00:189128,2745
23:42:00:201100,2813
23:42:00:213779,2755
23:42:00:226488,2785
23:42:00:237801,2784
23:42:00:248579,2746
23:42:00:261249,2813
23:42:00:273742,2773
23:42:00:290454,2746
23:42:00:298161,2811
23:42:00:309479,2745
23:42:00:321269,2800
23:42:00:333177,2770
23:42:00:345755,2774
23:42:00:356821,2807
23:42:00:368639,2747
23:42:00:380911,2812
23:42:00:392525,2756
23:42:00:406639,2787
23:42:00:416564,2781
23:42:00:431049,2754
23:42:00:443226,2813
23:42:00:454330,2747
23:42:00:464538,2806
23:42:00:475832,2767
23:42:00:487527,2777
23:42:00:504915,2804
23:42:00:511875,2748
23:42:00:524189,2813
23:42:00:535816,2754
23:42:00:553511,2792
23:42:00:562228,2793
23:42:00:571427,2735
23:42:00:584048,2777
23:42:00:596029,2771
23:42:00:607847,2755
23:42:00:620137,2804
23:42:00:632449,2745
23:42:00:643892,2808
23:42:00:654964,2751
23:42:00:672257,2792
23:42:00:679836,2779
23:42:00:692591,2765
23:42:00:705823,2805
23:42:00:718594,2750
23:42:00:731061,2812
23:42:00:740351,2757
23:42:00:751954,2791
23:42:00:762712,2777
23:42:00:774705,2764
23:42:00:786838,2808
23:42:00:800728,2752
23:42:00:810573,2813
23:42:00:823046,2755
23:42:00:834763,2797
23:42:00:847484,2793
23:42:00:857912,2743
23:42:00:870246,2806
23:42:00:887546,2748
23:42:00:897450,2802
23:42:00:909063,2761
23:42:00:922301,2780
23:42:00:929787,2780
23:42:00:941694,2763
23:42:00:953867,2807
23:42:00:966672,2752
23:42:00:977598,2810
23:42:00:989710,2752
23:42:01:001982,2800
23:42:01:013552,2764
23:42:01:025286,2778
23:42:01:036940,2784
23:42:01:048686,2761
23:42:01:060939,2809
23:42:01:072454,2752
23:42:01:089208,2809
23:42:01:099414,2755
23:42:01:112624,2796
23:42:01:123107,2788
23:42:01:136135,2741
23:42:01:148794,2805
23:42:01:158018,2755
23:42:01:168548,2787
23:42:01:180624,2771
23:42:01:193150,2779
23:42:01:204579,2786
23:42:01:215676,2761
23:42:01:227775,2801
23:42:01:239352,2753
23:42:01:251717,2808
23:42:01:263729,2752
23:42:01:275713,2803
23:42:01:287597,2759
23:42:01:299235,2792
23:42:01:312152,2773
23:42:01:323524,2776
23:42:01:335989,2790
23:42:01:347747,2759
23:42:01:359820,2805
23:42:01:371512,2754
23:42:01:383627,2808
23:42:01:396193,2763
23:42:01:408466,2773
23:42:01:419676,2782
23:42:01:430857,2764
23:42:01:442669,2800
23:42:01:458078,2755
23:42:01:467208,2804
23:42:01:479632,2752
23:42:01:490888,2806
23:42:01:505908,2752
23:42:01:518561,2803
23:42:01:526591,2756
23:42:01:538884,2796
23:42:01:550728,2766
23:42:01:563019,2783
23:42:01:574211,2774
23:42:01:586610,2771
23:42:01:598997,2784
23:42:01:610622,2763
23:42:01:621864,2802
23:42:01:640010,2754
23:42:01:648070,2807
23:42:01:661958,2763
23:42:01:672124,2782
23:42:01:682045,2774
23:42:01:693740,2774
23:42:01:710668,2779
23:42:01:719838,2772
23:42:01:733281,2789
23:42:01:744813,2761
23:42:01:754505,2793
23:42:01:765940,2755
23:42:01:778610,2802
23:42:01:790373,2753
23:42:01:801989,2804
23:42:01:813343,2753
23:42:01:825498,2805
23:42:01:841397,2752
23:42:01:848634,2804
23:42:01:860247,2755
23:42:01:872329,2798
23:42:01:889473,2758
23:42:01:899087,2795
23:42:01:910499,2760
23:42:01:921006,2541
23:42:01:932880,2209
23:42:01:944711,1884
23:42:01:956815,1492
23:42:01:969417,1092
23:42:01:980299,720
23:42:01:992469,286
23:42:02:004804,26
23:42:02:017131,26
23:42:02:027378,26
23:42:02:039427,26
23:42:02:051393,26
23:42:02:065877,27
23:42:02:075908,27
23:42:02:087291,28
23:42:02:100027,37
23:42:02:113809,38
23:42:02:124186,38
23:42:02:136200,38
23:42:02:147868,38
23:42:02:159671,38
23:42:02:172428,38
23:42:02:187933,38
23:42:02:195380,38
23:42:02:208735,38
23:42:02:219873,38
23:42:02:234511,38
23:42:02:242530,38
23:42:02:255364,38
23:42:02:267167,37
23:42:02:283178,38
23:42:02:293040,38
23:42:02:307499,38
23:42:02:319174,38
23:42:02:327008,38
23:42:02:342540,38
23:42:02:353821,38
23:42:02:365382,38
23:42:02:375528,38
23:42:02:387462,38
23:42:02:403250,38
23:42:02:410131,38
23:42:02:427475,38
23:42:02:437734,39
23:42:02:445427,38
23:42:02:463502,38
23:42:02:469451,38
23:42:02:481728,38
23:42:02:493627,38
23:42:02:505301,38
23:42:02:519413,38
23:42:02:529969,38
23:42:02:541603,38
23:42:02:554120,38
23:42:02:567587,38
23:42:02:578620,38
23:42:02:590521,38
23:42:02:601751,38
23:42:02:614449,38
23:42:02:624759,38
23:42:02:636561,38
23:42:02:651403,38
23:42:02:660723,38
23:42:02:673708,38
23:42:02:684811,38
23:42:02:696383,38
23:42:02:709931,38
23:42:02:721833,38
23:42:02:732218,38
23:42:02:748876,38
23:42:02:759392,38
23:42:02:770650,38
23:42:02:783747,38
23:42:02:796817,38
23:42:02:807916,38
23:42:02:818668,38
23:42:02:832134,38
23:42:02:843137,38
23:42:02:852211,38
23:42:02:864600,38
23:42:02:876447,38
23:42:02:888306,38
23:42:02:904187,38
23:42:02:913496,38
23:42:02:923800,38
23:42:02:935458,38
23:42:02:947603,38
23:42:02:959699,39
23:42:02:971354,38
23:42:02:983991,38
23:42:02:995690,38
23:42:03:006698,38
23:42:03:018437,38
23:42:03:031088,38
23:42:03:042632,38
23:42:03:054440,38
23:42:03:066938,38
23:42:03:078558,38
23:42:03:090469,38
23:42:03:102849,38
23:42:03:114826,38
23:42:03:127266,38
23:42:03:138796,38
23:42:03:150755,38
23:42:03:162994,38
23:42:03:174923,38
23:42:03:186676,38
23:42:03:197930,38
23:42:03:209640,38
23:42:03:221945,38
23:42:03:234159,38
23:42:03:247584,38
23:42:03:257869,38
23:42:03:270716,38
23:42:03:282035,38
23:42:03:294721,38
23:42:03:308751,38
23:42:03:318546,38
23:42:03:330299,38
23:42:03:346017,38
23:42:03:357252,38
23:42:03:366690,38
23:42:03:378442,38
23:42:03:392432,38
23:42:03:403511,38
23:42:03:416176,38
23:42:03:427876,38
23:42:03:440805,38
23:42:03:451859,38
23:42:03:463139,38
23:42:03:472068,38
23:42:03:484796,38
23:42:03:501628,38
23:42:03:509893,38
23:42:03:523873,38
23:42:03:532478,38
23:42:03:545456,38
23:42:03:560767,38
23:42:03:568492,38
23:42:03:581528,38
23:42:03:592779,38
23:42:03:607020,38
23:42:03:619459,38
23:42:03:631526,38
23:42:03:644096,38
23:42:03:654043,38
23:42:03:664146,38
23:42:03:678753,38
23:42:03:690711,38
23:42:03:700758,39
23:42:03:714550,38
23:42:03:723857,38
23:42:03:736885,38
23:42:03:750070,38
23:42:03:762638,38
23:42:03:772164,38
23:42:03:784891,38
23:42:03:797582,38
23:42:03:810727,38
23:42:03:820697,38
23:42:03:833258,38
23:42:03:843427,38
23:42:03:856804,38
23:42:03:868213,38
23:42:03:878954,38
23:42:03:895078,38
23:42:03:906365,38
23:42:03:916890,38
23:42:03:929923,38
23:42:03:939640,38
23:42:03:950720,38
23:42:03:966777,38
23:42:03:974634,38
23:42:03:986867,38
23:42:04:001024,39
23:42:04:011568,38
23:42:04:024573,38
23:42:04:033604,38
23:42:04:050311,38
23:42:04:061897,38
23:42:04:069944,38
23:42:04:085585,38
23:42:04:094537,38
23:42:04:109957,38
23:42:04:120191,38
23:42:04:133256,38
23:42:04:145028,38
23:42:04:155505,38
23:42:04:165437,38
23:42:04:177651,38
23:42:04:188295,38
23:42:04:203347,39
23:42:04:212937,38
23:42:04:224804,38
23:42:04:236209,38
23:42:04:248535,38
23:42:04:259832,38
23:42:04:272831,38
23:42:04:284454,38
23:42:04:299348,38
23:42:04:313115,38
23:42:04:323779,38
23:42:04:333425,38
23:42:04:345085,38
23:42:04:361404,38
23:42:04:369387,38
23:42:04:382074,38
23:42:04:396628,38
23:42:04:407810,38
23:42:04:420624,38
23:42:04:429995,38
23:42:04:443590,38
23:42:04:452310,38
23:42:04:464897,38
23:42:04:480278,38
23:42:04:488151,38
23:42:04:500300,38
23:42:04:514853,38
23:42:04:524627,38
23:42:04:536144,38
23:42:04:551396,38
23:42:04:563448,38
23:42:04:571119,38
23:42:04:584819,38
23:42:04:594822,38
23:42:04:606472,38
23:42:04:618888,38
23:42:04:630417,38
23:42:04:642541,38
23:42:04:654811,38
23:42:04:666730,38
23:42:04:679318,38
23:42:04:693830,38
23:42:04:702011,38
23:42:04:716761,38
23:42:04:727965,38
23:42:04:737862,38
23:42:04:748581,38
23:42:04:760148,38
23:42:04:772289,38
23:42:04:783907,38
23:42:04:795683,38
23:42:04:807971,38
23:42:04:819904,38
23:42:04:831620,38
23:42:04:843543,38
23:42:04:855326,38
23:42:04:867305,38
23:42:04:879898,38
23:42:04:891806,38
23:42:04:903265,38
23:42:04:915886,38
23:42:04:932437,38
23:42:04:939599,38
23:42:04:957887,38
23:42:04:963922,38
23:42:04:979501,38
23:42:04:987712,37
23:42:05:005774,38
23:42:05:015960,38
23:42:05:028946,38
23:42:05:034672,38
23:42:05:052347,38
23:42:05:063029,38
23:42:05:071053,38
23:42:05:084190,38
23:42:05:100005,38
23:42:05:110809,38
23:42:05:123630,38
23:42:05:135373,38
23:42:05:148078,38
23:42:05:158215,38
23:42:05:170432,38
23:42:05:180545,38
23:42:05:192326,38
23:42:05:204408,38
23:42:05:219591,38
23:42:05:227708,38
23:42:05:242897,38
23:42:05:254961,38
23:42:05:263791,38
23:42:05:275898,38
23:42:05:292061,38
23:42:05:301056,38
23:42:05:312841,38
23:42:05:325638,38
23:42:05:337390,38
23:42:05:350568,38
23:42:05:360012,38
23:42:05:370417,38
23:42:05:383131,38
23:42:05:398720,38
23:42:05:409247,38
23:42:05:421847,38
23:42:05:433584,38
23:42:05:446019,38
23:42:05:457418,38
23:42:05:466028,38
23:42:05:477865,38
23:42:05:490298,38
23:42:05:506126,38
23:42:05:514915,37
23:42:05:526881,38
23:42:05:537775,38
23:42:05:555149,38
23:42:05:564903,38
23:42:05:572940,38
23:42:05:588985,38
23:42:05:600365,38
23:42:05:613264,38
23:42:05:622394,38
23:42:05:636364,38
23:42:05:648773,38
23:42:05:660659,38
23:42:05:668663,38
23:42:05:684336,38
23:42:05:692214,38
23:42:05:709075,38
23:42:05:716621,38
23:42:05:733718,38
23:42:05:744202,38
23:42:05:756389,38
23:42:05:768494,38
23:42:05:781153,38
23:42:05:790637,38
23:42:05:798948,38
23:42:05:812096,38
23:42:05:823711,38
23:42:05:838285,38
23:42:05:852482,38
23:42:05:863388,38
23:42:05:871557,38
23:42:05:889051,38
23:42:05:899153,38
23:42:05:913302,38
23:42:05:923735,38
23:42:05:933913,38
23:42:05:944843,38
23:42:05:956293,38
23:42:05:968702,38
23:42:05:982164,38
23:42:05:993741,38
23:42:06:007258,38
23:42:06:016171,38
23:42:06:025635,38
23:42:06:038652,38
23:42:06:056422,38
23:42:06:063323,38
23:42:06:073814,38
23:42:06:092022,37
23:42:06:099682,38
23:42:06:113094,38
23:42:06:123072,38
23:42:06:138125,38
23:42:06:150824,38
23:42:06:162529,38
23:42:06:174334,38
23:42:06:186644,38
23:42:06:197829,39
23:42:06:206666,38
23:42:06:218557,38
23:42:06:229578,38
23:42:06:245685,38
23:42:06:257112,38
23:42:06:270592,38
23:42:06:280099,38
23:42:06:293696,38
23:42:06:303620,38
23:42:06:315423,38
23:42:06:331615,38
23:42:06:340604,38
23:42:06:352433,38
23:42:06:362261,38
23:42:06:373685,38
23:42:06:389101,38
23:42:06:400632,38
23:42:06:409268,38
23:42:06:420141,38
23:42:06:431515,38
23:42:06:443515,38
23:42:06:455924,38
23:42:06:467846,38
23:42:06:479529,38
23:42:06:491473,38
23:42:06:503454,38
23:42:06:515610,38
23:42:06:526669,38
23:42:06:539256,38
23:42:06:551581,38
23:42:06:562534,38
23:42:06:574656,38
23:42:06:586319,38
23:42:06:598716,38
23:42:06:611505,38
23:42:06:625931,38
23:42:06:638033,38
23:42:06:652463,38
23:42:06:663992,38
23:42:06:675633,38
23:42:06:686669,38
23:42:06:696647,38
23:42:06:711056,38
23:42:06:724485,38
23:42:06:734906,38
23:42:06:747474,38
23:42:06:758077,38
23:42:06:771573,38
23:42:06:782403,38
23:42:06:794694,38
23:42:06:805856,38
23:42:06:817413,38
23:42:06:831353,38
23:42:06:841896,38
23:42:06:853469,38
23:42:06:864830,38
23:42:06:873959,38
23:42:06:887222,38
23:42:06:898663,38
23:42:06:914893,38
23:42:06:922710,38
23:42:06:935315,38
23:42:06:950742,38
23:42:06:961662,38
23:42:06:969585,38
23:42:06:982107,38
23:42:06:998672,38
23:42:07:004925,38
23:42:07:022891,38
23:42:07:031467,38
23:42:07:045090,38
23:42:07:057021,38
23:42:07:067322,38
23:42:07:083276,38
23:42:07:093927,38
23:42:07:103616,38
23:42:07:118856,38
23:42:07:128643,38
23:42:07:139745,38
23:42:07:153264,38
23:42:07:161332,38
23:42:07:177791,38
23:42:07:189148,38
23:42:07:199596,38
23:42:07:212128,38
23:42:07:224550,38
23:42:07:234235,38
23:42:07:248741,38
23:42:07:257442,38
23:42:07:271537,38
23:42:07:285961,38
23:42:07:296665,38
23:42:07:307882,38
23:42:07:318449,38
23:42:07:331200,38
23:42:07:343864,38
23:42:07:356579,38
23:42:07:363568,38
23:42:07:375379,38
23:42:07:390133,38
23:42:07:402953,38
23:42:07:415976,38
23:42:07:427642,38
23:42:07:439728,38
23:42:07:447403,38
23:42:07:460667,38
23:42:07:471351,38
23:42:07:486160,38
23:42:07:497434,38
23:42:07:510441,38
23:42:07:522990,38
23:42:07:532447,38
23:42:07:545590,38
23:42:07:554768,38
23:42:07:566700,38
23:42:07:578843,38
23:42:07:592560,38
23:42:07:607572,38
23:42:07:615042,38
23:42:07:628864,38
23:42:07:642239,38
23:42:07:655672,38
23:42:07:666587,38
23:42:07:677564,38
23:42:07:690102,38
23:42:07:697945,38
23:42:07:713486,38
23:42:07:726027,38
23:42:07:736389,38
23:42:07:750509,38
23:42:07:761625,38
23:42:07:774196,38
23:42:07:786307,38
23:42:07:798258,38
23:42:07:807702,38
23:42:07:822981,38
23:42:07:831815,38
23:42:07:846678,38
23:42:07:857423,38
23:42:07:867627,38
23:42:07:878077,38
23:42:07:893219,38
23:42:07:904907,38
23:42:07:913517,38
23:42:07:926157,38
23:42:07:937210,38
23:42:07:951173,38
23:42:07:960209,38
23:42:07:973261,38
23:42:07:985978,38
23:42:08:001617,38
23:42:08:007674,38
23:42:08:019506,38
23:42:08:031091,38
23:42:08:043709,38
23:42:08:056766,38
23:42:08:067567,38
23:42:08:080079,38
23:42:08:091696,38
23:42:08:104618,38
23:42:08:115438,38
23:42:08:132287,38
23:42:08:139821,38
23:42:08:153098,38
23:42:08:167168,38
23:42:08:179377,38
23:42:08:187371,38
23:42:08:198295,38
23:42:08:210249,38
23:42:08:223343,38
23:42:08:235329,38
23:42:08:246666,38
23:42:08:258388,38
23:42:08:270826,38
23:42:08:283203,38
23:42:08:294517,38
23:42:08:306996,38
23:42:08:318107,38
23:42:08:329506,38
23:42:08:341887,38
23:42:08:353591,38
23:42:08:365394,38
23:42:08:378214,38
23:42:08:391775,38
23:42:08:407925,38
23:42:08:419030,38
23:42:08:428318,38
23:42:08:440363,38
23:42:08:453418,38
23:42:08:466434,38
23:42:08:474556,38
23:42:08:486580,38
23:42:08:501516,38
23:42:08:510627,38
23:42:08:522972,38
23:42:08:533945,38
23:42:08:550975,38
23:42:08:562054,38
23:42:08:569443,38
23:42:08:586645,38
23:42:08:596597,38
23:42:08:608229,38
23:42:08:620790,38
23:42:08:631829,38
23:42:08:645543,38
23:42:08:658197,38
23:42:08:666968,38
23:42:08:677249,38
23:42:08:694214,38
23:42:08:701033,38
23:42:08:713474,38
23:42:08:729899,38
23:42:08:741032,38
23:42:08:750603,38
23:42:08:764542,38
23:42:08:777518,38
23:42:08:788768,38
23:42:08:800802,38
23:42:08:810975,38
23:42:08:823969,38
23:42:08:834409,38
23:42:08:849730,38
23:42:08:858342,37
23:42:08:872938,38
23:42:08:880341,38
23:42:08:893533,38
23:42:08:905528,38
23:42:08:915810,38
23:42:08:928485,38
23:42:08:939651,38
23:42:08:953474,38
23:42:08:967572,38
23:42:08:975170,38
23:42:08:988168,38
23:42:09:000499,38
23:42:09:010872,38
23:42:09:029277,38
23:42:09:035182,38
23:42:09:052107,38
23:42:09:061983,38
23:42:09:071249,38
23:42:09:088655,38
23:42:09:094772,38
23:42:09:112268,38
23:42:09:122048,38
23:42:09:133442,38
23:42:09:146440,38
23:42:09:157538,38
23:42:09:170842,38
23:42:09:180492,38
23:42:09:189540,38
23:42:09:207718,37
23:42:09:217908,38
23:42:09:231527,38
23:42:09:241862,38
23:42:09:254350,38
23:42:09:265394,38
23:42:09:273657,38
23:42:09:285490,38
23:42:09:298088,38
23:42:09:310258,38
23:42:09:326850,38
23:42:09:338164,38
23:42:09:349592,38
23:42:09:356749,38
23:42:09:374097,38
23:42:09:381884,37
23:42:09:396993,38
23:42:09:409576,38
23:42:09:417039,38
23:42:09:428667,38
23:42:09:440743,38
23:42:09:453001,38
23:42:09:464804,38
23:42:09:476667,38
23:42:09:488312,38
23:42:09:500306,38
23:42:09:512702,38
23:42:09:525022,38
23:42:09:536460,38
23:42:09:548091,38
23:42:09:561063,38
23:42:09:571586,38
23:42:09:584389,38
23:42:09:596108,38
23:42:09:610848,38
23:42:09:623916,38
23:42:09:635853,38
23:42:09:648764,38
23:42:09:657759,38
23:42:09:669598,38
23:42:09:679475,38
23:42:09:691956,38
23:42:09:708668,38
23:42:09:719442,38
23:42:09:732427,38
23:42:09:739975,38
23:42:09:753165,38
23:42:09:767192,38
23:42:09:778066,38
23:42:09:789228,38
23:42:09:801774,38
23:42:09:816112,38
23:42:09:827240,38
23:42:09:840759,38
23:42:09:850741,38
23:42:09:861471,38
23:42:09:872823,38
23:42:09:883735,38
23:42:09:897553,38
23:42:09:908877,39
23:42:09:922999,38
23:42:09:934156,38
23:42:09:942940,38
23:42:09:959798,38
23:42:09:971175,38
23:42:09:978079,38
23:42:09:989857,38
23:42:10:001453,38
23:42:10:013818,38
23:42:10:025469,38
23:42:10:037622,38
23:42:10:048942,38
23:42:10:062104,38
23:42:10:073345,38
23:42:10:085259,38
23:42:10:097165,38
23:42:10:109738,38
23:42:10:121917,38
23:42:10:133959,38
23:42:10:145254,38
23:42:10:157919,38
23:42:10:171744,38
23:42:10:184744,38
23:42:10:198497,38
23:42:10:210193,38
23:42:10:222001,38
23:42:10:234741,38
23:42:10:244230,38
23:42:10:257919,38
23:42:10:268773,38
23:42:10:279695,38
23:42:10:292412,38
23:42:10:305287,38
23:42:10:315734,38
23:42:10:328796,38
23:42:10:341122,38
23:42:10:351560,38
23:42:10:362310,38
23:42:10:375452,38
23:42:10:385078,38
23:42:10:397895,38
23:42:10:410229,38
23:42:10:420911,38
23:42:10:433269,38
23:42:10:444072,38
23:42:10:460853,38
23:42:10:469816,38
23:42:10:481588,38
23:42:10:491999,38
23:42:10:509545,38
23:42:10:518511,38
23:42:10:530402,38
23:42:10:540258,38
23:42:10:553955,38
23:42:10:564321,38
23:42:10:576100,38
23:42:10:593096,38
23:42:10:602684,38
23:42:10:610902,38
23:42:10:626517,38
23:42:10:638318,38
23:42:10:651660,38
23:42:10:660048,38
23:42:10:674683,38
23:42:10:684407,38
23:42:10:698614,38
23:42:10:711348,38
23:42:10:721272,38
23:42:10:733758,38
23:42:10:743075,38
23:42:10:757749,38
23:42:10:765962,38
23:42:10:783362,38
23:42:10:795033,38
23:42:10:807218,38
23:42:10:816764,38
23:42:10:827729,38
23:42:10:841887,38
23:42:10:853445,38
23:42:10:865321,38
23:42:10:876104,38
23:42:10:887621,38
23:42:10:902206,38
23:42:10:912885,38
23:42:10:922992,38
23:42:10:935973,38
23:42:10:950505,38
23:42:10:960697,38
23:42:10:969734,38
23:42:10:984467,38
23:42:10:994991,38
23:42:11:006878,38
23:42:11:020038,38
23:42:11:030490,38
23:42:11:041111,38
23:42:11:054645,38
23:42:11:064774,38
23:42:11:077042,38
23:42:11:091663,38
23:42:11:106583,38
23:42:11:116023,38
23:42:11:129570,38
23:42:11:139114,38
23:42:11:151768,38
23:42:11:160392,38
23:42:11:177691,38
23:42:11:184245,38
23:42:11:197344,38
23:42:11:209382,38
23:42:11:224764,38
23:42:11:235992,38
23:42:11:246325,38
23:42:11:257964,38
23:42:11:270413,38
23:42:11:284242,38
23:42:11:294467,38
23:42:11:306013,38
23:42:11:316141,38
23:42:11:328108,38
23:42:11:344444,38
23:42:11:355602,37
23:42:11:365699,38
23:42:11:376533,38
23:42:11:392488,38
23:42:11:401208,38
23:42:11:414430,38
23:42:11:424292,38
23:42:11:435826,38
23:42:11:450133,38
23:42:11:462446,38
23:42:11:471155,38
23:42:11:484456,38
23:42:11:499813,38
23:42:11:510490,38
23:42:11:521716,38
23:42:11:530504,38
23:42:11:543198,38
23:42:11:557401,38
23:42:11:567260,38
23:42:11:581541,38
23:42:11:592237,38
23:42:11:602849,38
23:42:11:614623,38
23:42:11:629111,38
23:42:11:640772,38
23:42:11:650408,38
23:42:11:662758,39
23:42:11:674212,38
23:42:11:690810,38
23:42:11:702109,38
23:42:11:714480,38
23:42:11:721565,39
23:42:11:733484,38
23:42:11:745317,38
23:42:11:756919,38
23:42:11:768300,38
23:42:11:780107,38
23:42:11:792654,38
23:42:11:804616,38
23:42:11:816700,38
23:42:11:828517,38
23:42:11:840569,38
23:42:11:852555,38
23:42:11:864523,38
23:42:11:876306,38
23:42:11:888925,38
23:42:11:901011,38
23:42:11:916782,38
23:42:11:926627,38
23:42:11:936886,38
23:42:11:952712,38
23:42:11:963644,38
23:42:11:972517,38
23:42:11:985667,38
23:42:11:999466,38
23:42:12:009344,38
23:42:12:023146,38
23:42:12:031897,39
23:42:12:047222,38
23:42:12:057976,38
23:42:12:069202,38
23:42:12:079968,38
23:42:12:094666,38
23:42:12:105282,38
23:42:12:117114,38
23:42:12:128734,38
23:42:12:141577,38
23:42:12:155877,38
23:42:12:167190,38
23:42:12:177874,38
23:42:12:191659,38
23:42:12:202011,38
23:42:12:215079,38
23:42:12:224191,38
23:42:12:236900,38
23:42:12:246672,38
23:42:12:259525,38
23:42:12:293347,38
23:42:12:296474,38
23:42:12:298059,38
23:42:12:306692,38
23:42:12:322428,38
23:42:12:335719,38
23:42:12:345168,38
23:42:12:354718,38
23:42:12:366826,38
23:42:12:377473,38
23:42:12:389477,38
23:42:12:401923,38
23:42:12:413404,38
23:42:12:426654,39
23:42:12:440419,38
23:42:12:450612,38
23:42:12:462340,38
23:42:12:474158,38
23:42:12:486389,38
23:42:12:502545,38
23:42:12:510171,38
23:42:12:521759,38
23:42:12:534427,38
23:42:12:550445,38
23:42:12:559255,38
23:42:12:569502,38
23:42:12:583405,38
23:42:12:594588,38
23:42:12:608845,38
23:42:12:617706,38
23:42:12:629131,38
23:42:12:646254,38
23:42:12:655459,38
23:42:12:664770,38
23:42:12:681714,38
23:42:12:693038,38
23:42:12:701950,38
23:42:12:713779,38
23:42:12:728319,38
23:42:12:739526,38
23:42:12:751503,38
23:42:12:761441,38
23:42:12:773071,38
23:42:12:785197,38
23:42:12:800527,38
23:42:12:811289,38
23:42:12:823731,38
23:42:12:831734,38
23:42:12:848426,38
23:42:12:857346,38
23:42:12:867986,38
23:42:12:879699,38
23:42:12:895952,38
23:42:12:906309,38
23:42:12:919572,38
23:42:12:929139,38
23:42:12:940059,39
23:42:12:953609,38
23:42:12:964622,38
23:42:12:976274,39
23:42:12:988394,38
23:42:13:003148,38
23:42:13:011370,38
23:42:13:023771,38
23:42:13:035258,38
23:42:13:051534,38
23:42:13:058859,38
23:42:13:070637,38
23:42:13:087865,38
23:42:13:096407,39
23:42:13:110908,38
23:42:13:122099,38
23:42:13:133989,38
23:42:13:145356,38
23:42:13:157499,38
23:42:13:167250,38
23:42:13:178896,38
23:42:13:191221,38
23:42:13:202707,38
23:42:13:215972,38
23:42:13:231971,38
23:42:13:241068,38
23:42:13:255138,38
23:42:13:265134,38
23:42:13:277582,38
23:42:13:285672,38
23:42:13:302237,38
23:42:13:309897,38
23:42:13:324788,38
23:42:13:333660,38
23:42:13:349790,38
23:42:13:361071,38
23:42:13:372798,39
23:42:13:381557,38
23:42:13:397232,38
23:42:13:407816,38
23:42:13:417813,38
23:42:13:428477,38
23:42:13:440731,38
23:42:13:452841,38
23:42:13:464528,38
23:42:13:476777,38
23:42:13:488331,38
23:42:13:500697,38
23:42:13:512792,38
23:42:13:524625,38
23:42:13:536268,38
23:42:13:548348,38
23:42:13:560966,38
23:42:13:572850,38
23:42:13:584530,38
23:42:13:596903,38
23:42:13:613255,38
23:42:13:621786,38
23:42:13:635215,38
23:42:13:647085,38
23:42:13:660102,38
23:42:13:671130,38
23:42:13:683074,38
23:42:13:692723,38
23:42:13:704310,38
23:42:13:718771,38
23:42:13:729706,38
23:42:13:742102,38
23:42:13:753772,38
23:42:13:766548,38
23:42:13:777337,38
23:42:13:790120,38
23:42:13:803008,38
23:42:13:810819,38
23:42:13:826169,38
23:42:13:838681,38
23:42:13:849140,38
23:42:13:860507,38
23:42:13:874855,38
23:42:13:883163,38
23:42:13:898980,38
23:42:13:906482,38
23:42:13:920291,38
23:42:13:932468,38
23:42:13:943625,38
23:42:13:957778,38
23:42:13:967222,38
23:42:13:981444,38
23:42:13:990776,38
23:42:14:006222,38
23:42:14:016912,38
23:42:14:028988,38
23:42:14:037770,38
23:42:14:054395,38
23:42:14:062926,38
23:42:14:073853,38
23:42:14:090486,38
23:42:14:099392,38
23:42:14:110421,38
23:42:14:123637,38
23:42:14:135902,38
23:42:14:149083,38
23:42:14:158238,38
23:42:14:173903,38
23:42:14:183064,38
23:42:14:197427,38
23:42:14:206358,38
23:42:14:219431,38
23:42:14:234146,38
23:42:14:243816,38
23:42:14:257912,39
23:42:14:267726,38
23:42:14:279953,38
23:42:14:289264,39
23:42:14:303709,38
23:42:14:315902,38
23:42:14:325394,38
23:42:14:339072,38
23:42:14:352667,38
23:42:14:362408,38
23:42:14:375717,38
23:42:14:385424,38
23:42:14:400530,38
23:42:14:408821,38
23:42:14:424683,38
23:42:14:435481,38
23:42:14:447742,38
23:42:14:455509,38
23:42:14:468939,38
23:42:14:481096,38
23:42:14:493039,38
23:42:14:508369,38
23:42:14:518309,38
23:42:14:527707,38
23:42:14:539562,38
23:42:14:552208,38
23:42:14:566163,38
23:42:14:576673,38
23:42:14:589241,38
23:42:14:599920,38
23:42:14:611811,38
23:42:14:626066,38
23:42:14:634737,38
23:42:14:653224,38
23:42:14:662165,38
23:42:14:670220,38
23:42:14:682564,38
23:42:14:694609,38
23:42:14:706245,38
23:42:14:718155,38
23:42:14:731022,38
23:42:14:742801,38
23:42:14:757365,38
23:42:14:766489,38
23:42:14:778482,38
23:42:14:793442,38
23:42:14:804720,38
23:42:14:816756,38
23:42:14:829494,38
23:42:14:839890,38
23:42:14:849270,38
23:42:14:863580,38
23:42:14:874640,38
23:42:14:886716,38
23:42:14:900213,38
23:42:14:913592,38
23:42:14:924327,38
23:42:14:935704,38
23:42:14:945986,38
23:42:14:958713,38
23:42:14:972680,38
23:42:14:983518,38
23:42:14:996454,38
23:42:15:004795,38
23:42:15:016719,38
23:42:15:031237,38
23:42:15:041672,38
23:42:15:054018,38
23:42:15:065774,38
23:42:15:082940,38
23:42:15:090890,38
23:42:15:102740,38
23:42:15:113141,38
23:42:15:125096,38
23:42:15:136467,38
23:42:15:148670,38
23:42:15:160608,38
23:42:15:172983,38
23:42:15:184608,38
23:42:15:196918,38
23:42:15:207782,38
23:42:15:219692,38
23:42:15:231602,38
23:42:15:243215,39
23:42:15:255859,38
23:42:15:267968,38
23:42:15:279463,38
23:42:15:291671,38
23:42:15:303587,38
23:42:15:315898,38
23:42:15:330814,38
23:42:15:339575,38
23:42:15:353571,38
23:42:15:364851,38
23:42:15:375479,38
23:42:15:387912,38
23:42:15:403128,38
23:42:15:414626,38
23:42:15:426138,38
23:42:15:437557,38
23:42:15:449510,38
23:42:15:462469,38
23:42:15:472491,38
23:42:15:482777,38
23:42:15:494716,38
23:42:15:506766,38
23:42:15:518466,38
23:42:15:530834,38
23:42:15:542585,38
23:42:15:554856,38
23:42:15:566710,38
23:42:15:578677,38
23:42:15:590812,38
23:42:15:602367,38
23:42:15:613304,38
23:42:15:625496,38
23:42:15:637478,38
23:42:15:649788,38
23:42:15:661511,38
23:42:15:673576,38
23:42:15:685911,38
23:42:15:697716,38
23:42:15:709560,38
23:42:15:721914,38
23:42:15:733775,38
23:42:15:750631,38
23:42:15:760588,38
23:42:15:770326,38
23:42:15:786703,38
23:42:15:797515,38
23:42:15:808157,38
23:42:15:816752,38
23:42:15:828415,38
23:42:15:840932,38
23:42:15:854069,38
23:42:15:866266,38
23:42:15:876929,38
23:42:15:892689,38
23:42:15:902446,38
23:42:15:914760,38
23:42:15:928750,38
23:42:15:937439,38
23:42:15:952366,38
23:42:15:962958,38
23:42:15:972932,38
23:42:15:986082,38
23:42:15:997298,38
23:42:16:012595,38
23:42:16:021467,38
23:42:16:031693,38
23:42:16:044440,38
23:42:16:055582,38
23:42:16:067843,38
23:42:16:080388,38
23:42:16:092148,38
23:42:16:104793,38
23:42:16:115761,38
23:42:16:128486,38
23:42:16:140037,38
23:42:16:151821,38
23:42:16:164470,38
23:42:16:176640,38
23:42:16:187618,38
23:42:16:199818,38
23:42:16:211121,38
23:42:16:223069,38
23:42:16:234614,38
23:42:16:247406,38
23:42:16:260005,38
23:42:16:271043,38
23:42:16:282852,38
23:42:16:298150,38
23:42:16:306920,38
23:42:16:319155,38
23:42:16:331670,38
23:42:16:343208,38
23:42:16:359665,38
23:42:16:369276,38
23:42:16:379085,38
23:42:16:391497,38
23:42:16:404834,38
23:42:16:414133,38
23:42:16:425768,38
23:42:16:437412,39
23:42:16:450026,38
23:42:16:461949,38
23:42:16:473860,38
23:42:16:485657,38
23:42:16:500904,38
23:42:16:512397,38
23:42:16:522191,38
23:42:16:533692,38
23:42:16:546913,38
23:42:16:558183,38
23:42:16:570157,38
23:42:16:582416,38
23:42:16:598655,38
23:42:16:608639,38
23:42:16:620585,38
23:42:16:630002,38
23:42:16:641280,38
23:42:16:657742,38
23:42:16:667578,38
23:42:16:680920,38
23:42:16:692137,38
23:42:16:703664,38
23:42:16:715845,38
23:42:16:726084,38
23:42:16:738981,38
23:42:16:752696,38
23:42:16:761937,38
23:42:16:776726,38
23:42:16:786801,38
23:42:16:798320,38
23:42:16:809554,38
23:42:16:822636,38
23:42:16:831504,38
23:42:16:843736,38
23:42:16:855474,38
23:42:16:867710,38
23:42:16:879775,38
23:42:16:891492,38
23:42:16:903848,38
23:42:16:915639,37
23:42:16:927747,38
23:42:16:939421,38
23:42:16:951397,38
23:42:16:964134,38
23:42:16:975991,38
23:42:16:987478,38
23:42:16:999667,38
23:42:17:012832,38
23:42:17:022589,38
23:42:17:035155,37
23:42:17:047022,38
23:42:17:062802,38
23:42:17:071062,38
23:42:17:087495,38
23:42:17:096085,38
23:42:17:110065,38
23:42:17:119147,38
23:42:17:131355,38
23:42:17:147494,38
23:42:17:157749,38
23:42:17:169207,38
23:42:17:183141,38
23:42:17:193063,38
23:42:17:207054,38
23:42:17:216117,38
23:42:17:230335,38
23:42:17:241779,38
23:42:17:254303,38
23:42:17:265930,38
23:42:17:277767,38
23:42:17:286679,38
23:42:17:300613,38
23:42:17:310323,38
23:42:17:325309,38
23:42:17:336914,38
23:42:17:346791,38
23:42:17:360044,38
23:42:17:371620,38
23:42:17:381311,38
23:42:17:395046,38
23:42:17:407233,38
23:42:17:417800,38
23:42:17:430484,38
23:42:17:442381,38
23:42:17:453030,38
23:42:17:464981,38
23:42:17:476859,38
23:42:17:489396,38
23:42:17:501230,38
23:42:17:513414,38
23:42:17:525392,38
23:42:17:537171,38
23:42:17:550977,38
23:42:17:563799,38
23:42:17:573460,38
23:42:17:585153,38
23:42:17:597601,38
23:42:17:611214,38
23:42:17:623256,38
23:42:17:632738,38
23:42:17:644137,38
23:42:17:661571,38
23:42:17:671250,38
23:42:17:680113,38
23:42:17:691541,38
23:42:17:706820,38
23:42:17:716118,38
23:42:17:731424,38
23:42:17:742095,38
23:42:17:756120,38
23:42:17:764978,38
23:42:17:779545,38
23:42:17:789919,38
23:42:17:801056,38
23:42:17:813599,38
23:42:17:827646,38
23:42:17:837383,38
23:42:17:848784,38
23:42:17:860109,38
23:42:17:874433,38
23:42:17:882642,38
23:42:17:896156,38
23:42:17:909378,38
23:42:17:922389,38
23:42:17:933360,38
23:42:17:943518,38
23:42:17:954661,38
23:42:17:968088,38
23:42:17:978865,38
23:42:17:991063,38
23:42:18:006961,38
23:42:18:016127,38
23:42:18:028061,38
23:42:18:038506,38
23:42:18:055118,38
23:42:18:064188,38
23:42:18:073860,38
23:42:18:089399,38
23:42:18:099763,38
23:42:18:112276,38
23:42:18:123368,38
23:42:18:136513,38
23:42:18:148538,38
23:42:18:161042,38
23:42:18:171584,38
23:42:18:183356,38
23:42:18:196575,37
23:42:18:209502,38
23:42:18:220096,38
23:42:18:232347,38
23:42:18:242578,38
23:42:18:252585,38
23:42:18:264214,38
23:42:18:277102,38
23:42:18:288790,38
23:42:18:301142,38
23:42:18:313267,38
23:42:18:325257,38
23:42:18:341189,38
23:42:18:349719,38
23:42:18:364133,38
23:42:18:374776,38
23:42:18:384323,38
