19:50:55:059855,-1
19:50:55:177676,-201
19:50:55:294223,-401
19:50:55:411264,-601
19:50:55:527993,-801
19:50:55:645200,-1001
19:50:55:762097,-1201
19:50:55:879308,-1401
19:50:55:996092,-1601
19:50:56:114260,-1801
19:50:56:231090,-2001
19:50:56:348179,-2201
19:50:56:466080,-2401
19:50:56:584259,-2601
19:50:56:701253,-2801
19:50:56:818292,-3001
19:50:56:936054,-3201
19:50:57:054296,-3401
19:50:57:171048,-3601
19:50:57:289184,-3801
19:50:57:407323,-4001
19:50:57:525417,-4201
19:50:57:643688,-4401
19:50:57:761325,-4601
19:50:57:879511,-4801
19:50:57:997315,-5001
19:50:58:115137,-5201
19:50:58:233086,-5401
19:50:58:351205,-5601
19:50:58:469177,-5801
19:50:58:587357,-6001
19:50:58:705232,-6201
19:50:58:823654,-6401
19:50:58:941349,-6601
19:50:59:059070,-6801
19:50:59:177370,-7001
19:50:59:295152,-7201
19:50:59:413455,-7401
19:50:59:531130,-7601
19:50:59:649378,-7801
19:50:59:767539,-8001
19:50:59:885434,-8201
19:51:00:003233,-8401
19:51:00:121401,-8601
19:51:00:239372,-8801
19:51:00:357203,-9001
19:51:00:475059,-9201
19:51:00:593198,-9401
19:51:00:711249,-9601
19:51:00:829361,-9801
19:51:00:946986,-10001
19:51:01:063267,-10201
19:51:01:181246,-10401
19:51:01:299806,-10601
19:51:01:417643,-10801
19:51:01:539427,-11001
19:51:01:656084,-11201
19:51:01:773441,-11401
19:51:01:891470,-11601
19:51:02:009717,-11801
19:51:02:127434,-12001
19:51:02:245438,-12201
19:51:02:363690,-12401
19:51:02:481416,-12601
19:51:02:599239,-12801
19:51:02:717521,-13001
19:51:02:836700,-13201
19:51:02:954198,-13401
19:51:03:070982,-13601
19:51:03:187170,-13801
19:51:03:305454,-14001
19:51:03:423457,-14201
19:51:03:541437,-14401
19:51:03:659376,-14601
19:51:03:777259,-14801
19:51:03:895315,-15001
19:51:04:013666,-15201
19:51:04:131293,-15401
19:51:04:249333,-15601
19:51:04:367039,-15801
19:51:04:483235,-16001
19:51:04:601696,-16201
19:51:04:719421,-16401
19:51:04:837606,-16601
19:51:04:955449,-16801
19:51:05:073181,-17001
19:51:05:191386,-17201
19:51:05:309317,-17401
19:51:05:427231,-17601
19:51:05:545374,-17801
19:51:05:663503,-18001
19:51:05:781397,-18201
19:51:05:899625,-18401
19:51:06:017322,-18601
19:51:06:135408,-18801
19:51:06:253620,-19001
19:51:06:371648,-19201
19:51:06:489306,-19401
19:51:06:607415,-19601
19:51:06:725183,-19801
19:51:06:841400,-20001
19:51:06:959384,-20201
19:51:07:077401,-20401
19:51:07:195532,-20601
19:51:07:313451,-20801
19:51:07:431576,-21001
19:51:07:549551,-21201
19:51:07:667560,-21401
19:51:07:785452,-21601
19:51:07:903455,-21801
19:51:08:021827,-22001
19:51:08:139385,-22201
19:51:08:257505,-22401
19:51:08:375587,-22601
19:51:08:493498,-22801
19:51:08:611528,-23001
19:51:08:729483,-23201
19:51:08:847552,-23401
19:51:08:965440,-23601
19:51:09:083261,-23801
19:51:09:199553,-24001
19:51:09:317796,-24201
19:51:09:435558,-24401
19:51:09:553654,-24601
19:51:09:671791,-24801
19:51:09:789607,-25001
19:51:09:907616,-25201
19:51:10:025646,-25401
19:51:10:143639,-25601
19:51:10:261619,-25801
19:51:10:379633,-26001
19:51:10:497604,-26201
19:51:10:615673,-26401
19:51:10:733621,-26601
19:51:10:851547,-26801
19:51:10:969642,-27001
19:51:11:087665,-27201
19:51:11:205658,-27401
19:51:11:323675,-27601
19:51:11:441383,-27801
19:51:11:558879,-28001
19:51:11:676847,-28201
19:51:11:794551,-28401
19:51:11:912938,-28601
19:51:12:030678,-28801
19:51:12:148755,-29001
19:51:12:267069,-29201
19:51:12:385800,-29401
19:51:12:503708,-29601
19:51:12:621857,-29801
19:51:12:739851,-30001
19:51:12:857608,-30201
19:51:12:975549,-30401
19:51:13:093993,-30601
19:51:13:211649,-30801
19:51:13:330133,-31001
19:51:13:448862,-31201
19:51:13:566719,-31401
19:51:13:684955,-31601
19:51:13:802869,-31801
19:51:13:920895,-32001
19:51:14:039144,-32201
19:51:14:155638,-32401
19:51:14:273897,-32601
19:51:14:389917,-32801
19:51:14:506850,-33001
19:51:14:622957,-33201
19:51:14:738885,-33401
19:51:14:854979,-33601
19:51:14:970828,-33801
19:51:15:086909,-34001
19:51:15:202955,-34201
19:51:15:318443,-34401
19:51:15:434867,-34601
19:51:15:550714,-34801
19:51:15:666690,-35001
19:51:15:782750,-35201
19:51:15:898978,-35401
19:51:16:015777,-35601
19:51:16:131811,-35801
19:51:16:247956,-36001
19:51:16:364249,-36201
19:51:16:480874,-36401
19:51:16:596969,-36601
19:51:16:712848,-36801
19:51:16:828884,-37001
19:51:16:944981,-37201
19:51:17:061057,-37401
19:51:17:177395,-37601
19:51:17:295271,-37801
19:51:17:412063,-38001
19:51:17:528121,-38201
19:51:17:643876,-38401
19:51:17:760062,-38601
19:51:17:877188,-38801
19:51:17:992615,-39001
19:51:18:108853,-39201
19:51:18:226072,-39401
19:51:18:343140,-39601
19:51:18:459287,-39801
19:51:18:576061,-40001
19:51:18:693161,-40201
19:51:18:810283,-40401
19:51:18:927060,-40601
19:51:19:043829,-40801
19:51:19:160140,-41001
19:51:19:277142,-41201
19:51:19:394312,-41401
19:51:19:510612,-41601
19:51:19:627033,-41801
19:51:19:744134,-42001
19:51:19:861269,-42201
19:51:19:978163,-42401
19:51:20:094910,-42601
19:51:20:210895,-42801
19:51:20:327294,-43001
19:51:20:444382,-43201
19:51:20:560982,-43401
19:51:20:677063,-43601
19:51:20:794408,-43801
19:51:20:910989,-44001
19:51:21:027776,-44201
19:51:21:144171,-44401
19:51:21:260944,-44601
19:51:21:377018,-44801
19:51:21:494016,-45001
19:51:21:610202,-45201
19:51:21:726797,-45401
19:51:21:842991,-45601
19:51:21:959388,-45801
19:51:22:076264,-46001
19:51:22:192836,-46201
19:51:22:309244,-46401
19:51:22:426195,-46601
19:51:22:542871,-46801
19:51:22:658961,-47001
19:51:22:775292,-47201
19:51:22:892499,-47401
19:51:23:009816,-47601
19:51:23:126261,-47801
19:51:23:243034,-48001
19:51:23:359037,-48201
19:51:23:475097,-48401
19:51:23:591065,-48601
19:51:23:707046,-48801
19:51:23:824258,-49001
19:51:23:941336,-49201
19:51:24:058296,-49401
19:51:24:174437,-49601
19:51:24:290936,-49801
19:51:24:408277,-50001
19:51:24:524821,-50201
19:51:24:641199,-50401
19:51:24:757078,-50601
19:51:24:874547,-50801
19:51:24:992557,-51001
19:51:25:109185,-51201
19:51:25:226338,-51401
19:51:25:342891,-51601
19:51:25:459216,-51801
19:51:25:576468,-52001
19:51:25:693380,-52201
19:51:25:809059,-52401
19:51:25:925022,-52601
19:51:26:042116,-52801
19:51:26:158367,-53001
19:51:26:275227,-53201
19:51:26:392627,-53401
19:51:26:508942,-53601
19:51:26:625071,-53801
19:51:26:741107,-54001
19:51:26:857211,-54201
19:51:26:974353,-54401
19:51:27:091193,-54601
19:51:27:208408,-54801
19:51:27:325264,-55001
19:51:27:442310,-55201
19:51:27:559227,-55401
19:51:27:675412,-55601
19:51:27:792199,-55801
19:51:27:908441,-56001
19:51:28:024936,-56201
19:51:28:141293,-56401
19:51:28:258583,-56601
19:51:28:375274,-56801
19:51:28:492481,-57001
19:51:28:609456,-57201
19:51:28:726477,-57401
19:51:28:843441,-57601
19:51:28:960532,-57801
19:51:29:077349,-58001
19:51:29:194197,-58201
19:51:29:311496,-58401
19:51:29:428016,-58601
19:51:29:544318,-58801
19:51:29:661478,-59001
19:51:29:778620,-59201
19:51:29:895541,-59401
19:51:30:012081,-59601
19:51:30:128511,-59801
19:51:30:245510,-60001
19:51:30:362494,-60201
19:51:30:479498,-60401
19:51:30:596420,-60601
19:51:30:713514,-60801
19:51:30:831514,-61001
19:51:30:948498,-61201
19:51:31:066383,-61401
19:51:31:183531,-61601
19:51:31:301556,-61801
19:51:31:419259,-62001
19:51:31:536405,-62201
19:51:31:654304,-62401
19:51:31:772576,-62601
19:51:31:890464,-62801
19:51:32:008449,-63001
19:51:32:126449,-63201
19:51:32:245015,-63401
19:51:32:362868,-63601
19:51:32:480258,-63801
19:51:32:598567,-64001
19:51:32:716601,-64201
19:51:32:834805,-64401
19:51:32:952450,-64601
19:51:33:070142,-64801
19:51:33:186873,-65001
19:51:33:304688,-65201
19:51:33:422590,-65401
19:51:33:540154,-65601
19:51:33:657447,-65801
19:51:33:775678,-66001
19:51:33:893362,-66201
19:51:34:012079,-66401
19:51:34:129868,-66601
19:51:34:247752,-66801
19:51:34:365869,-67001
19:51:34:483736,-67201
19:51:34:601236,-67401
19:51:34:718600,-67601
19:51:34:836408,-67801
19:51:34:954936,-68001
19:51:35:072700,-68201
19:51:35:190715,-68401
19:51:35:308690,-68601
19:51:35:426754,-68801
19:51:35:545309,-69001
19:51:35:663788,-69201
19:51:35:781740,-69401
19:51:35:899771,-69601
19:51:36:017834,-69801
19:51:36:135527,-70001
19:51:36:253446,-70201
19:51:36:371470,-70401
19:51:36:489769,-70601
19:51:36:607758,-70801
19:51:36:725317,-71001
19:51:36:842643,-71201
19:51:36:960535,-71401
19:51:37:078719,-71601
19:51:37:196868,-71801
19:51:37:315766,-72001
19:51:37:434013,-72201
19:51:37:551672,-72401
19:51:37:669756,-72601
19:51:37:788038,-72801
19:51:37:905362,-73001
19:51:38:023576,-73201
19:51:38:141863,-73401
19:51:38:260040,-73601
19:51:38:378032,-73801
19:51:38:496484,-74001
19:51:38:614602,-74201
19:51:38:732929,-74401
19:51:38:850820,-74601
19:51:38:969828,-74801
19:51:39:087779,-75001
19:51:39:205593,-75201
19:51:39:323881,-75401
19:51:39:441814,-75601
19:51:39:559504,-75801
19:51:39:678110,-76001
19:51:39:795874,-76201
19:51:39:913791,-76401
19:51:40:031491,-76601
19:51:40:149877,-76801
19:51:40:268178,-77001
19:51:40:385836,-77201
19:51:40:503038,-77401
19:51:40:618683,-77601
19:51:40:734704,-77801
19:51:40:850716,-78001
19:51:40:966671,-78201
19:51:41:082560,-78401
19:51:41:198741,-78601
19:51:41:314664,-78801
19:51:41:430723,-79001
19:51:41:546454,-79201
19:51:41:662472,-79401
19:51:41:778751,-79601
19:51:41:894765,-79801
19:51:42:010795,-80001
19:51:42:126723,-80201
19:51:42:242749,-80401
19:51:42:358760,-80601
19:51:42:475014,-80801
19:51:42:592053,-81001
19:51:42:707417,-81201
19:51:42:823666,-81401
19:51:42:939967,-81601
19:51:43:057747,-81801
19:51:43:174036,-82001
19:51:43:290005,-82201
19:51:43:406700,-82401
19:51:43:522874,-82601
19:51:43:638871,-82801
19:51:43:754977,-83001
19:51:43:870835,-83201
19:51:43:986700,-83401
19:51:44:102556,-83601
19:51:44:218630,-83801
19:51:44:334764,-84001
19:51:44:451093,-84201
19:51:44:567494,-84401
19:51:44:683698,-84601
19:51:44:799940,-84801
19:51:44:915984,-85001
19:51:45:032639,-85201
19:51:45:149057,-85401
19:51:45:266142,-85601
19:51:45:383139,-85801
19:51:45:499842,-86001
19:51:45:616104,-86201
19:51:45:732606,-86401
19:51:45:849053,-86601
19:51:45:966141,-86801
19:51:46:082598,-87001
19:51:46:198808,-87201
19:51:46:314797,-87401
19:51:46:430715,-87601
19:51:46:546785,-87801
19:51:46:662876,-88001
19:51:46:779083,-88201
19:51:46:894844,-88401
19:51:47:011085,-88601
19:51:47:128098,-88801
19:51:47:245104,-89001
19:51:47:362132,-89201
19:51:47:478947,-89401
19:51:47:594969,-89601
19:51:47:711852,-89801
19:51:47:828128,-90001
19:51:47:945238,-90201
19:51:48:060723,-90401
19:51:48:177133,-90601
19:51:48:294156,-90801
19:51:48:410902,-91001
19:51:48:527394,-91201
19:51:48:644146,-91401
19:51:48:760040,-91601
19:51:48:876287,-91801
19:51:48:993162,-92001
19:51:49:110250,-92201
19:51:49:227216,-92401
19:51:49:343928,-92601
19:51:49:460196,-92801
19:51:49:577229,-93001
19:51:49:694199,-93201
19:51:49:810800,-93401
19:51:49:927291,-93601
19:51:50:044322,-93801
19:51:50:161236,-94001
19:51:50:278445,-94201
19:51:50:395244,-94401
19:51:50:512460,-94601
19:51:50:629220,-94801
19:51:50:746456,-95001
19:51:50:863266,-95201
19:51:50:979926,-95401
19:51:51:096211,-95601
19:51:51:212923,-95801
19:51:51:330004,-96001
19:51:51:446512,-96201
19:51:51:562825,-96401
19:51:51:679083,-96601
19:51:51:796124,-96801
19:51:51:911789,-97001
19:51:52:027938,-97201
19:51:52:144079,-97401
19:51:52:261310,-97601
19:51:52:378040,-97801
19:51:52:494566,-98001
19:51:52:611373,-98201
19:51:52:727869,-98401
19:51:52:843848,-98601
19:51:52:959849,-98801
19:51:53:076111,-99001
19:51:53:192093,-99201
19:51:53:308007,-99401
19:51:53:424304,-99601
19:51:53:541348,-99801
19:51:53:658138,-100001
19:51:53:775367,-100201
19:51:53:891865,-100401
19:51:54:008159,-100601
19:51:54:124997,-100801
19:51:54:241129,-101001
19:51:54:358105,-101201
19:51:54:475057,-101401
19:51:54:592262,-101601
19:51:54:709420,-101801
19:51:54:826245,-102001
19:51:54:943379,-102201
19:51:55:060158,-102401
19:51:55:177323,-102601
19:51:55:294259,-102801
19:51:55:410989,-103001
19:51:55:528161,-103201
19:51:55:645437,-103401
19:51:55:762237,-103601
19:51:55:879126,-103801
19:51:55:996281,-104001
19:51:56:114255,-104201
19:51:56:232217,-104401
19:51:56:349293,-104601
19:51:56:466287,-104801
19:51:56:583070,-105001
19:51:56:700290,-105201
19:51:56:817279,-105401
19:51:56:934282,-105601
19:51:57:051160,-105801
19:51:57:169212,-106001
19:51:57:287037,-106201
19:51:57:402998,-106401
19:51:57:519118,-106601
19:51:57:635010,-106801
19:51:57:751284,-107001
19:51:57:868217,-107201
19:51:57:986069,-107401
19:51:58:102144,-107601
19:51:58:218017,-107801
19:51:58:335205,-108001
19:51:58:451223,-108201
19:51:58:569146,-108401
19:51:58:685239,-108601
19:51:58:802250,-108801
19:51:58:920129,-109001
19:51:59:036171,-109201
19:51:59:152028,-109401
19:51:59:269136,-109601
19:51:59:385142,-109801
19:51:59:502389,-110001
19:51:59:620199,-110201
19:51:59:737192,-110401
19:51:59:854202,-110601
19:51:59:972075,-110801
19:52:00:088213,-111001
19:52:00:205280,-111201
19:52:00:323131,-111401
19:52:00:439076,-111601
19:52:00:556123,-111801
19:52:00:673314,-112001
19:52:00:791338,-112201
19:52:00:909296,-112401
19:52:01:027344,-112601
19:52:01:145427,-112801
19:52:01:263352,-113001
19:52:01:381407,-113201
19:52:01:499313,-113401
19:52:01:617395,-113601
19:52:01:735257,-113801
19:52:01:853278,-114001
19:52:01:971216,-114201
19:52:02:088199,-114401
19:52:02:205195,-114601
19:52:02:321283,-114801
19:52:02:439223,-115001
19:52:02:555305,-115201
19:52:02:673365,-115401
19:52:02:791225,-115601
19:52:02:908246,-115801
19:52:03:025309,-116001
19:52:03:143263,-116201
19:52:03:261242,-116401
19:52:03:378191,-116601
19:52:03:494177,-116801
19:52:03:610296,-117001
19:52:03:728318,-117201
19:52:03:847278,-117401
19:52:03:986491,-117601
19:52:04:104224,-117801
19:52:04:220291,-118001
19:52:04:337336,-118201
19:52:04:455480,-118401
19:52:04:573320,-118601
19:52:04:691337,-118801
19:52:04:809382,-119001
19:52:04:927488,-119201
19:52:05:045492,-119401
19:52:05:163427,-119601
19:52:05:281346,-119801
19:52:05:398317,-120001
19:52:05:515276,-120201
19:52:05:632285,-120401
19:52:05:749574,-120601
19:52:05:867435,-120801
19:52:05:985373,-121001
19:52:06:103346,-121201
19:52:06:220417,-121401
19:52:06:338430,-121601
19:52:06:455386,-121801
19:52:06:572413,-122001
19:52:06:690505,-122201
19:52:06:808318,-122401
19:52:06:925928,-122601
19:52:07:044714,-122801
19:52:07:162841,-123001
19:52:07:280804,-123201
19:52:07:398570,-123401
19:52:07:517081,-123601
19:52:07:635109,-123801
19:52:07:752849,-124001
19:52:07:870940,-124201
19:52:07:988927,-124401
19:52:08:106870,-124601
19:52:08:225003,-124801
19:52:08:344272,-125001
19:52:08:463139,-125201
19:52:08:581522,-125401
19:52:08:698976,-125601
19:52:08:816167,-125801
19:52:08:933148,-126001
19:52:09:050926,-126201
19:52:09:166699,-126401
19:52:09:283176,-126601
19:52:09:400923,-126801
19:52:09:516939,-127001
19:52:09:633170,-127201
19:52:09:749883,-127401
19:52:09:866158,-127601
19:52:09:983200,-127801
19:52:10:099413,-128001
19:52:10:215414,-128201
19:52:10:332016,-128401
19:52:10:447875,-128601
19:52:10:563735,-128801
19:52:10:679935,-129001
19:52:10:796080,-129201
19:52:10:913054,-129401
19:52:11:028866,-129601
19:52:11:145030,-129801
19:52:11:261953,-130001
19:52:11:378132,-130201
19:52:11:493839,-130401
19:52:11:609677,-130601
19:52:11:725662,-130801
19:52:11:841738,-131001
19:52:11:957873,-131201
19:52:12:073683,-131401
19:52:12:189842,-131601
19:52:12:305848,-131801
19:52:12:421806,-132001
19:52:12:537722,-132201
19:52:12:653778,-132401
19:52:12:769863,-132601
19:52:12:885844,-132801
19:52:13:001959,-133001
19:52:13:117835,-133201
19:52:13:233884,-133401
19:52:13:350095,-133601
19:52:13:465866,-133801
19:52:13:581923,-134001
19:52:13:697628,-134201
19:52:13:813988,-134401
19:52:13:929888,-134601
19:52:14:045898,-134801
19:52:14:162229,-135001
19:52:14:277683,-135201
19:52:14:393937,-135401
19:52:14:509834,-135601
19:52:14:625786,-135801
19:52:14:741897,-136001
19:52:14:857759,-136201
19:52:14:973968,-136401
19:52:15:089985,-136601
19:52:15:205928,-136801
19:52:15:321989,-137001
19:52:15:437950,-137201
19:52:15:553887,-137401
19:52:15:670222,-137601
19:52:15:785998,-137801
19:52:15:902185,-138001
19:52:16:018007,-138201
19:52:16:134061,-138401
19:52:16:249993,-138601
19:52:16:365999,-138801
19:52:16:482017,-139001
19:52:16:598874,-139201
19:52:16:714974,-139401
19:52:16:830948,-139601
19:52:16:947230,-139801
19:52:17:064047,-140001
19:52:17:180196,-140201
19:52:17:295979,-140401
19:52:17:412161,-140601
19:52:17:527976,-140801
19:52:17:644176,-141001
19:52:17:760354,-141201
19:52:17:877506,-141401
19:52:17:994047,-141601
19:52:18:109826,-141801
19:52:18:226117,-142001
19:52:18:343171,-142201
19:52:18:459515,-142401
19:52:18:576127,-142601
19:52:18:692336,-142801
19:52:18:808272,-143001
19:52:18:925572,-143201
19:52:19:042290,-143401
19:52:19:159080,-143601
19:52:19:274818,-143801
19:52:19:390899,-144001
19:52:19:507250,-144201
19:52:19:623930,-144401
19:52:19:740306,-144601
19:52:19:856536,-144801
19:52:19:973335,-145001
19:52:20:089049,-145201
19:52:20:205593,-145401
19:52:20:323236,-145601
19:52:20:440406,-145801
19:52:20:557362,-146001
19:52:20:674331,-146201
19:52:20:791335,-146401
19:52:20:908414,-146601
19:52:21:025282,-146801
19:52:21:142374,-147001
19:52:21:259190,-147201
19:52:21:376442,-147401
19:52:21:493408,-147601
19:52:21:609971,-147801
19:52:21:726009,-148001
19:52:21:842442,-148201
19:52:21:959618,-148401
19:52:22:077412,-148601
19:52:22:194626,-148801
19:52:22:311398,-149001
19:52:22:427155,-149201
19:52:22:543427,-149401
19:52:22:660409,-149601
19:52:22:780458,-149801
19:52:22:897388,-150001
19:52:23:014329,-150201
19:52:23:131216,-150401
19:52:23:247618,-150601
19:52:23:364426,-150801
19:52:23:481406,-151001
19:52:23:598848,-151201
19:52:23:716717,-151401
19:52:23:834521,-151601
19:52:23:951860,-151801
19:52:24:069076,-152001
19:52:24:186481,-152201
19:52:24:303518,-152401
19:52:24:420479,-152601
19:52:24:537239,-152801
19:52:24:654389,-153001
19:52:24:771285,-153201
19:52:24:888224,-153401
19:52:25:004304,-153601
19:52:25:120084,-153801
19:52:25:236499,-154001
19:52:25:353377,-154201
19:52:25:470498,-154401
19:52:25:587586,-154601
19:52:25:704459,-154801
19:52:25:821630,-155001
19:52:25:937755,-155201
19:52:26:055355,-155401
19:52:26:172600,-155601
19:52:26:289649,-155801
19:52:26:406558,-156001
19:52:26:523070,-156201
19:52:26:639457,-156401
19:52:26:756611,-156601
19:52:26:873345,-156801
19:52:26:990235,-157001
19:52:27:107297,-157201
19:52:27:224661,-157401
19:52:27:341540,-157601
19:52:27:458831,-157801
19:52:27:576543,-158001
19:52:27:693402,-158201
19:52:27:810790,-158401
19:52:27:928610,-158601
19:52:28:045507,-158801
19:52:28:163379,-159001
19:52:28:281479,-159201
19:52:28:399391,-159401
19:52:28:517497,-159601
19:52:28:635262,-159801
19:52:28:752942,-160001
19:52:28:870366,-160201
19:52:28:989473,-160401
19:52:29:107573,-160601
19:52:29:225613,-160801
19:52:29:343532,-161001
19:52:29:461487,-161201
19:52:29:579502,-161401
19:52:29:697532,-161601
19:52:29:815521,-161801
19:52:29:933630,-162001
19:52:30:051527,-162201
19:52:30:169570,-162401
19:52:30:287827,-162601
19:52:30:406733,-162801
19:52:30:524647,-163001
19:52:30:642645,-163201
19:52:30:760713,-163401
19:52:30:878822,-163601
19:52:30:996761,-163801
19:52:31:114848,-164001
19:52:31:232772,-164201
19:52:31:350758,-164401
19:52:31:468552,-164601
19:52:31:586455,-164801
19:52:31:704922,-165001
19:52:31:822814,-165201
19:52:31:940782,-165401
19:52:32:058774,-165601
19:52:32:176748,-165801
19:52:32:294387,-166001
19:52:32:412303,-166201
19:52:32:529405,-166401
19:52:32:647505,-166601
19:52:32:766034,-166801
19:52:32:883658,-167001
19:52:33:001665,-167201
19:52:33:120022,-167401
19:52:33:237813,-167601
19:52:33:355862,-167801
19:52:33:473866,-168001
19:52:33:591870,-168201
19:52:33:710130,-168401
19:52:33:828399,-168601
19:52:33:946922,-168801
19:52:34:065665,-169001
19:52:34:184120,-169201
19:52:34:302390,-169401
19:52:34:419929,-169601
19:52:34:537605,-169801
19:52:34:655357,-170001
19:52:34:772902,-170201
19:52:34:890746,-170401
19:52:35:008615,-170601
19:52:35:126754,-170801
19:52:35:244686,-171001
19:52:35:363012,-171201
19:52:35:482127,-171401
19:52:35:600881,-171601
19:52:35:718911,-171801
19:52:35:836930,-172001
19:52:35:954956,-172201
19:52:36:071714,-172401
19:52:36:189917,-172601
19:52:36:306120,-172801
19:52:36:424768,-173001
19:52:36:542922,-173201
19:52:36:659875,-173401
19:52:36:776914,-173601
19:52:36:893945,-173801
19:52:37:011763,-174001
19:52:37:129789,-174201
19:52:37:248022,-174401
19:52:37:363928,-174601
19:52:37:480784,-174801
19:52:37:598799,-175001
19:52:37:714989,-175201
19:52:37:831942,-175401
19:52:37:947974,-175601
19:52:38:064226,-175801
19:52:38:180036,-176001
19:52:38:296413,-176201
19:52:38:413905,-176401
19:52:38:529874,-176601
19:52:38:645567,-176801
19:52:38:761533,-177001
19:52:38:878102,-177201
19:52:38:994120,-177401
19:52:39:111020,-177601
19:52:39:227094,-177801
19:52:39:343127,-178001
19:52:39:459351,-178201
19:52:39:576033,-178401
19:52:39:692079,-178601
19:52:39:807892,-178801
19:52:39:924077,-179001
19:52:40:039868,-179201
19:52:40:155596,-179401
19:52:40:272054,-179601
19:52:40:388037,-179801
19:52:40:504323,-180001
19:52:40:621065,-180201
19:52:40:737060,-180401
19:52:40:853057,-180601
19:52:40:969063,-180801
19:52:41:084714,-181001
19:52:41:201065,-181201
19:52:41:317448,-181401
19:52:41:434983,-181601
19:52:41:551114,-181801
19:52:41:666630,-182001
19:52:41:783052,-182201
19:52:41:900247,-182401
19:52:42:016127,-182601
19:52:42:132330,-182801
19:52:42:248113,-183001
19:52:42:365106,-183201
19:52:42:482146,-183401
19:52:42:597905,-183601
19:52:42:713891,-183801
19:52:42:829664,-184001
19:52:42:946178,-184201
19:52:43:062121,-184401
19:52:43:178136,-184601
19:52:43:295397,-184801
19:52:43:413052,-185001
19:52:43:528980,-185201
19:52:43:645310,-185401
19:52:43:762102,-185601
19:52:43:877716,-185801
19:52:43:994131,-186001
19:52:44:110393,-186201
19:52:44:227202,-186401
19:52:44:344104,-186601
19:52:44:460346,-186801
19:52:44:577250,-187001
19:52:44:694090,-187201
19:52:44:811427,-187401
19:52:44:928331,-187601
19:52:45:045256,-187801
19:52:45:161712,-188001
19:52:45:278077,-188201
19:52:45:394097,-188401
19:52:45:510308,-188601
19:52:45:626069,-188801
19:52:45:743254,-189001
19:52:45:860107,-189201
19:52:45:976063,-189401
19:52:46:092013,-189601
19:52:46:208099,-189801
19:52:46:324103,-190001
19:52:46:440066,-190201
19:52:46:556067,-190401
19:52:46:672829,-190601
19:52:46:789300,-190801
19:52:46:905770,-191001
19:52:47:022378,-191201
19:52:47:139602,-191401
19:52:47:256122,-191601
19:52:47:372322,-191801
19:52:47:489300,-192001
19:52:47:606129,-192201
19:52:47:723366,-192401
19:52:47:839373,-192601
19:52:47:956111,-192801
19:52:48:072089,-193001
19:52:48:189333,-193201
19:52:48:306377,-193401
19:52:48:422158,-193601
19:52:48:538381,-193801
19:52:48:655285,-194001
19:52:48:772263,-194201
19:52:48:888185,-194401
19:52:49:004170,-194601
19:52:49:121389,-194801
19:52:49:238199,-195001
19:52:49:354455,-195201
19:52:49:471580,-195401
19:52:49:588296,-195601
19:52:49:704229,-195801
19:52:49:820233,-196001
19:52:49:936371,-196201
19:52:50:053338,-196401
19:52:50:170011,-196601
19:52:50:286579,-196801
19:52:50:403422,-197001
19:52:50:520128,-197201
19:52:50:636247,-197401
19:52:50:753457,-197601
19:52:50:870366,-197801
19:52:50:986925,-198001
19:52:51:103562,-198201
19:52:51:220479,-198401
19:52:51:337864,-198601
19:52:51:454470,-198801
19:52:51:571451,-199001
19:52:51:688106,-199201
19:52:51:804478,-199401
19:52:51:920387,-199601
19:52:52:037446,-199801
19:52:52:154510,-200001
19:52:52:271528,-200201
19:52:52:388412,-200401
19:52:52:505343,-200601
19:52:52:622351,-200801
19:52:52:739287,-201001
19:52:52:856264,-201201
19:52:52:973248,-201401
19:52:53:089214,-201601
19:52:53:205245,-201801
19:52:53:322736,-202001
19:52:53:440537,-202201
19:52:53:557541,-202401
19:52:53:674185,-202601
19:52:53:790379,-202801
19:52:53:907070,-203001
19:52:54:023594,-203201
19:52:54:140248,-203401
19:52:54:256561,-203601
19:52:54:373933,-203801
19:52:54:491602,-204001
19:52:54:608566,-204201
19:52:54:725479,-204401
19:52:54:842595,-204601
19:52:54:959580,-204801
19:52:55:076078,-205001
19:52:55:192110,-205201
19:52:55:308640,-205401
19:52:55:425552,-205601
19:52:55:543451,-205801
19:52:55:660896,-206001
19:52:55:778671,-206201
19:52:55:895839,-206401
19:52:56:012868,-206601
19:52:56:130677,-206801
19:52:56:247448,-207001
19:52:56:365486,-207201
19:52:56:483713,-207401
19:52:56:601472,-207601
19:52:56:718279,-207801
19:52:56:834632,-208001
19:52:56:952691,-208201
19:52:57:070271,-208401
19:52:57:187238,-208601
19:52:57:303725,-208801
19:52:57:421363,-209001
19:52:57:538570,-209201
19:52:57:656665,-209401
19:52:57:774627,-209601
19:52:57:892764,-209801
19:52:58:010699,-210001
19:52:58:128805,-210201
19:52:58:246724,-210401
19:52:58:364730,-210601
19:52:58:482742,-210801
19:52:58:600661,-211001
19:52:58:718543,-211201
19:52:58:836553,-211401
19:52:58:954512,-211601
19:52:59:072597,-211801
19:52:59:190316,-212001
19:52:59:306770,-212201
19:52:59:424738,-212401
19:52:59:542776,-212601
19:52:59:660685,-212801
19:52:59:779118,-213001
19:52:59:896764,-213201
19:53:00:014639,-213401
19:53:00:132761,-213601
19:53:00:250795,-213801
19:53:00:368809,-214001
19:53:00:486807,-214201
19:53:00:604814,-214401
19:53:00:722795,-214601
19:53:00:840992,-214801
19:53:00:958896,-215001
19:53:01:076578,-215201
19:53:01:194373,-215401
19:53:01:310595,-215601
19:53:01:429072,-215801
19:53:01:546835,-216001
19:53:01:664373,-216201
19:53:01:781586,-216401
19:53:01:899577,-216601
19:53:02:017476,-216801
19:53:02:135533,-217001
19:53:02:253507,-217201
19:53:02:371481,-217401
19:53:02:489712,-217601
19:53:02:607562,-217801
19:53:02:725492,-218001
19:53:02:843483,-218201
19:53:02:961571,-218401
19:53:03:079509,-218601
19:53:03:197571,-218801
19:53:03:315526,-219001
19:53:03:433536,-219201
19:53:03:551554,-219401
19:53:03:669571,-219601
19:53:03:787629,-219801
19:53:03:905591,-220001
19:53:04:023590,-220201
19:53:04:141652,-220401
19:53:04:259564,-220601
19:53:04:377673,-220801
19:53:04:495600,-221001
19:53:04:613636,-221201
19:53:04:731666,-221401
19:53:04:849625,-221601
19:53:04:967624,-221801
19:53:05:085574,-222001
19:53:05:203438,-222201
19:53:05:320656,-222401
19:53:05:438651,-222601
19:53:05:556746,-222801
19:53:05:674724,-223001
19:53:05:792770,-223201
19:53:05:910630,-223401
19:53:06:028681,-223601
19:53:06:146750,-223801
19:53:06:264774,-224001
19:53:06:383268,-224201
19:53:06:501071,-224401
19:53:06:619075,-224601
19:53:06:736941,-224801
19:53:06:854957,-225001
19:53:06:973170,-225201
19:53:07:089877,-225401
19:53:07:207608,-225601
19:53:07:323900,-225801
19:53:07:441310,-226001
19:53:07:557958,-226201
19:53:07:675126,-226401
19:53:07:791906,-226601
19:53:07:909074,-226801
19:53:08:026051,-227001
19:53:08:143034,-227201
19:53:08:259069,-227401
19:53:08:375319,-227601
19:53:08:493084,-227801
19:53:08:608843,-228001
19:53:08:725057,-228201
19:53:08:840976,-228401
19:53:08:957158,-228601
19:53:09:072928,-228801
19:53:09:189348,-229001
19:53:09:306125,-229201
19:53:09:422014,-229401
19:53:09:538171,-229601
19:53:09:654177,-229801
19:53:09:771047,-230001
19:53:09:887218,-230201
19:53:10:003174,-230401
19:53:10:119187,-230601
19:53:10:235086,-230801
19:53:10:350945,-231001
19:53:10:467375,-231201
19:53:10:584151,-231401
19:53:10:700166,-231601
19:53:10:815915,-231801
19:53:10:932177,-232001
19:53:11:048190,-232201
19:53:11:164296,-232401
19:53:11:280580,-232601
19:53:11:397067,-232801
19:53:11:512986,-233001
19:53:11:629171,-233201
19:53:11:745287,-233401
19:53:11:862224,-233601
19:53:11:978452,-233801
19:53:12:095228,-234001
19:53:12:210919,-234201
19:53:12:327188,-234401
19:53:12:443196,-234601
19:53:12:559198,-234801
19:53:12:675508,-235001
19:53:12:792416,-235201
19:53:12:910104,-235401
19:53:13:026238,-235601
19:53:13:142022,-235801
19:53:13:257890,-236001
19:53:13:374214,-236201
19:53:13:490528,-236401
19:53:13:607356,-236601
19:53:13:723849,-236801
19:53:13:840532,-237001
19:53:13:957290,-237201
19:53:14:073084,-237401
19:53:14:189313,-237601
19:53:14:306316,-237801
19:53:14:423503,-238001
19:53:14:540298,-238201
19:53:14:657158,-238401
19:53:14:774498,-238601
19:53:14:891329,-238801
19:53:15:008305,-239001
19:53:15:125304,-239201
19:53:15:242059,-239401
19:53:15:357869,-239601
19:53:15:474221,-239801
19:53:15:590355,-240001
19:53:15:706383,-240201
19:53:15:823279,-240401
19:53:15:940622,-240601
19:53:16:058344,-240801
19:53:16:175605,-241001
19:53:16:291716,-241201
19:53:16:409570,-241401
19:53:16:526391,-241601
19:53:16:643563,-241801
19:53:16:760363,-242001
19:53:16:877255,-242201
19:53:16:994527,-242401
19:53:17:111250,-242601
19:53:17:226899,-242801
19:53:17:343174,-243001
19:53:17:460424,-243201
19:53:17:577387,-243401
19:53:17:694418,-243601
19:53:17:811553,-243801
19:53:17:928371,-244001
19:53:18:045315,-244201
19:53:18:162711,-244401
19:53:18:280703,-244601
19:53:18:397341,-244801
19:53:18:514719,-245001
19:53:18:631325,-245201
19:53:18:748298,-245401
19:53:18:865468,-245601
19:53:18:982503,-245801
19:53:19:099256,-246001
19:53:19:216858,-246201
19:53:19:333494,-246401
19:53:19:450736,-246601
19:53:19:568186,-246801
19:53:19:684486,-247001
19:53:19:801342,-247201
19:53:19:918741,-247401
19:53:20:036515,-247601
19:53:20:153124,-247801
19:53:20:269299,-248001
19:53:20:386841,-248201
19:53:20:503423,-248401
19:53:20:620395,-248601
19:53:20:737106,-248801
19:53:20:853342,-249001
19:53:20:970617,-249201
19:53:21:087215,-249401
19:53:21:204784,-249601
19:53:21:322837,-249801
19:53:21:440840,-250001
19:53:21:565653,-250201
19:53:21:682291,-250401
19:53:21:799386,-250601
19:53:21:916404,-250801
19:53:22:033221,-251001
19:53:22:151465,-251201
19:53:22:268448,-251401
19:53:22:386693,-251601
19:53:22:504563,-251801
19:53:22:622594,-252001
19:53:22:740280,-252201
19:53:22:858663,-252401
19:53:22:977047,-252601
19:53:23:094415,-252801
19:53:23:212700,-253001
19:53:23:330711,-253201
19:53:23:448923,-253401
19:53:23:566311,-253601
19:53:23:683567,-253801
19:53:23:801396,-254001
19:53:23:919562,-254201
19:53:24:037263,-254401
19:53:24:154734,-254601
19:53:24:272719,-254801
19:53:24:390537,-255001
19:53:24:508732,-255201
19:53:24:626987,-255401
19:53:24:744273,-255601
19:53:24:862781,-255801
19:53:24:981009,-256001
19:53:25:098597,-256201
19:53:25:216698,-256401
19:53:25:334969,-256601
19:53:25:452270,-256801
19:53:25:568307,-257001
19:53:25:686825,-257201
19:53:25:804845,-257401
19:53:25:923017,-257601
19:53:26:040689,-257801
19:53:26:158801,-258001
19:53:26:276580,-258201
19:53:26:394744,-258401
19:53:26:512759,-258601
19:53:26:630571,-258801
19:53:26:748425,-259001
19:53:26:866758,-259201
19:53:26:984793,-259401
19:53:27:102750,-259601
19:53:27:220582,-259801
19:53:27:338776,-260001
19:53:27:456768,-260201
19:53:27:574710,-260401
19:53:27:692270,-260601
19:53:27:809754,-260801
19:53:27:928034,-261001
19:53:28:046011,-261201
19:53:28:164831,-261401
19:53:28:282790,-261601
19:53:28:400692,-261801
19:53:28:518897,-262001
19:53:28:636610,-262201
19:53:28:754477,-262401
19:53:28:872776,-262601
19:53:28:991104,-262801
19:53:29:109848,-263001
19:53:29:227857,-263201
19:53:29:345940,-263401
19:53:29:463833,-263601
19:53:29:581722,-263801
19:53:29:699849,-264001
19:53:29:818230,-264201
19:53:29:936077,-264401
19:53:30:053453,-264601
19:53:30:170763,-264801
19:53:30:287028,-265001
19:53:30:403502,-265201
19:53:30:520162,-265401
19:53:30:636658,-265601
19:53:30:752448,-265801
19:53:30:868695,-266001
19:53:30:985237,-266201
19:53:31:101641,-266401
19:53:31:217867,-266601
19:53:31:333966,-266801
19:53:31:449917,-267001
19:53:31:565782,-267201
19:53:31:681831,-267401
19:53:31:798748,-267601
19:53:31:914645,-267801
19:53:32:030619,-268001
19:53:32:146718,-268201
19:53:32:262496,-268401
19:53:32:378955,-268601
19:53:32:494594,-268801
19:53:32:610799,-269001
19:53:32:726963,-269201
19:53:32:844230,-269401
19:53:32:962219,-269601
19:53:33:078927,-269801
19:53:33:194611,-270001
19:53:33:311059,-270201
19:53:33:428025,-270401
19:53:33:545110,-270601
19:53:33:660979,-270801
19:53:33:777595,-271001
19:53:33:894012,-271201
19:53:34:010024,-271401
19:53:34:126516,-271601
19:53:34:242799,-271801
19:53:34:360279,-272001
19:53:34:477134,-272201
19:53:34:593830,-272401
19:53:34:710289,-272601
19:53:34:826812,-272801
19:53:34:942930,-273001
19:53:35:058743,-273201
19:53:35:174942,-273401
19:53:35:290786,-273601
19:53:35:406887,-273801
19:53:35:523571,-274001
19:53:35:640035,-274201
19:53:35:757073,-274401
19:53:35:874451,-274601
19:53:35:990868,-274801
19:53:36:106789,-275001
19:53:36:222997,-275201
19:53:36:339112,-275401
19:53:36:456020,-275601
19:53:36:572887,-275801
19:53:36:690148,-276001
19:53:36:806911,-276201
19:53:36:922946,-276401
19:53:37:038929,-276601
19:53:37:154968,-276801
19:53:37:270711,-277001
19:53:37:386794,-277201
19:53:37:503020,-277401
19:53:37:619169,-277601
19:53:37:736140,-277801
19:53:37:853008,-278001
19:53:37:969140,-278201
19:53:38:086090,-278401
19:53:38:201996,-278601
19:53:38:318937,-278801
19:53:38:435030,-279001
19:53:38:552283,-279201
19:53:38:669001,-279401
19:53:38:784715,-279601
19:53:38:901377,-279801
19:53:39:018071,-280001
19:53:39:135020,-280201
19:53:39:251028,-280401
19:53:39:367271,-280601
19:53:39:484485,-280801
19:53:39:601065,-281001
19:53:39:717051,-281201
19:53:39:833203,-281401
19:53:39:950239,-281601
19:53:40:066960,-281801
19:53:40:183186,-282001
19:53:40:299113,-282201
19:53:40:415265,-282401
19:53:40:531952,-282601
19:53:40:648331,-282801
19:53:40:764021,-283001
19:53:40:880284,-283201
19:53:40:996327,-283401
19:53:41:113051,-283601
19:53:41:229147,-283801
19:53:41:346362,-284001
19:53:41:463142,-284201
19:53:41:580254,-284401
19:53:41:697097,-284601
19:53:41:814366,-284801
19:53:41:931129,-285001
19:53:42:048330,-285201
19:53:42:165126,-285401
19:53:42:280825,-285601
19:53:42:396954,-285801
19:53:42:514371,-286001
19:53:42:631302,-286201
19:53:42:748392,-286401
19:53:42:865041,-286601
19:53:42:981871,-286801
19:53:43:098412,-287001
19:53:43:215368,-287201
19:53:43:332223,-287401
19:53:43:449207,-287601
19:53:43:566142,-287801
19:53:43:683343,-288001
19:53:43:800265,-288201
19:53:43:916387,-288401
19:53:44:033067,-288601
19:53:44:149906,-288801
19:53:44:266214,-289001
19:53:44:382402,-289201
19:53:44:499305,-289401
19:53:44:615366,-289601
19:53:44:732345,-289801
19:53:44:849644,-290001
19:53:44:966475,-290201
19:53:45:083256,-290401
19:53:45:199409,-290601
19:53:45:316505,-290801
19:53:45:433442,-291001
19:53:45:550049,-291201
19:53:45:666393,-291401
19:53:45:783238,-291601
19:53:45:899487,-291801
19:53:46:016148,-292001
19:53:46:132553,-292201
19:53:46:249433,-292401
19:53:46:366469,-292601
19:53:46:483465,-292801
19:53:46:600546,-293001
19:53:46:717106,-293201
19:53:46:833759,-293401
19:53:46:950484,-293601
19:53:47:067195,-293801
19:53:47:183457,-294001
19:53:47:300084,-294201
19:53:47:416514,-294401
19:53:47:533062,-294601
19:53:47:649528,-294801
19:53:47:766575,-295001
19:53:47:883546,-295201
19:53:47:999281,-295401
19:53:48:116827,-295601
19:53:48:233826,-295801
19:53:48:351648,-296001
19:53:48:468610,-296201
19:53:48:585563,-296401
19:53:48:703004,-296601
19:53:48:820621,-296801
19:53:48:937558,-297001
19:53:49:054597,-297201
19:53:49:171380,-297401
19:53:49:288498,-297601
19:53:49:405555,-297801
19:53:49:522570,-298001
19:53:49:639790,-298201
19:53:49:757833,-298401
19:53:49:875497,-298601
19:53:49:992571,-298801
19:53:50:109899,-299001
19:53:50:227592,-299201
19:53:50:344604,-299401
19:53:50:461871,-299601
19:53:50:578556,-299801
19:53:50:695704,-300001
19:53:50:812107,-300201
19:53:50:928551,-300401
19:53:51:045678,-300601
19:53:51:162276,-300801
19:53:51:279671,-301001
19:53:51:396634,-301201
19:53:51:513827,-301401
19:53:51:630545,-301601
19:53:51:747645,-301801
19:53:51:864563,-302001
19:53:51:981904,-302201
19:53:52:099189,-302401
19:53:52:215720,-302601
19:53:52:332321,-302801
19:53:52:449810,-303001
19:53:52:566371,-303201
19:53:52:683353,-303401
19:53:52:800327,-303601
19:53:52:917840,-303801
19:53:53:035448,-304001
19:53:53:152742,-304201
19:53:53:270682,-304401
19:53:53:387533,-304601
19:53:53:505985,-304801
19:53:53:623712,-305001
19:53:53:741487,-305201
19:53:53:859641,-305401
19:53:53:977844,-305601
19:53:54:095835,-305801
19:53:54:213324,-306001
19:53:54:330535,-306201
19:53:54:448649,-306401
19:53:54:566528,-306601
19:53:54:683762,-306801
19:53:54:802178,-307001
19:53:54:919887,-307201
19:53:55:037815,-307401
19:53:55:156098,-307601
19:53:55:274035,-307801
19:53:55:391684,-308001
19:53:55:509803,-308201
19:53:55:627358,-308401
19:53:55:744084,-308601
19:53:55:861824,-308801
19:53:55:979836,-309001
19:53:56:097713,-309201
19:53:56:215322,-309401
19:53:56:332568,-309601
19:53:56:450710,-309801
19:53:56:568562,-310001
19:53:56:686650,-310201
19:53:56:804624,-310401
19:53:56:922687,-310601
19:53:57:040869,-310801
19:53:57:158680,-311001
19:53:57:276705,-311201
19:53:57:394694,-311401
19:53:57:512593,-311601
19:53:57:630755,-311801
19:53:57:748798,-312001
19:53:57:866721,-312201
19:53:57:984992,-312401
19:53:58:103928,-312601
19:53:58:222075,-312801
19:53:58:339811,-313001
19:53:58:457950,-313201
19:53:58:575887,-313401
19:53:58:693660,-313601
19:53:58:811800,-313801
19:53:58:930178,-314001
19:53:59:047933,-314201
19:53:59:166196,-314401
19:53:59:284807,-314601
19:53:59:402989,-314801
19:53:59:520992,-315001
19:53:59:639097,-315201
19:53:59:758023,-315401
19:53:59:875718,-315601
19:53:59:994453,-315801
19:54:00:111820,-316001
19:54:00:229697,-316201
19:54:00:348018,-316401
19:54:00:466028,-316601
19:54:00:584019,-316801
19:54:00:702012,-317001
19:54:00:819575,-317201
19:54:00:938043,-317401
19:54:01:055817,-317601
19:54:01:173937,-317801
19:54:01:292259,-318001
19:54:01:410997,-318201
19:54:01:529064,-318401
19:54:01:647022,-318601
19:54:01:765019,-318801
19:54:01:882865,-319001
19:54:02:001058,-319201
19:54:02:119054,-319401
19:54:02:237028,-319601
19:54:02:355037,-319801
19:54:02:473074,-320001
19:54:02:591093,-320201
19:54:02:709076,-320401
19:54:02:826652,-320601
19:54:02:943845,-320801
19:54:03:061804,-321001
19:54:03:180128,-321201
19:54:03:298345,-321401
19:54:03:417041,-321601
19:54:03:534909,-321801
19:54:03:653327,-322001
19:54:03:786081,-322201
19:54:03:904771,-322401
19:54:04:023099,-322601
19:54:04:141346,-322801
19:54:04:258585,-323001
19:54:04:375036,-323201
19:54:04:492344,-323401
19:54:04:609340,-323601
19:54:04:727350,-323801
19:54:04:843707,-324001
19:54:04:960487,-324201
19:54:05:077113,-324401
19:54:05:193946,-324601
19:54:05:310131,-324801
19:54:05:426546,-325001
19:54:05:544159,-325201
19:54:05:660161,-325401
19:54:05:775922,-325601
19:54:05:892132,-325801
19:54:06:008407,-326001
19:54:06:124920,-326201
19:54:06:241105,-326401
19:54:06:357058,-326601
19:54:06:473094,-326801
19:54:06:589264,-327001
19:54:06:705480,-327201
19:54:06:822265,-327401
19:54:06:937863,-327601
19:54:07:054241,-327801
19:54:07:170227,-328001
19:54:07:287547,-328201
19:54:07:405493,-328401
19:54:07:522405,-328601
19:54:07:639244,-328801
19:54:07:755914,-329001
19:54:07:872311,-329201
19:54:07:988194,-329401
19:54:08:104251,-329601
19:54:08:219955,-329801
19:54:08:335930,-330001
19:54:08:451961,-330201
19:54:08:567832,-330401
19:54:08:684000,-330601
19:54:08:800380,-330801
19:54:08:917609,-331001
19:54:09:033817,-331201
19:54:09:150065,-331401
19:54:09:266085,-331601
19:54:09:383294,-331801
19:54:09:500397,-332001
19:54:09:617188,-332201
19:54:09:734154,-332401
19:54:09:849875,-332601
19:54:09:966140,-332801
19:54:10:082105,-333001
19:54:10:198390,-333201
19:54:10:315290,-333401
19:54:10:432343,-333601
19:54:10:549380,-333801
19:54:10:666151,-334001
19:54:10:782133,-334201
19:54:10:899359,-334401
19:54:11:015402,-334601
19:54:11:130903,-334801
19:54:11:246922,-335001
19:54:11:362883,-335201
19:54:11:478892,-335401
19:54:11:594898,-335601
19:54:11:710989,-335801
19:54:11:826895,-336001
19:54:11:943099,-336201
19:54:12:058944,-336401
19:54:12:175948,-336601
19:54:12:292015,-336801
19:54:12:407958,-337001
19:54:12:523943,-337201
19:54:12:640054,-337401
19:54:12:756216,-337601
19:54:12:872266,-337801
19:54:12:988257,-338001
19:54:13:104471,-338201
19:54:13:221112,-338401
19:54:13:337237,-338601
19:54:13:453275,-338801
19:54:13:570057,-339001
19:54:13:686295,-339201
19:54:13:803392,-339401
19:54:13:920325,-339601
19:54:14:037480,-339801
19:54:14:154356,-340001
19:54:14:271051,-340201
19:54:14:387561,-340401
19:54:14:504398,-340601
19:54:14:620360,-340801
19:54:14:737561,-341001
19:54:14:854093,-341201
19:54:14:970370,-341401
19:54:15:087573,-341601
19:54:15:204364,-341801
19:54:15:320380,-342001
19:54:15:437097,-342201
19:54:15:553389,-342401
19:54:15:669299,-342601
19:54:15:786071,-342801
19:54:15:902618,-343001
19:54:16:019573,-343201
19:54:16:136250,-343401
19:54:16:252345,-343601
19:54:16:369073,-343801
19:54:16:486569,-344001
19:54:16:603494,-344201
19:54:16:720177,-344401
19:54:16:836470,-344601
19:54:16:953691,-344801
19:54:17:070280,-345001
19:54:17:187636,-345201
19:54:17:304410,-345401
19:54:17:421635,-345601
19:54:17:538563,-345801
19:54:17:655643,-346001
19:54:17:772671,-346201
19:54:17:889478,-346401
19:54:18:006596,-346601
19:54:18:123656,-346801
19:54:18:240490,-347001
19:54:18:357229,-347201
19:54:18:473572,-347401
19:54:18:590705,-347601
19:54:18:707639,-347801
19:54:18:824697,-348001
19:54:18:941560,-348201
19:54:19:058653,-348401
19:54:19:176922,-348601
19:54:19:294697,-348801
19:54:19:411702,-349001
19:54:19:529556,-349201
19:54:19:647731,-349401
19:54:19:764718,-349601
19:54:19:882693,-349801
19:54:20:000734,-350001
19:54:20:118691,-350201
19:54:20:236711,-350401
19:54:20:354705,-350601
19:54:20:472700,-350801
19:54:20:590717,-351001
19:54:20:708758,-351201
19:54:20:826439,-351401
19:54:20:944774,-351601
19:54:21:062732,-351801
19:54:21:180669,-352001
19:54:21:298767,-352201
19:54:21:416768,-352401
19:54:21:534384,-352601
19:54:21:651952,-352801
19:54:21:769523,-353001
19:54:21:887723,-353201
19:54:22:005675,-353401
19:54:22:123725,-353601
19:54:22:241770,-353801
19:54:22:359668,-354001
19:54:22:477858,-354201
19:54:22:595818,-354401
19:54:22:713681,-354601
19:54:22:830877,-354801
19:54:22:948831,-355001
19:54:23:066622,-355201
19:54:23:184800,-355401
19:54:23:303083,-355601
19:54:23:420842,-355801
19:54:23:538489,-356001
19:54:23:655491,-356201
19:54:23:773532,-356401
19:54:23:891827,-356601
19:54:24:010125,-356801
19:54:24:128063,-357001
19:54:24:245803,-357201
19:54:24:363473,-357401
19:54:24:480764,-357601
19:54:24:598632,-357801
19:54:24:716416,-358001
19:54:24:832949,-358201
19:54:24:950916,-358401
19:54:25:068514,-358601
19:54:25:187030,-358801
19:54:25:305127,-359001
19:54:25:422827,-359201
19:54:25:540971,-359401
19:54:25:659154,-359601
19:54:25:776890,-359801
19:54:25:894473,-360001
19:54:26:011722,-360201
19:54:26:129569,-360401
19:54:26:247746,-360601
19:54:26:365584,-360801
19:54:26:484200,-361001
19:54:26:601802,-361201
19:54:26:719677,-361401
19:54:26:837986,-361601
19:54:26:955691,-361801
19:54:27:073660,-362001
19:54:27:191782,-362201
19:54:27:309787,-362401
19:54:27:427749,-362601
19:54:27:545908,-362801
19:54:27:664008,-363001
19:54:27:781979,-363201
19:54:27:899649,-363401
19:54:28:018036,-363601
19:54:28:135756,-363801
19:54:28:254067,-364001
19:54:28:371770,-364201
19:54:28:489899,-364401
19:54:28:607840,-364601
19:54:28:725791,-364801
19:54:28:843834,-365001
19:54:28:962001,-365201
19:54:29:079840,-365401
19:54:29:197739,-365601
19:54:29:315875,-365801
19:54:29:433915,-366001
19:54:29:551892,-366201
19:54:29:669899,-366401
19:54:29:787975,-366601
19:54:29:905813,-366801
19:54:30:023943,-367001
19:54:30:141885,-367201
19:54:30:259935,-367401
19:54:30:377830,-367601
19:54:30:495893,-367801
19:54:30:613989,-368001
19:54:30:732136,-368201
19:54:30:849989,-368401
19:54:30:967942,-368601
19:54:31:085766,-368801
19:54:31:203973,-369001
19:54:31:322137,-369201
19:54:31:439811,-369401
19:54:31:557913,-369601
19:54:31:675920,-369801
19:54:31:794039,-370001
19:54:31:912020,-370201
19:54:32:029851,-370401
19:54:32:148027,-370601
19:54:32:266046,-370801
19:54:32:383792,-371001
19:54:32:501786,-371201
19:54:32:619979,-371401
19:54:32:738038,-371601
19:54:32:855764,-371801
19:54:32:973199,-372001
19:54:33:091246,-372201
19:54:33:209429,-372401
19:54:33:326925,-372601
19:54:33:445244,-372801
19:54:33:563085,-373001
19:54:33:681105,-373201
19:54:33:799242,-373401
19:54:33:917107,-373601
19:54:34:034824,-373801
19:54:34:152954,-374001
19:54:34:271225,-374201
19:54:34:388744,-374401
19:54:34:505258,-374601
19:54:34:623346,-374801
19:54:34:741251,-375001
19:54:34:859508,-375201
19:54:34:977226,-375401
19:54:35:095222,-375601
19:54:35:213279,-375801
19:54:35:331252,-376001
19:54:35:449332,-376201
19:54:35:567027,-376401
19:54:35:685299,-376601
19:54:35:803371,-376801
19:54:35:920792,-377001
19:54:36:036941,-377201
19:54:36:154983,-377401
19:54:36:273581,-377601
19:54:36:392064,-377801
19:54:36:510348,-378001
19:54:36:628334,-378201
19:54:36:745909,-378401
19:54:36:864314,-378601
19:54:36:982210,-378801
19:54:37:100325,-379001
19:54:37:218113,-379201
19:54:37:336740,-379401
19:54:37:454572,-379601
19:54:37:572230,-379801
19:54:37:690339,-380001
19:54:37:808334,-380201
19:54:37:926213,-380401
19:54:38:044362,-380601
19:54:38:162346,-380801
19:54:38:280710,-381001
19:54:38:398066,-381201
19:54:38:516373,-381401
19:54:38:634360,-381601
19:54:38:752615,-381801
19:54:38:870404,-382001
19:54:38:988643,-382201
19:54:39:107391,-382401
19:54:39:225406,-382601
19:54:39:343389,-382801
19:54:39:461417,-383001
19:54:39:579217,-383201
19:54:39:697668,-383401
19:54:39:816079,-383601
19:54:39:934385,-383801
19:54:40:052454,-384001
19:54:40:170272,-384201
19:54:40:288447,-384401
19:54:40:405961,-384601
19:54:40:523247,-384801
19:54:40:641497,-385001
19:54:40:758909,-385201
19:54:40:875092,-385401
19:54:40:992989,-385601
19:54:41:110531,-385801
19:54:41:228509,-386001
19:54:41:346495,-386201
19:54:41:464477,-386401
19:54:41:582206,-386601
19:54:41:700796,-386801
19:54:41:819237,-387001
19:54:41:937412,-387201
19:54:42:055541,-387401
19:54:42:173195,-387601
19:54:42:291425,-387801
19:54:42:409187,-388001
19:54:42:527373,-388201
19:54:42:645415,-388401
19:54:42:763195,-388601
19:54:42:881325,-388801
19:54:42:999611,-389001
19:54:43:118535,-389201
19:54:43:236304,-389401
19:54:43:376551,-389601
19:54:43:494341,-389801
19:54:43:612582,-390001
19:54:43:730594,-390201
19:54:43:848584,-390401
19:54:43:966577,-390601
19:54:44:084068,-390801
19:54:44:201130,-391001
19:54:44:318336,-391201
19:54:44:436191,-391401
19:54:44:553371,-391601
19:54:44:671444,-391801
19:54:44:789195,-392001
19:54:44:907101,-392201
19:54:45:024657,-392401
19:54:45:142150,-392601
19:54:45:259161,-392801
19:54:45:377448,-393001
19:54:45:495396,-393201
19:54:45:613208,-393401
19:54:45:731356,-393601
19:54:45:849677,-393801
19:54:45:967457,-394001
19:54:46:085243,-394201
19:54:46:203678,-394401
19:54:46:321548,-394601
19:54:46:439525,-394801
19:54:46:557245,-395001
19:54:46:675404,-395201
19:54:46:793478,-395401
19:54:46:911494,-395601
19:54:47:029263,-395801
19:54:47:146705,-396001
19:54:47:264300,-396201
19:54:47:382704,-396401
19:54:47:500250,-396601
19:54:47:617280,-396801
19:54:47:735523,-397001
19:54:47:853520,-397201
19:54:47:971264,-397401
19:54:48:088339,-397601
19:54:48:206797,-397801
19:54:48:324736,-398001
19:54:48:442351,-398201
19:54:48:560687,-398401
19:54:48:678807,-398601
19:54:48:796798,-398801
19:54:48:914422,-399001
19:54:49:032381,-399201
19:54:49:150302,-399401
19:54:49:267653,-399601
19:54:49:385459,-399801
19:54:49:503560,-400001
19:54:49:621816,-400201
19:54:49:739713,-400401
19:54:49:857347,-400601
19:54:49:974297,-400801
19:54:50:091334,-401001
19:54:50:208891,-401201
19:54:50:326352,-401401
19:54:50:443354,-401601
19:54:50:560477,-401801
19:54:50:678902,-402001
19:54:50:796317,-402201
19:54:50:913420,-402401
19:54:51:031534,-402601
19:54:51:149626,-402801
19:54:51:265431,-403001
19:54:51:381471,-403201
19:54:51:499427,-403401
19:54:51:616720,-403601
19:54:51:733451,-403801
19:54:51:849520,-404001
19:54:51:965618,-404201
19:54:52:081888,-404401
19:54:52:197496,-404601
19:54:52:313876,-404801
19:54:52:429417,-405001
19:54:52:545420,-405201
19:54:52:662120,-405401
19:54:52:778888,-405601
19:54:52:894432,-405801
19:54:53:010861,-406001
19:54:53:126831,-406201
19:54:53:242469,-406401
19:54:53:358922,-406601
19:54:53:474479,-406801
19:54:53:590463,-407001
19:54:53:708681,-407201
19:54:53:824896,-407401
19:54:53:941480,-407601
19:54:54:057949,-407801
19:54:54:174307,-408001
19:54:54:290990,-408201
19:54:54:406992,-408401
19:54:54:522992,-408601
19:54:54:639259,-408801
19:54:54:754958,-409001
19:54:54:870977,-409201
19:54:54:986776,-409401
19:54:55:102814,-409601
19:54:55:218967,-409801
19:54:55:335192,-410001
19:54:55:451857,-410201
19:54:55:567584,-410401
19:54:55:683658,-410601
19:54:55:800229,-410801
19:54:55:917423,-411001
19:54:56:032607,-411201
19:54:56:148786,-411401
19:54:56:264988,-411601
19:54:56:382095,-411801
19:54:56:499167,-412001
19:54:56:614898,-412201
19:54:56:730656,-412401
19:54:56:847102,-412601
19:54:56:963962,-412801
19:54:57:079650,-413001
19:54:57:195542,-413201
19:54:57:311550,-413401
19:54:57:427577,-413601
19:54:57:543567,-413801
19:54:57:660156,-414001
19:54:57:776230,-414201
19:54:57:892001,-414401
19:54:58:007817,-414601
19:54:58:123674,-414801
19:54:58:239818,-415001
19:54:58:355792,-415201
19:54:58:471798,-415401
19:54:58:587740,-415601
19:54:58:705108,-415801
19:54:58:820775,-416001
19:54:58:936621,-416201
19:54:59:052816,-416401
19:54:59:168810,-416601
19:54:59:284754,-416801
19:54:59:400739,-417001
19:54:59:516742,-417201
19:54:59:632782,-417401
19:54:59:748861,-417601
19:54:59:865094,-417801
19:54:59:981001,-418001
19:55:00:096821,-418201
19:55:00:212822,-418401
19:55:00:329047,-418601
19:55:00:444665,-418801
19:55:00:561000,-419001
19:55:00:676967,-419201
19:55:00:793226,-419401
19:55:00:910461,-419601
19:55:01:026989,-419801
19:55:01:143013,-420001
19:55:01:260483,-420201
19:55:01:376730,-420401
19:55:01:492974,-420601
19:55:01:609031,-420801
19:55:01:724818,-421001
19:55:01:841028,-421201
19:55:01:956790,-421401
19:55:02:072966,-421601
19:55:02:189047,-421801
19:55:02:304922,-422001
19:55:02:420877,-422201
19:55:02:536854,-422401
19:55:02:652915,-422601
19:55:02:769349,-422801
19:55:02:886237,-423001
19:55:03:002752,-423201
19:55:03:119200,-423401
19:55:03:235121,-423601
19:55:03:351318,-423801
19:55:03:467990,-424001
19:55:03:584215,-424201
19:55:03:701058,-424401
19:55:03:817110,-424601
19:55:03:934251,-424801
19:55:04:051139,-425001
19:55:04:167406,-425201
19:55:04:284096,-425401
19:55:04:401193,-425601
19:55:04:516815,-425801
19:55:04:633047,-426001
19:55:04:749304,-426201
19:55:04:865142,-426401
19:55:04:982248,-426601
19:55:05:098218,-426801
19:55:05:214355,-427001
19:55:05:331177,-427201
19:55:05:446835,-427401
19:55:05:563205,-427601
19:55:05:679248,-427801
19:55:05:796398,-428001
19:55:05:913203,-428201
19:55:06:029980,-428401
19:55:06:146023,-428601
19:55:06:262381,-428801
19:55:06:379425,-429001
19:55:06:496425,-429201
19:55:06:613253,-429401
19:55:06:728977,-429601
19:55:06:845372,-429801
19:55:06:961957,-430001
19:55:07:078269,-430201
19:55:07:195393,-430401
19:55:07:312422,-430601
19:55:07:429434,-430801
19:55:07:546168,-431001
19:55:07:662699,-431201
19:55:07:779454,-431401
19:55:07:896525,-431601
19:55:08:013496,-431801
19:55:08:130876,-432001
19:55:08:248438,-432201
19:55:08:365470,-432401
19:55:08:482422,-432601
19:55:08:599496,-432801
19:55:08:715600,-433001
19:55:08:832825,-433201
19:55:08:950353,-433401
19:55:09:067186,-433601
19:55:09:183536,-433801
19:55:09:300417,-434001
19:55:09:417903,-434201
19:55:09:534989,-434401
19:55:09:651499,-434601
19:55:09:768511,-434801
19:55:09:885526,-435001
19:55:10:002536,-435201
19:55:10:119843,-435401
19:55:10:236485,-435601
19:55:10:353383,-435801
19:55:10:470129,-436001
19:55:10:586404,-436201
19:55:10:703426,-436401
19:55:10:820594,-436601
19:55:10:937465,-436801
19:55:11:054563,-437001
19:55:11:171366,-437201
19:55:11:288451,-437401
19:55:11:405467,-437601
19:55:11:522560,-437801
19:55:11:639647,-438001
19:55:11:756665,-438201
19:55:11:874848,-438401
19:55:11:992264,-438601
19:55:12:108629,-438801
19:55:12:225653,-439001
19:55:12:343868,-439201
19:55:12:461430,-439401
19:55:12:579647,-439601
19:55:12:697899,-439801
19:55:12:815861,-440001
19:55:12:933690,-440201
19:55:13:051422,-440401
19:55:13:169755,-440601
19:55:13:287873,-440801
19:55:13:405650,-441001
19:55:13:523894,-441201
19:55:13:641495,-441401
19:55:13:759905,-441601
19:55:13:877682,-441801
19:55:13:995580,-442001
19:55:14:113561,-442201
19:55:14:231745,-442401
19:55:14:349680,-442601
19:55:14:467372,-442801
19:55:14:585274,-443001
19:55:14:701937,-443201
19:55:14:819762,-443401
19:55:14:937415,-443601
19:55:15:056013,-443801
19:55:15:173723,-444001
19:55:15:291678,-444201
19:55:15:409995,-444401
19:55:15:527731,-444601
19:55:15:645752,-444801
19:55:15:763977,-445001
19:55:15:881744,-445201
19:55:15:999664,-445401
19:55:16:117851,-445601
19:55:16:235229,-445801
19:55:16:352026,-446001
19:55:16:469825,-446201
19:55:16:587774,-446401
19:55:16:705981,-446601
19:55:16:823665,-446801
19:55:16:942189,-447001
19:55:17:059815,-447201
19:55:17:178067,-447401
19:55:17:296024,-447601
19:55:17:413804,-447801
19:55:17:531533,-448001
19:55:17:649404,-448201
19:55:17:767871,-448401
19:55:17:885665,-448601
19:55:18:003726,-448801
19:55:18:121830,-449001
19:55:18:239824,-449201
19:55:18:357884,-449401
19:55:18:475674,-449601
19:55:18:593684,-449801
19:55:18:712089,-450001
19:55:18:829443,-450201
19:55:18:948258,-450401
19:55:19:064657,-450601
19:55:19:180566,-450801
19:55:19:296684,-451001
19:55:19:412616,-451201
19:55:19:528615,-451401
19:55:19:644716,-451601
19:55:19:760868,-451801
19:55:19:876680,-452001
19:55:19:992450,-452201
19:55:20:108733,-452401
19:55:20:224979,-452601
19:55:20:342276,-452801
19:55:20:458777,-453001
19:55:20:574722,-453201
19:55:20:690831,-453401
19:55:20:806626,-453601
19:55:20:922604,-453801
19:55:21:038521,-454001
19:55:21:154776,-454201
19:55:21:270987,-454401
19:55:21:386775,-454601
19:55:21:503825,-454801
19:55:21:620015,-455001
19:55:21:736528,-455201
19:55:21:852803,-455401
19:55:21:969151,-455601
19:55:22:085778,-455801
19:55:22:201973,-456001
19:55:22:317894,-456201
19:55:22:434192,-456401
19:55:22:549826,-456601
19:55:22:666001,-456801
19:55:22:781853,-457001
19:55:22:898022,-457201
19:55:23:014710,-457401
19:55:23:130925,-457601
19:55:23:246878,-457801
19:55:23:363061,-458001
19:55:23:480067,-458201
19:55:23:596122,-458401
19:55:23:712794,-458601
19:55:23:828955,-458801
19:55:23:945937,-459001
19:55:24:062979,-459201
19:55:24:178851,-459401
19:55:24:294748,-459601
19:55:24:410825,-459801
19:55:24:527059,-460001
19:55:24:642770,-460201
19:55:24:759075,-460401
19:55:24:875166,-460601
19:55:24:991645,-460801
19:55:25:108157,-461001
19:55:25:224089,-461201
19:55:25:340478,-461401
19:55:25:457074,-461601
19:55:25:573046,-461801
19:55:25:689162,-462001
19:55:25:805644,-462201
19:55:25:921900,-462401
19:55:26:038153,-462601
19:55:26:154372,-462801
19:55:26:271119,-463001
19:55:26:387219,-463201
19:55:26:503668,-463401
19:55:26:620176,-463601
19:55:26:735803,-463801
19:55:26:852029,-464001
19:55:26:969131,-464201
19:55:27:085958,-464401
19:55:27:202020,-464601
19:55:27:318210,-464801
19:55:27:434016,-465001
19:55:27:551155,-465201
19:55:27:668140,-465401
19:55:27:784859,-465601
19:55:27:901161,-465801
19:55:28:017721,-466001
19:55:28:134053,-466201
19:55:28:250034,-466401
19:55:28:367444,-466601
19:55:28:484108,-466801
19:55:28:601153,-467001
19:55:28:717792,-467201
19:55:28:833791,-467401
19:55:28:949738,-467601
19:55:29:065837,-467801
19:55:29:182474,-468001
19:55:29:299247,-468201
19:55:29:416246,-468401
19:55:29:533103,-468601
19:55:29:649241,-468801
19:55:29:765323,-469001
19:55:29:881789,-469201
19:55:29:998486,-469401
19:55:30:115337,-469601
19:55:30:231977,-469801
19:55:30:348331,-470001
19:55:30:465484,-470201
19:55:30:582398,-470401
19:55:30:699253,-470601
19:55:30:816382,-470801
19:55:30:933507,-471001
19:55:31:050311,-471201
19:55:31:167025,-471401
19:55:31:283039,-471601
19:55:31:399233,-471801
19:55:31:515837,-472001
19:55:31:632267,-472201
19:55:31:748420,-472401
19:55:31:865003,-472601
19:55:31:982552,-472801
19:55:32:098918,-473001
19:55:32:215098,-473201
19:55:32:332153,-473401
19:55:32:449635,-473601
19:55:32:566082,-473801
19:55:32:682263,-474001
19:55:32:799439,-474201
19:55:32:916511,-474401
19:55:33:033035,-474601
19:55:33:149412,-474801
19:55:33:265988,-475001
19:55:33:382528,-475201
19:55:33:499596,-475401
19:55:33:616299,-475601
19:55:33:733395,-475801
19:55:33:850031,-476001
19:55:33:965950,-476201
19:55:34:082252,-476401
19:55:34:198175,-476601
19:55:34:314206,-476801
19:55:34:431430,-477001
19:55:34:548194,-477201
19:55:34:664936,-477401
19:55:34:781464,-477601
19:55:34:898285,-477801
19:55:35:015100,-478001
19:55:35:131501,-478201
19:55:35:248334,-478401
19:55:35:365390,-478601
19:55:35:482305,-478801
19:55:35:598255,-479001
19:55:35:715406,-479201
19:55:35:832236,-479401
19:55:35:949466,-479601
19:55:36:066201,-479801
19:55:36:182189,-480001
19:55:36:298557,-480201
19:55:36:414057,-480401
19:55:36:530016,-480601
19:55:36:646274,-480801
19:55:36:762302,-481001
19:55:36:879532,-481201
19:55:36:996328,-481401
19:55:37:112285,-481601
19:55:37:229885,-481801
19:55:37:346383,-482001
19:55:37:463591,-482201
19:55:37:580447,-482401
19:55:37:697664,-482601
19:55:37:814462,-482801
19:55:37:931879,-483001
19:55:38:049044,-483201
19:55:38:165812,-483401
19:55:38:283680,-483601
19:55:38:400620,-483801
19:55:38:517412,-484001
19:55:38:634503,-484201
19:55:38:751575,-484401
19:55:38:868434,-484601
19:55:38:984399,-484801
19:55:39:101613,-485001
19:55:39:218424,-485201
19:55:39:335660,-485401
19:55:39:452603,-485601
19:55:39:569341,-485801
19:55:39:686639,-486001
19:55:39:803342,-486201
19:55:39:919610,-486401
19:55:40:036199,-486601
19:55:40:152622,-486801
19:55:40:269704,-487001
19:55:40:386635,-487201
19:55:40:503593,-487401
19:55:40:620538,-487601
19:55:40:737804,-487801
19:55:40:854561,-488001
19:55:40:971793,-488201
19:55:41:088214,-488401
19:55:41:205457,-488601
19:55:41:322806,-488801
19:55:41:439420,-489001
19:55:41:556254,-489201
19:55:41:672370,-489401
19:55:41:789731,-489601
19:55:41:906754,-489801
19:55:42:023719,-490001
19:55:42:140246,-490201
19:55:42:256415,-490401
19:55:42:373722,-490601
19:55:42:490749,-490801
19:55:42:607732,-491001
19:55:42:724756,-491201
19:55:42:841676,-491401
19:55:42:958885,-491601
19:55:43:075694,-491801
19:55:43:192758,-492001
19:55:43:309807,-492201
19:55:43:426555,-492401
19:55:43:543333,-492601
19:55:43:659811,-492801
19:55:43:776778,-493001
19:55:43:893842,-493201
19:55:44:011181,-493401
19:55:44:128819,-493601
19:55:44:246075,-493801
19:55:44:363546,-494001
19:55:44:479827,-494201
19:55:44:597069,-494401
19:55:44:714318,-494601
19:55:44:830810,-494801
19:55:44:947807,-495001
19:55:45:064542,-495201
19:55:45:180518,-495401
19:55:45:297667,-495601
19:55:45:415219,-495801
19:55:45:532530,-496001
19:55:45:648911,-496201
19:55:45:766389,-496401
19:55:45:883923,-496601
19:55:46:000942,-496801
19:55:46:117732,-497001
19:55:46:235715,-497201
19:55:46:353889,-497401
19:55:46:471395,-497601
19:55:46:587860,-497801
19:55:46:705169,-498001
19:55:46:823801,-498201
19:55:46:941914,-498401
19:55:47:058786,-498601
19:55:47:176920,-498801
19:55:47:294149,-499001
19:55:47:411250,-499201
19:55:47:528777,-499401
19:55:47:646974,-499601
19:55:47:764922,-499801
19:55:47:882927,-500001
19:55:48:000689,-500201
19:55:48:118695,-500401
19:55:48:236954,-500601
19:55:48:355179,-500801
19:55:48:473159,-501001
19:55:48:590973,-501201
19:55:48:709099,-501401
19:55:48:827243,-501601
19:55:48:945181,-501801
19:55:49:062764,-502001
19:55:49:179892,-502201
19:55:49:297838,-502401
19:55:49:416109,-502601
19:55:49:533523,-502801
19:55:49:650051,-503001
19:55:49:767853,-503201
19:55:49:885775,-503401
19:55:50:004116,-503601
19:55:50:121808,-503801
19:55:50:239676,-504001
19:55:50:356124,-504201
19:55:50:473812,-504401
19:55:50:591869,-504601
19:55:50:709801,-504801
19:55:50:827834,-505001
19:55:50:945829,-505201
19:55:51:063679,-505401
19:55:51:179692,-505601
19:55:51:297786,-505801
19:55:51:415725,-506001
19:55:51:533697,-506201
19:55:51:652102,-506401
19:55:51:770134,-506601
19:55:51:887708,-506801
19:55:52:005764,-507001
19:55:52:124071,-507201
19:55:52:241907,-507401
19:55:52:359883,-507601
19:55:52:477896,-507801
19:55:52:595930,-508001
19:55:52:713893,-508201
19:55:52:832206,-508401
19:55:52:949870,-508601
19:55:53:067636,-508801
19:55:53:185093,-509001
19:55:53:302843,-509201
19:55:53:421209,-509401
19:55:53:539131,-509601
19:55:53:657411,-509801
19:55:53:775164,-510001
19:55:53:893148,-510201
19:55:54:011160,-510401
19:55:54:129115,-510601
19:55:54:246853,-510801
19:55:54:364689,-511001
19:55:54:481926,-511201
19:55:54:600037,-511401
19:55:54:718050,-511601
19:55:54:835978,-511801
19:55:54:954031,-512001
19:55:55:071711,-512201
19:55:55:188343,-512401
19:55:55:306246,-512601
19:55:55:424033,-512801
19:55:55:542036,-513001
19:55:55:660031,-513201
19:55:55:778287,-513401
19:55:55:897066,-513601
19:55:56:015228,-513801
19:55:56:133160,-514001
19:55:56:251152,-514201
19:55:56:369283,-514401
19:55:56:487188,-514601
19:55:56:605154,-514801
19:55:56:723089,-515001
19:55:56:841297,-515201
19:55:56:959272,-515401
19:55:57:076911,-515601
19:55:57:195356,-515801
19:55:57:313329,-516001
19:55:57:431362,-516201
19:55:57:549198,-516401
19:55:57:667543,-516601
19:55:57:786191,-516801
19:55:57:904396,-517001
19:55:58:023287,-517201
19:55:58:141422,-517401
19:55:58:259009,-517601
19:55:58:377214,-517801
19:55:58:495254,-518001
19:55:58:613416,-518201
19:55:58:731340,-518401
19:55:58:849339,-518601
19:55:58:967450,-518801
19:55:59:085953,-519001
19:55:59:204309,-519201
19:55:59:322417,-519401
19:55:59:440467,-519601
19:55:59:558375,-519801
19:55:59:676444,-520001
19:55:59:794442,-520201
19:55:59:912348,-520401
19:56:00:030054,-520601
19:56:00:148399,-520801
19:56:00:266376,-521001
19:56:00:384030,-521201
19:56:00:502750,-521401
19:56:00:620269,-521601
19:56:00:738596,-521801
19:56:00:856369,-522001
19:56:00:974377,-522201
19:56:01:092218,-522401
19:56:01:210107,-522601
19:56:01:328355,-522801
19:56:01:446645,-523001
19:56:01:565204,-523201
19:56:01:683421,-523401
19:56:01:801635,-523601
19:56:01:920672,-523801
19:56:02:038281,-524001
19:56:02:156136,-524201
19:56:02:274219,-524401
19:56:02:392404,-524601
19:56:02:509948,-524801
19:56:02:627706,-525001
19:56:02:746698,-525201
19:56:02:864696,-525401
19:56:02:983541,-525601
19:56:03:102504,-525801
19:56:03:220490,-526001
19:56:03:338697,-526201
19:56:03:456702,-526401
19:56:03:575123,-526601
19:56:03:693564,-526801
19:56:03:811337,-527001
19:56:03:929534,-527201
19:56:04:047574,-527401
19:56:04:165808,-527601
19:56:04:284380,-527801
19:56:04:402491,-528001
19:56:04:520836,-528201
19:56:04:639509,-528401
19:56:04:757532,-528601
19:56:04:875562,-528801
19:56:04:993535,-529001
19:56:05:112601,-529201
19:56:05:230717,-529401
19:56:05:348834,-529601
19:56:05:466800,-529801
19:56:05:584181,-530001
19:56:05:702594,-530201
19:56:05:820851,-530401
19:56:05:939726,-530601
19:56:06:057512,-530801
19:56:06:175518,-531001
19:56:06:293765,-531201
19:56:06:412589,-531401
19:56:06:530448,-531601
19:56:06:648185,-531801
19:56:06:765389,-532001
19:56:06:883486,-532201
19:56:07:001696,-532401
19:56:07:120651,-532601
19:56:07:238396,-532801
19:56:07:356813,-533001
19:56:07:474706,-533201
19:56:07:592194,-533401
19:56:07:709490,-533601
19:56:07:827470,-533801
19:56:07:945400,-534001
19:56:08:063687,-534201
19:56:08:181422,-534401
19:56:08:299470,-534601
19:56:08:417451,-534801
19:56:08:535344,-535001
19:56:08:653477,-535201
19:56:08:771492,-535401
19:56:08:889676,-535601
19:56:09:007496,-535801
19:56:09:125507,-536001
19:56:09:243405,-536201
19:56:09:361516,-536401
19:56:09:479525,-536601
19:56:09:597268,-536801
19:56:09:714981,-537001
19:56:09:832568,-537201
19:56:09:950570,-537401
19:56:10:068321,-537601
19:56:10:186793,-537801
19:56:10:304587,-538001
19:56:10:422933,-538201
19:56:10:539520,-538401
19:56:10:657245,-538601
19:56:10:775057,-538801
19:56:10:891213,-539001
19:56:11:007518,-539201
19:56:11:123627,-539401
19:56:11:239630,-539601
19:56:11:355723,-539801
19:56:11:471764,-540001
19:56:11:587355,-540201
19:56:11:703550,-540401
19:56:11:819611,-540601
19:56:11:935618,-540801
19:56:12:051874,-541001
19:56:12:169264,-541201
19:56:12:285676,-541401
19:56:12:401697,-541601
19:56:12:517502,-541801
19:56:12:633682,-542001
19:56:12:749918,-542201
19:56:12:865633,-542401
19:56:12:981768,-542601
19:56:13:097487,-542801
19:56:13:213703,-543001
19:56:13:330922,-543201
19:56:13:446533,-543401
19:56:13:562799,-543601
19:56:13:679734,-543801
19:56:13:795829,-544001
19:56:13:911663,-544201
19:56:14:027691,-544401
19:56:14:143815,-544601
19:56:14:259915,-544801
19:56:14:375996,-545001
19:56:14:492880,-545201
19:56:14:608452,-545401
19:56:14:724408,-545601
19:56:14:840431,-545801
19:56:14:956917,-546001
19:56:15:072876,-546201
19:56:15:188985,-546401
19:56:15:304965,-546601
19:56:15:420788,-546801
19:56:15:536732,-547001
19:56:15:652988,-547201
19:56:15:768949,-547401
19:56:15:884954,-547601
19:56:16:001240,-547801
19:56:16:117864,-548001
19:56:16:233874,-548201
19:56:16:349712,-548401
19:56:16:466247,-548601
19:56:16:583922,-548801
19:56:16:699558,-549001
19:56:16:816002,-549201
19:56:16:932075,-549401
19:56:17:048000,-549601
19:56:17:164016,-549801
19:56:17:279767,-550001
19:56:17:396022,-550201
19:56:17:513207,-550401
19:56:17:629992,-550601
19:56:17:745711,-550801
19:56:17:862023,-551001
19:56:17:978013,-551201
19:56:18:094030,-551401
19:56:18:210146,-551601
19:56:18:327009,-551801
19:56:18:443016,-552001
19:56:18:559012,-552201
19:56:18:674908,-552401
19:56:18:790648,-552601
19:56:18:907008,-552801
19:56:19:023044,-553001
19:56:19:140074,-553201
19:56:19:257084,-553401
19:56:19:373139,-553601
19:56:19:490345,-553801
19:56:19:607656,-554001
19:56:19:724102,-554201
19:56:19:841106,-554401
19:56:19:957114,-554601
19:56:20:072845,-554801
19:56:20:189002,-555001
19:56:20:305207,-555201
19:56:20:421140,-555401
19:56:20:537002,-555601
19:56:20:653249,-555801
19:56:20:769115,-556001
19:56:20:885161,-556201
19:56:21:001365,-556401
19:56:21:117695,-556601
19:56:21:233929,-556801
19:56:21:350560,-557001
19:56:21:467391,-557201
19:56:21:584058,-557401
19:56:21:700110,-557601
19:56:21:816557,-557801
19:56:21:933238,-558001
19:56:22:048923,-558201
19:56:22:165162,-558401
19:56:22:281370,-558601
19:56:22:396953,-558801
19:56:22:513121,-559001
19:56:22:628851,-559201
19:56:22:744882,-559401
19:56:22:860641,-559601
19:56:22:977049,-559801
19:56:23:093091,-560001
19:56:23:209152,-560201
19:56:23:325034,-560401
19:56:23:440859,-560601
19:56:23:557105,-560801
19:56:23:674275,-561001
19:56:23:791116,-561201
19:56:23:907207,-561401
19:56:24:024070,-561601
19:56:24:140311,-561801
19:56:24:256289,-562001
19:56:24:371947,-562201
19:56:24:488298,-562401
19:56:24:604265,-562601
19:56:24:720396,-562801
19:56:24:837057,-563001
19:56:24:953051,-563201
19:56:25:068888,-563401
19:56:25:185322,-563601
19:56:25:302360,-563801
19:56:25:418509,-564001
19:56:25:534938,-564201
19:56:25:651116,-564401
19:56:25:767271,-564601
19:56:25:884190,-564801
19:56:26:000413,-565001
19:56:26:115923,-565201
19:56:26:232323,-565401
19:56:26:348343,-565601
19:56:26:464287,-565801
19:56:26:580283,-566001
19:56:26:696173,-566201
19:56:26:812373,-566401
19:56:26:927940,-566601
19:56:27:044379,-566801
19:56:27:160364,-567001
19:56:27:276353,-567201
19:56:27:392381,-567401
19:56:27:508415,-567601
19:56:27:624928,-567801
19:56:27:741213,-568001
19:56:27:857231,-568201
19:56:27:973254,-568401
19:56:28:089035,-568601
19:56:28:205088,-568801
19:56:28:321225,-569001
19:56:28:437254,-569201
19:56:28:553428,-569401
19:56:28:669326,-569601
19:56:28:785237,-569801
19:56:28:901418,-570001
19:56:29:017429,-570201
19:56:29:133964,-570401
19:56:29:250473,-570601
19:56:29:367309,-570801
19:56:29:483226,-571001
19:56:29:599275,-571201
19:56:29:715260,-571401
19:56:29:831288,-571601
19:56:29:947242,-571801
19:56:30:063295,-572001
19:56:30:179301,-572201
19:56:30:295205,-572401
19:56:30:411574,-572601
19:56:30:528129,-572801
19:56:30:644116,-573001
19:56:30:760554,-573201
19:56:30:877364,-573401
19:56:30:993312,-573601
19:56:31:109399,-573801
19:56:31:226241,-574001
19:56:31:342531,-574201
19:56:31:459509,-574401
19:56:31:576534,-574601
19:56:31:692617,-574801
19:56:31:809632,-575001
19:56:31:926590,-575201
19:56:32:043532,-575401
19:56:32:160577,-575601
19:56:32:276562,-575801
19:56:32:393634,-576001
19:56:32:510218,-576201
19:56:32:626080,-576401
19:56:32:742380,-576601
19:56:32:858628,-576801
19:56:32:975334,-577001
19:56:33:091238,-577201
19:56:33:207348,-577401
19:56:33:323757,-577601
19:56:33:440586,-577801
19:56:33:557863,-578001
19:56:33:675230,-578201
19:56:33:791252,-578401
19:56:33:908364,-578601
19:56:34:024730,-578801
19:56:34:141162,-579001
19:56:34:257657,-579201
19:56:34:374816,-579401
19:56:34:491586,-579601
19:56:34:607474,-579801
19:56:34:724575,-580001
19:56:34:841624,-580201
19:56:34:958105,-580401
19:56:35:074605,-580601
19:56:35:190669,-580801
19:56:35:307872,-581001
19:56:35:424670,-581201
19:56:35:541681,-581401
19:56:35:658185,-581601
19:56:35:774706,-581801
19:56:35:891684,-582001
19:56:36:008525,-582201
19:56:36:125692,-582401
19:56:36:242521,-582601
19:56:36:359082,-582801
19:56:36:476701,-583001
19:56:36:593712,-583201
19:56:36:710819,-583401
19:56:36:826202,-583601
19:56:36:942539,-583801
19:56:37:058592,-584001
19:56:37:175827,-584201
19:56:37:292600,-584401
19:56:37:410126,-584601
19:56:37:527770,-584801
19:56:37:643327,-585001
19:56:37:759499,-585201
19:56:37:875642,-585401
19:56:37:992989,-585601
19:56:38:109602,-585801
19:56:38:226602,-586001
19:56:38:343885,-586201
19:56:38:460846,-586401
19:56:38:577791,-586601
19:56:38:694811,-586801
19:56:38:811782,-587001
19:56:38:929247,-587201
19:56:39:046833,-587401
19:56:39:163284,-587601
19:56:39:280018,-587801
19:56:39:396399,-588001
19:56:39:512613,-588201
19:56:39:629837,-588401
19:56:39:746785,-588601
19:56:39:863665,-588801
19:56:39:980590,-589001
19:56:40:097902,-589201
19:56:40:214735,-589401
19:56:40:331853,-589601
19:56:40:448966,-589801
19:56:40:565586,-590001
19:56:40:681887,-590201
19:56:40:798996,-590401
19:56:40:916113,-590601
19:56:41:032432,-590801
19:56:41:148612,-591001
19:56:41:264735,-591201
19:56:41:380834,-591401
19:56:41:497921,-591601
19:56:41:614815,-591801
19:56:41:731909,-592001
19:56:41:848705,-592201
19:56:41:964978,-592401
19:56:42:081657,-592601
19:56:42:197760,-592801
19:56:42:313948,-593001
19:56:42:430943,-593201
19:56:42:547673,-593401
19:56:42:664494,-593601
19:56:42:780701,-593801
19:56:42:896774,-594001
19:56:43:013937,-594201
19:56:43:130793,-594401
19:56:43:247509,-594601
19:56:43:363966,-594801
19:56:43:480799,-595001
19:56:43:596792,-595201
19:56:43:713492,-595401
19:56:43:832817,-595601
19:56:43:949659,-595801
19:56:44:065641,-596001
19:56:44:181786,-596201
19:56:44:297828,-596401
19:56:44:414009,-596601
19:56:44:530665,-596801
19:56:44:646760,-597001
19:56:44:764055,-597201
19:56:44:880825,-597401
19:56:44:997536,-597601
19:56:45:113714,-597801
19:56:45:230054,-598001
19:56:45:347080,-598201
19:56:45:464106,-598401
19:56:45:581118,-598601
19:56:45:698192,-598801
19:56:45:814887,-599001
19:56:45:932075,-599201
19:56:46:048956,-599401
19:56:46:165661,-599601
19:56:46:282084,-599801
19:56:46:398916,-600001
19:56:46:515871,-600201
19:56:46:632921,-600401
19:56:46:748942,-600601
19:56:46:866148,-600801
19:56:46:982139,-601001
19:56:47:098977,-601201
19:56:47:214950,-601401
19:56:47:331643,-601601
19:56:47:448075,-601801
19:56:47:564948,-602001
19:56:47:680964,-602201
19:56:47:796971,-602401
19:56:47:914144,-602601
19:56:48:030965,-602801
19:56:48:147098,-603001
19:56:48:264294,-603201
19:56:48:380991,-603401
19:56:48:498210,-603601
19:56:48:615141,-603801
19:56:48:731381,-604001
19:56:48:848191,-604201
19:56:48:965328,-604401
19:56:49:082073,-604601
19:56:49:199172,-604801
19:56:49:316205,-605001
19:56:49:433222,-605201
19:56:49:550404,-605401
19:56:49:667818,-605601
19:56:49:784157,-605801
19:56:49:901316,-606001
19:56:50:017916,-606201
19:56:50:135193,-606401
19:56:50:252241,-606601
19:56:50:369425,-606801
19:56:50:486871,-607001
19:56:50:603460,-607201
19:56:50:721232,-607401
19:56:50:838217,-607601
19:56:50:955261,-607801
19:56:51:072108,-608001
19:56:51:188745,-608201
19:56:51:305234,-608401
19:56:51:421756,-608601
19:56:51:538298,-608801
19:56:51:655634,-609001
19:56:51:773228,-609201
19:56:51:890139,-609401
19:56:52:007847,-609601
19:56:52:125246,-609801
19:56:52:242213,-610001
19:56:52:359339,-610201
19:56:52:477176,-610401
19:56:52:595316,-610601
19:56:52:712224,-610801
19:56:52:829326,-611001
19:56:52:947244,-611201
19:56:53:065080,-611401
19:56:53:182945,-611601
19:56:53:299378,-611801
19:56:53:417189,-612001
19:56:53:535051,-612201
19:56:53:651490,-612401
19:56:53:769301,-612601
19:56:53:887631,-612801
19:56:54:005340,-613001
19:56:54:123350,-613201
19:56:54:241103,-613401
19:56:54:358122,-613601
19:56:54:476624,-613801
19:56:54:594434,-614001
19:56:54:712218,-614201
19:56:54:830238,-614401
19:56:54:948406,-614601
19:56:55:066007,-614801
19:56:55:183963,-615001
19:56:55:300336,-615201
19:56:55:418392,-615401
19:56:55:536029,-615601
19:56:55:654715,-615801
19:56:55:772620,-616001
19:56:55:890546,-616201
19:56:56:008690,-616401
19:56:56:126248,-616601
19:56:56:244109,-616801
19:56:56:362502,-617001
19:56:56:480444,-617201
19:56:56:598318,-617401
19:56:56:716459,-617601
19:56:56:834712,-617801
19:56:56:952106,-618001
19:56:57:070052,-618201
19:56:57:187115,-618401
19:56:57:305538,-618601
19:56:57:423552,-618801
19:56:57:541579,-619001
19:56:57:659781,-619201
19:56:57:777550,-619401
19:56:57:895588,-619601
19:56:58:013641,-619801
19:56:58:131590,-620001
19:56:58:249596,-620201
19:56:58:367458,-620401
19:56:58:485527,-620601
19:56:58:603602,-620801
19:56:58:721580,-621001
19:56:58:839574,-621201
19:56:58:957630,-621401
19:56:59:075563,-621601
19:56:59:193087,-621801
19:56:59:309072,-622001
19:56:59:426084,-622201
19:56:59:543297,-622401
19:56:59:661130,-622601
19:56:59:777119,-622801
19:56:59:893157,-623001
19:57:00:010314,-623201
19:57:00:127136,-623401
19:57:00:244360,-623601
19:57:00:362263,-623801
19:57:00:480108,-624001
19:57:00:597217,-624201
19:57:00:715641,-624401
19:57:00:833909,-624601
19:57:00:951437,-624801
19:57:01:069365,-625001
19:57:01:187139,-625201
19:57:01:304245,-625401
19:57:01:422322,-625601
19:57:01:540258,-625801
19:57:01:658153,-626001
19:57:01:775468,-626201
19:57:01:893256,-626401
19:57:02:011138,-626601
19:57:02:128490,-626801
19:57:02:246502,-627001
19:57:02:364531,-627201
19:57:02:482704,-627401
19:57:02:601493,-627601
19:57:02:719693,-627801
19:57:02:837582,-628001
19:57:02:955945,-628201
19:57:03:073697,-628401
19:57:03:191402,-628601
19:57:03:309675,-628801
19:57:03:427684,-629001
19:57:03:545738,-629201
19:57:03:663227,-629401
19:57:03:780531,-629601
19:57:03:898420,-629801
19:57:04:016499,-630001
19:57:04:134835,-630201
19:57:04:252535,-630401
19:57:04:370742,-630601
19:57:04:488446,-630801
19:57:04:606844,-631001
19:57:04:725779,-631201
19:57:04:843827,-631401
19:57:04:961795,-631601
19:57:05:079279,-631801
19:57:05:196403,-632001
19:57:05:314867,-632201
19:57:05:433912,-632401
19:57:05:552671,-632601
19:57:05:670726,-632801
19:57:05:788915,-633001
19:57:05:906969,-633201
19:57:06:024758,-633401
19:57:06:141837,-633601
19:57:06:257817,-633801
19:57:06:374678,-634001
19:57:06:491759,-634201
19:57:06:607849,-634401
19:57:06:724378,-634601
19:57:06:840763,-634801
19:57:06:959280,-635001
19:57:07:076394,-635201
19:57:07:192930,-635401
19:57:07:310851,-635601
19:57:07:427257,-635801
19:57:07:543990,-636001
19:57:07:659877,-636201
19:57:07:775603,-636401
19:57:07:891736,-636601
19:57:08:007675,-636801
19:57:08:123509,-637001
19:57:08:239475,-637201
19:57:08:355738,-637401
19:57:08:471785,-637601
19:57:08:587837,-637801
19:57:08:703435,-638001
19:57:08:819607,-638201
19:57:08:935580,-638401
19:57:09:051589,-638601
19:57:09:167625,-638801
19:57:09:283650,-639001
19:57:09:399875,-639201
