19:34:04:376876,-1
19:34:04:493456,-201
19:34:04:609655,-401
19:34:04:725684,-601
19:34:04:842275,-801
19:34:04:959729,-1001
19:34:05:075621,-1201
19:34:05:191979,-1401
19:34:05:309258,-1601
19:34:05:425894,-1801
19:34:05:542903,-2001
19:34:05:658949,-2201
19:34:05:776069,-2401
19:34:05:892599,-2601
19:34:06:009220,-2801
19:34:06:127045,-3001
19:34:06:244031,-3201
19:34:06:361290,-3401
19:34:06:477837,-3601
19:34:06:595101,-3801
19:34:06:712068,-4001
19:34:06:828624,-4201
19:34:06:944991,-4401
19:34:07:063372,-4601
19:34:07:181131,-4801
19:34:07:298088,-5001
19:34:07:415086,-5201
19:34:07:531795,-5401
19:34:07:650115,-5601
19:34:07:767936,-5801
19:34:07:885922,-6001
19:34:08:003071,-6201
19:34:08:121078,-6401
19:34:08:239308,-6601
19:34:08:357116,-6801
19:34:08:475147,-7001
19:34:08:593364,-7201
19:34:08:711182,-7401
19:34:08:829397,-7601
19:34:08:947390,-7801
19:34:09:064991,-8001
19:34:09:183242,-8201
19:34:09:301587,-8401
19:34:09:418797,-8601
19:34:09:537140,-8801
19:34:09:655475,-9001
19:34:09:772735,-9201
19:34:09:889276,-9401
19:34:10:007501,-9601
19:34:10:125227,-9801
19:34:10:242984,-10001
19:34:10:361632,-10201
19:34:10:479096,-10401
19:34:10:597230,-10601
19:34:10:715483,-10801
19:34:10:833133,-11001
19:34:10:951064,-11201
19:34:11:068851,-11401
19:34:11:187162,-11601
19:34:11:305343,-11801
19:34:11:423200,-12001
19:34:11:541329,-12201
19:34:11:659541,-12401
19:34:11:777345,-12601
19:34:11:895583,-12801
19:34:12:013067,-13001
19:34:12:131364,-13201
19:34:12:249525,-13401
19:34:12:367386,-13601
19:34:12:485203,-13801
19:34:12:603364,-14001
19:34:12:721343,-14201
19:34:12:839367,-14401
19:34:12:957388,-14601
19:34:13:075407,-14801
19:34:13:193383,-15001
19:34:13:311498,-15201
19:34:13:429354,-15401
19:34:13:547325,-15601
19:34:13:665647,-15801
19:34:13:784421,-16001
19:34:13:902034,-16201
19:34:14:020483,-16401
19:34:14:138203,-16601
19:34:14:256273,-16801
19:34:14:374513,-17001
19:34:14:493393,-17201
19:34:14:611487,-17401
19:34:14:729154,-17601
19:34:14:847205,-17801
19:34:14:965214,-18001
19:34:15:083538,-18201
19:34:15:201530,-18401
19:34:15:319779,-18601
19:34:15:437511,-18801
19:34:15:555535,-19001
19:34:15:673791,-19201
19:34:15:791537,-19401
19:34:15:909228,-19601
19:34:16:027341,-19801
19:34:16:145578,-20001
19:34:16:263276,-20201
19:34:16:381566,-20401
19:34:16:499699,-20601
19:34:16:617611,-20801
19:34:16:735125,-21001
19:34:16:852361,-21201
19:34:16:970457,-21401
19:34:17:088436,-21601
19:34:17:206645,-21801
19:34:17:325924,-22001
19:34:17:443654,-22201
19:34:17:561688,-22401
19:34:17:679604,-22601
19:34:17:796717,-22801
19:34:17:913188,-23001
19:34:18:030313,-23201
19:34:18:147861,-23401
19:34:18:264256,-23601
19:34:18:381506,-23801
19:34:18:498673,-24001
19:34:18:615917,-24201
19:34:18:733931,-24401
19:34:18:851876,-24601
19:34:18:969684,-24801
19:34:19:085824,-25001
19:34:19:201637,-25201
19:34:19:317942,-25401
19:34:19:435515,-25601
19:34:19:551565,-25801
19:34:19:667767,-26001
19:34:19:783954,-26201
19:34:19:901730,-26401
19:34:20:017755,-26601
19:34:20:133736,-26801
19:34:20:249939,-27001
19:34:20:367998,-27201
19:34:20:485745,-27401
19:34:20:601599,-27601
19:34:20:717673,-27801
19:34:20:834020,-28001
19:34:20:950532,-28201
19:34:21:066477,-28401
19:34:21:182785,-28601
19:34:21:298799,-28801
19:34:21:414721,-29001
19:34:21:530523,-29201
19:34:21:646674,-29401
19:34:21:762820,-29601
19:34:21:878795,-29801
19:34:21:995365,-30001
19:34:22:111613,-30201
19:34:22:227384,-30401
19:34:22:343825,-30601
19:34:22:460830,-30801
19:34:22:576729,-31001
19:34:22:692886,-31201
19:34:22:809934,-31401
19:34:22:926441,-31601
19:34:23:042447,-31801
19:34:23:158869,-32001
19:34:23:274911,-32201
19:34:23:391744,-32401
19:34:23:507839,-32601
19:34:23:623655,-32801
19:34:23:740725,-33001
19:34:23:856855,-33201
19:34:23:974025,-33401
19:34:24:090968,-33601
19:34:24:207824,-33801
19:34:24:324000,-34001
19:34:24:440463,-34201
19:34:24:557156,-34401
19:34:24:674292,-34601
19:34:24:790934,-34801
19:34:24:907951,-35001
19:34:25:024709,-35201
19:34:25:140717,-35401
19:34:25:256693,-35601
19:34:25:373013,-35801
19:34:25:490049,-36001
19:34:25:605809,-36201
19:34:25:722288,-36401
19:34:25:839136,-36601
19:34:25:955821,-36801
19:34:26:071564,-37001
19:34:26:187862,-37201
19:34:26:304266,-37401
19:34:26:421072,-37601
19:34:26:537994,-37801
19:34:26:654088,-38001
19:34:26:769985,-38201
19:34:26:886001,-38401
19:34:27:001610,-38601
19:34:27:118020,-38801
19:34:27:234969,-39001
19:34:27:351333,-39201
19:34:27:467768,-39401
19:34:27:584006,-39601
19:34:27:699625,-39801
19:34:27:815502,-40001
19:34:27:931845,-40201
19:34:28:047960,-40401
19:34:28:163979,-40601
19:34:28:279779,-40801
19:34:28:395911,-41001
19:34:28:513121,-41201
19:34:28:630027,-41401
19:34:28:745959,-41601
19:34:28:862000,-41801
19:34:28:979404,-42001
19:34:29:097192,-42201
19:34:29:213189,-42401
19:34:29:330118,-42601
19:34:29:445710,-42801
19:34:29:562030,-43001
19:34:29:678004,-43201
19:34:29:794420,-43401
19:34:29:911421,-43601
19:34:30:028033,-43801
19:34:30:143787,-44001
19:34:30:259965,-44201
19:34:30:376117,-44401
19:34:30:492035,-44601
19:34:30:608091,-44801
19:34:30:724074,-45001
19:34:30:841329,-45201
19:34:30:957811,-45401
19:34:31:074002,-45601
19:34:31:190049,-45801
19:34:31:305998,-46001
19:34:31:422017,-46201
19:34:31:537945,-46401
19:34:31:654031,-46601
19:34:31:771328,-46801
19:34:31:888376,-47001
19:34:32:005323,-47201
19:34:32:122148,-47401
19:34:32:238113,-47601
19:34:32:355337,-47801
19:34:32:471967,-48001
19:34:32:587858,-48201
19:34:32:704198,-48401
19:34:32:820069,-48601
19:34:32:936417,-48801
19:34:33:053088,-49001
19:34:33:169377,-49201
19:34:33:286131,-49401
19:34:33:403489,-49601
19:34:33:520215,-49801
19:34:33:636217,-50001
19:34:33:753323,-50201
19:34:33:872396,-50401
19:34:33:988319,-50601
19:34:34:105343,-50801
19:34:34:222023,-51001
19:34:34:338477,-51201
19:34:34:454997,-51401
19:34:34:571373,-51601
19:34:34:688063,-51801
19:34:34:804302,-52001
19:34:34:921591,-52201
19:34:35:038356,-52401
19:34:35:155725,-52601
19:34:35:272727,-52801
19:34:35:389225,-53001
19:34:35:506220,-53201
19:34:35:622158,-53401
19:34:35:738497,-53601
19:34:35:855760,-53801
19:34:35:973372,-54001
19:34:36:090437,-54201
19:34:36:206469,-54401
19:34:36:323910,-54601
19:34:36:440528,-54801
19:34:36:557570,-55001
19:34:36:674546,-55201
19:34:36:791555,-55401
19:34:36:908367,-55601
19:34:37:025144,-55801
19:34:37:141551,-56001
19:34:37:258571,-56201
19:34:37:375120,-56401
19:34:37:491578,-56601
19:34:37:608631,-56801
19:34:37:725564,-57001
19:34:37:843550,-57201
19:34:37:961157,-57401
19:34:38:077596,-57601
19:34:38:195562,-57801
19:34:38:313108,-58001
19:34:38:430587,-58201
19:34:38:548551,-58401
19:34:38:666617,-58601
19:34:38:784427,-58801
19:34:38:902691,-59001
19:34:39:020664,-59201
19:34:39:138851,-59401
19:34:39:257665,-59601
19:34:39:375638,-59801
19:34:39:493710,-60001
19:34:39:611703,-60201
19:34:39:729675,-60401
19:34:39:847453,-60601
19:34:39:965323,-60801
19:34:40:082695,-61001
19:34:40:200705,-61201
19:34:40:318692,-61401
19:34:40:436714,-61601
19:34:40:554700,-61801
19:34:40:672698,-62001
19:34:40:790523,-62201
19:34:40:908454,-62401
19:34:41:026244,-62601
19:34:41:142290,-62801
19:34:41:259453,-63001
19:34:41:377397,-63201
19:34:41:495252,-63401
19:34:41:612361,-63601
19:34:41:730393,-63801
19:34:41:848639,-64001
19:34:41:966386,-64201
19:34:42:083463,-64401
19:34:42:201487,-64601
19:34:42:319501,-64801
19:34:42:437448,-65001
19:34:42:555634,-65201
19:34:42:673487,-65401
19:34:42:791539,-65601
19:34:42:909537,-65801
19:34:43:027516,-66001
19:34:43:145551,-66201
19:34:43:263531,-66401
19:34:43:385024,-66601
19:34:43:501389,-66801
19:34:43:617497,-67001
19:34:43:735701,-67201
19:34:43:853708,-67401
19:34:43:971433,-67601
19:34:44:088673,-67801
19:34:44:206569,-68001
19:34:44:324641,-68201
19:34:44:442791,-68401
19:34:44:560522,-68601
19:34:44:678600,-68801
19:34:44:796496,-69001
19:34:44:913659,-69201
19:34:45:031436,-69401
19:34:45:147403,-69601
19:34:45:264700,-69801
19:34:45:382461,-70001
19:34:45:498568,-70201
19:34:45:616666,-70401
19:34:45:734667,-70601
19:34:45:852753,-70801
19:34:45:970589,-71001
19:34:46:088712,-71201
19:34:46:206704,-71401
19:34:46:324684,-71601
19:34:46:442608,-71801
19:34:46:560728,-72001
19:34:46:678618,-72201
19:34:46:796666,-72401
19:34:46:914564,-72601
19:34:47:031498,-72801
19:34:47:148625,-73001
19:34:47:265521,-73201
19:34:47:381756,-73401
19:34:47:499608,-73601
19:34:47:616748,-73801
19:34:47:734548,-74001
19:34:47:851597,-74201
19:34:47:968553,-74401
19:34:48:085661,-74601
19:34:48:202548,-74801
19:34:48:318752,-75001
19:34:48:436601,-75201
19:34:48:553596,-75401
19:34:48:670620,-75601
19:34:48:787729,-75801
19:34:48:905745,-76001
19:34:49:023868,-76201
19:34:49:141880,-76401
19:34:49:259790,-76601
19:34:49:377673,-76801
19:34:49:494670,-77001
19:34:49:611668,-77201
19:34:49:728715,-77401
19:34:49:845766,-77601
19:34:49:963786,-77801
19:34:50:081808,-78001
19:34:50:199697,-78201
19:34:50:316684,-78401
19:34:50:433771,-78601
19:34:50:550745,-78801
19:34:50:667732,-79001
19:34:50:783848,-79201
19:34:50:899682,-79401
19:34:51:015779,-79601
19:34:51:131812,-79801
19:34:51:247701,-80001
19:34:51:363744,-80201
19:34:51:479845,-80401
19:34:51:595824,-80601
19:34:51:711836,-80801
19:34:51:827759,-81001
19:34:51:943781,-81201
19:34:52:059780,-81401
19:34:52:175784,-81601
19:34:52:291878,-81801
19:34:52:407808,-82001
19:34:52:523827,-82201
19:34:52:639849,-82401
19:34:52:755881,-82601
19:34:52:871785,-82801
19:34:52:988132,-83001
19:34:53:103948,-83201
19:34:53:219887,-83401
19:34:53:335815,-83601
19:34:53:451847,-83801
19:34:53:567884,-84001
19:34:53:683888,-84201
19:34:53:799893,-84401
19:34:53:915898,-84601
19:34:54:031904,-84801
19:34:54:147913,-85001
19:34:54:263878,-85201
19:34:54:379876,-85401
19:34:54:495920,-85601
19:34:54:611931,-85801
19:34:54:728415,-86001
19:34:54:844359,-86201
19:34:54:960411,-86401
19:34:55:076480,-86601
19:34:55:193212,-86801
19:34:55:309652,-87001
19:34:55:426668,-87201
19:34:55:563515,-87401
19:34:55:679489,-87601
19:34:55:796479,-87801
19:34:55:913202,-88001
19:34:56:030156,-88201
19:34:56:146455,-88401
19:34:56:262496,-88601
19:34:56:379354,-88801
19:34:56:495053,-89001
19:34:56:611805,-89201
19:34:56:728138,-89401
19:34:56:844522,-89601
19:34:56:961541,-89801
19:34:57:078535,-90001
19:34:57:195018,-90201
19:34:57:311513,-90401
19:34:57:428888,-90601
19:34:57:546572,-90801
19:34:57:662774,-91001
19:34:57:779778,-91201
19:34:57:896555,-91401
19:34:58:013401,-91601
19:34:58:129581,-91801
19:34:58:246523,-92001
19:34:58:363875,-92201
19:34:58:481626,-92401
19:34:58:598662,-92601
19:34:58:715095,-92801
19:34:58:831857,-93001
19:34:58:948883,-93201
19:34:59:066350,-93401
19:34:59:182719,-93601
19:34:59:299930,-93801
19:34:59:417640,-94001
19:34:59:534213,-94201
19:34:59:651617,-94401
19:34:59:768893,-94601
19:34:59:885881,-94801
19:35:00:002168,-95001
19:35:00:118948,-95201
19:35:00:235419,-95401
19:35:00:351701,-95601
19:35:00:468737,-95801
19:35:00:584680,-96001
19:35:00:701921,-96201
19:35:00:819014,-96401
19:35:00:935787,-96601
19:35:01:052839,-96801
19:35:01:169679,-97001
19:35:01:287176,-97201
19:35:01:404800,-97401
19:35:01:521671,-97601
19:35:01:637404,-97801
19:35:01:753517,-98001
19:35:01:870056,-98201
19:35:01:987662,-98401
19:35:02:104648,-98601
19:35:02:221564,-98801
19:35:02:337618,-99001
19:35:02:454445,-99201
19:35:02:570462,-99401
19:35:02:686632,-99601
19:35:02:802273,-99801
19:35:02:918783,-100001
19:35:03:035448,-100201
19:35:03:151896,-100401
19:35:03:269032,-100601
19:35:03:385770,-100801
19:35:03:502499,-101001
19:35:03:618613,-101201
19:35:03:734578,-101401
19:35:03:850837,-101601
19:35:03:980937,-101801
19:35:04:097696,-102001
19:35:04:215178,-102201
19:35:04:331649,-102401
19:35:04:447983,-102601
19:35:04:564934,-102801
19:35:04:681879,-103001
19:35:04:798423,-103201
19:35:04:914981,-103401
19:35:05:031507,-103601
19:35:05:147660,-103801
19:35:05:264894,-104001
19:35:05:381671,-104201
19:35:05:498684,-104401
19:35:05:615705,-104601
19:35:05:732863,-104801
19:35:05:849747,-105001
19:35:05:966924,-105201
19:35:06:083759,-105401
19:35:06:200897,-105601
19:35:06:317974,-105801
19:35:06:434998,-106001
19:35:06:552001,-106201
19:35:06:669269,-106401
19:35:06:786994,-106601
19:35:06:903799,-106801
19:35:07:020547,-107001
19:35:07:137048,-107201
19:35:07:254526,-107401
19:35:07:372102,-107601
19:35:07:489881,-107801
19:35:07:607998,-108001
19:35:07:726018,-108201
19:35:07:843843,-108401
19:35:07:961899,-108601
19:35:08:079911,-108801
19:35:08:198233,-109001
19:35:08:315858,-109201
19:35:08:433817,-109401
19:35:08:552098,-109601
19:35:08:669874,-109801
19:35:08:788092,-110001
19:35:08:905885,-110201
19:35:09:023492,-110401
19:35:09:140774,-110601
19:35:09:258090,-110801
19:35:09:374626,-111001
19:35:09:492215,-111201
19:35:09:610166,-111401
19:35:09:727795,-111601
19:35:09:845602,-111801
19:35:09:963391,-112001
19:35:10:081133,-112201
19:35:10:198712,-112401
19:35:10:316814,-112601
19:35:10:434591,-112801
19:35:10:552449,-113001
19:35:10:670426,-113201
19:35:10:788054,-113401
19:35:10:905358,-113601
19:35:11:021165,-113801
19:35:11:138446,-114001
19:35:11:256243,-114201
19:35:11:374077,-114401
19:35:11:491919,-114601
19:35:11:609731,-114801
19:35:11:727146,-115001
19:35:11:845376,-115201
19:35:11:962999,-115401
19:35:12:081086,-115601
19:35:12:198850,-115801
19:35:12:316724,-116001
19:35:12:434520,-116201
19:35:12:552358,-116401
19:35:12:670195,-116601
19:35:12:788043,-116801
19:35:12:906100,-117001
19:35:13:023243,-117201
19:35:13:139526,-117401
19:35:13:257387,-117601
19:35:13:375214,-117801
19:35:13:493103,-118001
19:35:13:611028,-118201
19:35:13:728503,-118401
19:35:13:846351,-118601
19:35:13:964204,-118801
19:35:14:081918,-119001
19:35:14:200098,-119201
19:35:14:318023,-119401
19:35:14:435901,-119601
19:35:14:553563,-119801
19:35:14:671534,-120001
19:35:14:789441,-120201
19:35:14:907686,-120401
19:35:15:024696,-120601
19:35:15:141994,-120801
19:35:15:259880,-121001
19:35:15:377525,-121201
19:35:15:495295,-121401
19:35:15:613561,-121601
19:35:15:731096,-121801
19:35:15:849056,-122001
19:35:15:966942,-122201
19:35:16:084981,-122401
19:35:16:202804,-122601
19:35:16:320750,-122801
19:35:16:438371,-123001
19:35:16:556374,-123201
19:35:16:674267,-123401
19:35:16:792075,-123601
19:35:16:911007,-123801
19:35:17:029494,-124001
19:35:17:147001,-124201
19:35:17:264734,-124401
19:35:17:382410,-124601
19:35:17:500419,-124801
19:35:17:618538,-125001
19:35:17:737475,-125201
19:35:17:855050,-125401
19:35:17:972690,-125601
19:35:18:090945,-125801
19:35:18:208932,-126001
19:35:18:327567,-126201
19:35:18:445564,-126401
19:35:18:563431,-126601
19:35:18:681568,-126801
19:35:18:799465,-127001
19:35:18:917109,-127201
19:35:19:034515,-127401
19:35:19:151596,-127601
19:35:19:269670,-127801
19:35:19:387526,-128001
19:35:19:505629,-128201
19:35:19:624489,-128401
19:35:19:742632,-128601
19:35:19:860094,-128801
19:35:19:978140,-129001
19:35:20:096125,-129201
19:35:20:214232,-129401
19:35:20:331840,-129601
19:35:20:449725,-129801
19:35:20:567340,-130001
19:35:20:685761,-130201
19:35:20:803610,-130401
19:35:20:920464,-130601
19:35:21:036818,-130801
19:35:21:153064,-131001
19:35:21:269358,-131201
19:35:21:385791,-131401
19:35:21:501718,-131601
19:35:21:617822,-131801
19:35:21:733439,-132001
19:35:21:849442,-132201
19:35:21:965191,-132401
19:35:22:081290,-132601
19:35:22:197354,-132801
19:35:22:313111,-133001
19:35:22:429056,-133201
19:35:22:544737,-133401
19:35:22:660878,-133601
19:35:22:776797,-133801
19:35:22:892675,-134001
19:35:23:008923,-134201
19:35:23:125271,-134401
19:35:23:241637,-134601
19:35:23:357554,-134801
19:35:23:473751,-135001
19:35:23:591444,-135201
19:35:23:707370,-135401
19:35:23:824054,-135601
19:35:23:940009,-135801
19:35:24:055867,-136001
19:35:24:171714,-136201
19:35:24:287625,-136401
19:35:24:403580,-136601
19:35:24:519559,-136801
19:35:24:635433,-137001
19:35:24:752678,-137201
19:35:24:869103,-137401
19:35:24:985251,-137601
19:35:25:101284,-137801
19:35:25:217613,-138001
19:35:25:334408,-138201
19:35:25:450960,-138401
19:35:25:566851,-138601
19:35:25:683019,-138801
19:35:25:800043,-139001
19:35:25:916943,-139201
19:35:26:032562,-139401
19:35:26:148826,-139601
19:35:26:265666,-139801
19:35:26:381669,-140001
19:35:26:497675,-140201
19:35:26:614587,-140401
19:35:26:731584,-140601
19:35:26:848374,-140801
19:35:26:965221,-141001
19:35:27:082147,-141201
19:35:27:198828,-141401
19:35:27:315453,-141601
19:35:27:432726,-141801
19:35:27:548629,-142001
19:35:27:665041,-142201
19:35:27:781827,-142401
19:35:27:897360,-142601
19:35:28:013987,-142801
19:35:28:130845,-143001
19:35:28:247296,-143201
19:35:28:363713,-143401
19:35:28:479811,-143601
19:35:28:596576,-143801
19:35:28:713520,-144001
19:35:28:830545,-144201
19:35:28:947336,-144401
19:35:29:063276,-144601
19:35:29:179532,-144801
19:35:29:297248,-145001
19:35:29:414198,-145201
19:35:29:530853,-145401
19:35:29:647098,-145601
19:35:29:764046,-145801
19:35:29:880832,-146001
19:35:29:997833,-146201
19:35:30:114630,-146401
19:35:30:231070,-146601
19:35:30:348772,-146801
19:35:30:465742,-147001
19:35:30:582737,-147201
19:35:30:699440,-147401
19:35:30:816554,-147601
19:35:30:933532,-147801
19:35:31:049995,-148001
19:35:31:166481,-148201
19:35:31:282928,-148401
19:35:31:399425,-148601
19:35:31:516331,-148801
19:35:31:633299,-149001
19:35:31:750232,-149201
19:35:31:867096,-149401
19:35:31:984137,-149601
19:35:32:100977,-149801
19:35:32:218054,-150001
19:35:32:335057,-150201
19:35:32:451557,-150401
19:35:32:567470,-150601
19:35:32:683690,-150801
19:35:32:800972,-151001
19:35:32:917871,-151201
19:35:33:034407,-151401
19:35:33:150925,-151601
19:35:33:268096,-151801
19:35:33:384609,-152001
19:35:33:501202,-152201
19:35:33:617384,-152401
19:35:33:734145,-152601
19:35:33:850227,-152801
19:35:33:966863,-153001
19:35:34:084351,-153201
19:35:34:201633,-153401
19:35:34:319350,-153601
19:35:34:436230,-153801
19:35:34:552789,-154001
19:35:34:669481,-154201
19:35:34:787180,-154401
19:35:34:904122,-154601
19:35:35:021007,-154801
19:35:35:138182,-155001
19:35:35:255089,-155201
19:35:35:371544,-155401
19:35:35:487622,-155601
19:35:35:604084,-155801
19:35:35:720933,-156001
19:35:35:838000,-156201
19:35:35:954808,-156401
19:35:36:071480,-156601
19:35:36:187861,-156801
19:35:36:304917,-157001
19:35:36:421816,-157201
19:35:36:538624,-157401
19:35:36:655737,-157601
19:35:36:772618,-157801
19:35:36:889699,-158001
19:35:37:006665,-158201
19:35:37:123289,-158401
19:35:37:240727,-158601
19:35:37:358463,-158801
19:35:37:474882,-159001
19:35:37:591295,-159201
19:35:37:708379,-159401
19:35:37:824713,-159601
19:35:37:941148,-159801
19:35:38:057873,-160001
19:35:38:174256,-160201
19:35:38:291250,-160401
19:35:38:408215,-160601
19:35:38:524992,-160801
19:35:38:642509,-161001
19:35:38:760479,-161201
19:35:38:877884,-161401
19:35:38:995215,-161601
19:35:39:112177,-161801
19:35:39:228993,-162001
19:35:39:346072,-162201
19:35:39:462538,-162401
19:35:39:578732,-162601
19:35:39:695800,-162801
19:35:39:812825,-163001
19:35:39:929649,-163201
19:35:40:046408,-163401
19:35:40:162459,-163601
19:35:40:278488,-163801
19:35:40:394630,-164001
19:35:40:512117,-164201
19:35:40:629809,-164401
19:35:40:746760,-164601
19:35:40:863524,-164801
19:35:40:980500,-165001
19:35:41:097237,-165201
19:35:41:213975,-165401
19:35:41:331172,-165601
19:35:41:447268,-165801
19:35:41:565128,-166001
19:35:41:681574,-166201
19:35:41:799467,-166401
19:35:41:917409,-166601
19:35:42:035401,-166801
19:35:42:153493,-167001
19:35:42:271477,-167201
19:35:42:389385,-167401
19:35:42:506949,-167601
19:35:42:623013,-167801
19:35:42:739372,-168001
19:35:42:857388,-168201
19:35:42:975285,-168401
19:35:43:092872,-168601
19:35:43:210142,-168801
19:35:43:328239,-169001
19:35:43:445831,-169201
19:35:43:563719,-169401
19:35:43:681022,-169601
19:35:43:799288,-169801
19:35:43:917183,-170001
19:35:44:035113,-170201
19:35:44:152982,-170401
19:35:44:270898,-170601
19:35:44:388660,-170801
19:35:44:507108,-171001
19:35:44:624840,-171201
19:35:44:743059,-171401
19:35:44:861048,-171601
19:35:44:979013,-171801
19:35:45:096763,-172001
19:35:45:214747,-172201
19:35:45:332965,-172401
19:35:45:450861,-172601
19:35:45:568406,-172801
19:35:45:685691,-173001
19:35:45:803872,-173201
19:35:45:921850,-173401
19:35:46:039800,-173601
19:35:46:157860,-173801
19:35:46:276175,-174001
19:35:46:394338,-174201
19:35:46:512034,-174401
19:35:46:629780,-174601
19:35:46:747772,-174801
19:35:46:865986,-175001
19:35:46:983738,-175201
19:35:47:101683,-175401
19:35:47:219655,-175601
19:35:47:337665,-175801
19:35:47:456260,-176001
19:35:47:574230,-176201
19:35:47:691654,-176401
19:35:47:809479,-176601
19:35:47:927372,-176801
19:35:48:045501,-177001
19:35:48:163751,-177201
19:35:48:282781,-177401
19:35:48:401564,-177601
19:35:48:519706,-177801
19:35:48:638176,-178001
19:35:48:756525,-178201
19:35:48:875556,-178401
19:35:48:993594,-178601
19:35:49:111546,-178801
19:35:49:229557,-179001
19:35:49:347441,-179201
19:35:49:465482,-179401
19:35:49:583003,-179601
19:35:49:700416,-179801
19:35:49:818451,-180001
19:35:49:936512,-180201
19:35:50:054477,-180401
19:35:50:172169,-180601
19:35:50:290626,-180801
19:35:50:409351,-181001
19:35:50:527368,-181201
19:35:50:645552,-181401
19:35:50:764385,-181601
19:35:50:882650,-181801
19:35:51:001572,-182001
19:35:51:120200,-182201
19:35:51:238275,-182401
19:35:51:356259,-182601
19:35:51:474600,-182801
19:35:51:592067,-183001
19:35:51:709802,-183201
19:35:51:827247,-183401
19:35:51:945241,-183601
19:35:52:063221,-183801
19:35:52:181226,-184001
19:35:52:299170,-184201
19:35:52:417927,-184401
19:35:52:536184,-184601
19:35:52:653636,-184801
19:35:52:770768,-185001
19:35:52:888023,-185201
19:35:53:006262,-185401
19:35:53:125090,-185601
19:35:53:242344,-185801
19:35:53:359283,-186001
19:35:53:475285,-186201
19:35:53:591744,-186401
19:35:53:708033,-186601
19:35:53:824214,-186801
19:35:53:941155,-187001
19:35:54:057204,-187201
19:35:54:173401,-187401
19:35:54:291088,-187601
19:35:54:407127,-187801
19:35:54:523121,-188001
19:35:54:639109,-188201
19:35:54:754869,-188401
19:35:54:870734,-188601
19:35:54:986742,-188801
19:35:55:102528,-189001
19:35:55:218711,-189201
19:35:55:334673,-189401
19:35:55:450948,-189601
19:35:55:566828,-189801
19:35:55:682680,-190001
19:35:55:798852,-190201
19:35:55:915259,-190401
19:35:56:031722,-190601
19:35:56:147845,-190801
19:35:56:263765,-191001
19:35:56:379699,-191201
19:35:56:495841,-191401
19:35:56:611844,-191601
19:35:56:727565,-191801
19:35:56:843523,-192001
19:35:56:959770,-192201
19:35:57:075801,-192401
19:35:57:191725,-192601
19:35:57:308003,-192801
19:35:57:425210,-193001
19:35:57:541766,-193201
19:35:57:657399,-193401
19:35:57:773782,-193601
19:35:57:890792,-193801
19:35:58:007685,-194001
19:35:58:123664,-194201
19:35:58:239702,-194401
19:35:58:355712,-194601
19:35:58:471639,-194801
19:35:58:587417,-195001
19:35:58:703933,-195201
19:35:58:820857,-195401
19:35:58:937781,-195601
19:35:59:054902,-195801
19:35:59:171645,-196001
19:35:59:287851,-196201
19:35:59:403775,-196401
19:35:59:520954,-196601
19:35:59:637702,-196801
19:35:59:753756,-197001
19:35:59:870350,-197201
19:35:59:986851,-197401
19:36:00:103347,-197601
19:36:00:219732,-197801
19:36:00:336892,-198001
19:36:00:453666,-198201
19:36:00:570403,-198401
19:36:00:686972,-198601
19:36:00:802924,-198801
19:36:00:919688,-199001
19:36:01:036590,-199201
19:36:01:153757,-199401
19:36:01:271301,-199601
19:36:01:388827,-199801
19:36:01:505820,-200001
19:36:01:621799,-200201
19:36:01:737484,-200401
19:36:01:853952,-200601
19:36:01:970560,-200801
19:36:02:087638,-201001
19:36:02:204039,-201201
19:36:02:321480,-201401
19:36:02:438796,-201601
19:36:02:555889,-201801
19:36:02:672289,-202001
19:36:02:788646,-202201
19:36:02:905651,-202401
19:36:03:021748,-202601
19:36:03:138606,-202801
19:36:03:255413,-203001
19:36:03:371651,-203201
19:36:03:487748,-203401
19:36:03:604236,-203601
19:36:03:720581,-203801
19:36:03:837426,-204001
19:36:03:953551,-204201
19:36:04:069327,-204401
19:36:04:186776,-204601
19:36:04:303642,-204801
19:36:04:420615,-205001
19:36:04:537416,-205201
19:36:04:654744,-205401
19:36:04:771745,-205601
19:36:04:888468,-205801
19:36:05:005734,-206001
19:36:05:122552,-206201
19:36:05:239724,-206401
19:36:05:356739,-206601
19:36:05:473435,-206801
19:36:05:589364,-207001
19:36:05:706428,-207201
19:36:05:823403,-207401
19:36:05:939697,-207601
19:36:06:056623,-207801
19:36:06:173735,-208001
19:36:06:290864,-208201
19:36:06:407548,-208401
19:36:06:524511,-208601
19:36:06:641781,-208801
19:36:06:758977,-209001
19:36:06:875715,-209201
19:36:06:992505,-209401
19:36:07:109241,-209601
19:36:07:225748,-209801
19:36:07:342732,-210001
19:36:07:459949,-210201
19:36:07:576589,-210401
19:36:07:693202,-210601
19:36:07:809947,-210801
19:36:07:927614,-211001
19:36:08:044580,-211201
19:36:08:161766,-211401
19:36:08:278876,-211601
19:36:08:395731,-211801
19:36:08:512721,-212001
19:36:08:629560,-212201
19:36:08:746319,-212401
19:36:08:862395,-212601
19:36:08:979972,-212801
19:36:09:097710,-213001
19:36:09:214584,-213201
19:36:09:331767,-213401
19:36:09:448459,-213601
19:36:09:565286,-213801
19:36:09:682345,-214001
19:36:09:799478,-214201
19:36:09:916375,-214401
19:36:10:033275,-214601
19:36:10:150814,-214801
19:36:10:267923,-215001
19:36:10:385701,-215201
19:36:10:502360,-215401
19:36:10:619212,-215601
19:36:10:735699,-215801
19:36:10:852762,-216001
19:36:10:969667,-216201
19:36:11:086562,-216401
19:36:11:203684,-216601
19:36:11:320478,-216801
19:36:11:437977,-217001
19:36:11:554469,-217201
19:36:11:671765,-217401
19:36:11:788532,-217601
19:36:11:906080,-217801
19:36:12:022507,-218001
19:36:12:139798,-218201
19:36:12:256527,-218401
19:36:12:373732,-218601
19:36:12:490438,-218801
19:36:12:607755,-219001
19:36:12:725203,-219201
19:36:12:842117,-219401
19:36:12:959704,-219601
19:36:13:076535,-219801
19:36:13:193709,-220001
19:36:13:311627,-220201
19:36:13:444539,-220401
19:36:13:562530,-220601
19:36:13:680567,-220801
19:36:13:797747,-221001
19:36:13:915689,-221201
19:36:14:032294,-221401
19:36:14:148534,-221601
19:36:14:265741,-221801
19:36:14:382712,-222001
19:36:14:500547,-222201
19:36:14:618266,-222401
19:36:14:734569,-222601
19:36:14:852586,-222801
19:36:14:970458,-223001
19:36:15:086477,-223201
19:36:15:204806,-223401
19:36:15:322814,-223601
19:36:15:440777,-223801
19:36:15:558479,-224001
19:36:15:676631,-224201
19:36:15:794546,-224401
19:36:15:912760,-224601
19:36:16:030558,-224801
19:36:16:148279,-225001
19:36:16:265797,-225201
19:36:16:383710,-225401
19:36:16:501581,-225601
19:36:16:619310,-225801
19:36:16:735782,-226001
19:36:16:853631,-226201
19:36:16:971852,-226401
19:36:17:089808,-226601
19:36:17:207816,-226801
19:36:17:325520,-227001
19:36:17:443649,-227201
19:36:17:562000,-227401
19:36:17:679761,-227601
19:36:17:797332,-227801
19:36:17:914764,-228001
19:36:18:032361,-228201
19:36:18:150638,-228401
19:36:18:268549,-228601
19:36:18:386603,-228801
19:36:18:504723,-229001
19:36:18:622439,-229201
19:36:18:740545,-229401
19:36:18:858760,-229601
19:36:18:976823,-229801
19:36:19:094813,-230001
19:36:19:212801,-230201
19:36:19:330476,-230401
19:36:19:448794,-230601
19:36:19:566521,-230801
19:36:19:684800,-231001
19:36:19:802556,-231201
19:36:19:920485,-231401
19:36:20:038628,-231601
19:36:20:156344,-231801
19:36:20:272409,-232001
19:36:20:388394,-232201
19:36:20:505616,-232401
19:36:20:623695,-232601
19:36:20:741800,-232801
19:36:20:859866,-233001
19:36:20:977553,-233201
19:36:21:095642,-233401
19:36:21:214000,-233601
19:36:21:332016,-233801
19:36:21:450805,-234001
19:36:21:568526,-234201
19:36:21:686831,-234401
19:36:21:804801,-234601
19:36:21:922759,-234801
19:36:22:040741,-235001
19:36:22:159018,-235201
19:36:22:277090,-235401
19:36:22:394868,-235601
19:36:22:512872,-235801
19:36:22:630532,-236001
19:36:22:748939,-236201
19:36:22:867000,-236401
19:36:22:984862,-236601
19:36:23:102614,-236801
19:36:23:221229,-237001
19:36:23:339067,-237201
19:36:23:456908,-237401
19:36:23:574832,-237601
19:36:23:692678,-237801
19:36:23:810844,-238001
19:36:23:928897,-238201
19:36:24:046868,-238401
19:36:24:164819,-238601
19:36:24:282444,-238801
19:36:24:399734,-239001
19:36:24:517875,-239201
19:36:24:635579,-239401
19:36:24:753969,-239601
19:36:24:871750,-239801
19:36:24:989748,-240001
19:36:25:107883,-240201
19:36:25:226240,-240401
19:36:25:344921,-240601
19:36:25:463160,-240801
19:36:25:580835,-241001
19:36:25:698922,-241201
19:36:25:817053,-241401
19:36:25:934925,-241601
19:36:26:052922,-241801
19:36:26:170883,-242001
19:36:26:289195,-242201
19:36:26:407713,-242401
19:36:26:524968,-242601
19:36:26:643653,-242801
19:36:26:759953,-243001
19:36:26:877773,-243201
19:36:26:993742,-243401
19:36:27:109804,-243601
19:36:27:225765,-243801
19:36:27:342050,-244001
19:36:27:457860,-244201
19:36:27:573873,-244401
19:36:27:689791,-244601
19:36:27:805550,-244801
19:36:27:921454,-245001
19:36:28:037717,-245201
19:36:28:153489,-245401
19:36:28:269742,-245601
19:36:28:385467,-245801
19:36:28:501741,-246001
19:36:28:617643,-246201
19:36:28:733785,-246401
19:36:28:849847,-246601
19:36:28:965629,-246801
19:36:29:081840,-247001
19:36:29:197894,-247201
19:36:29:315022,-247401
19:36:29:430639,-247601
19:36:29:547116,-247801
19:36:29:662565,-248001
19:36:29:778856,-248201
19:36:29:895856,-248401
19:36:30:012066,-248601
19:36:30:129027,-248801
19:36:30:245874,-249001
19:36:30:361859,-249201
19:36:30:477819,-249401
19:36:30:593877,-249601
19:36:30:709864,-249801
19:36:30:825784,-250001
19:36:30:941870,-250201
19:36:31:057858,-250401
19:36:31:173700,-250601
19:36:31:289862,-250801
19:36:31:405984,-251001
19:36:31:522930,-251201
19:36:31:639897,-251401
19:36:31:755839,-251601
19:36:31:871876,-251801
19:36:31:987953,-252001
19:36:32:103935,-252201
19:36:32:220048,-252401
19:36:32:335925,-252601
19:36:32:451629,-252801
19:36:32:567784,-253001
19:36:32:683931,-253201
19:36:32:799932,-253401
19:36:32:915969,-253601
19:36:33:031825,-253801
19:36:33:147888,-254001
19:36:33:263880,-254201
19:36:33:381015,-254401
19:36:33:497934,-254601
19:36:33:613983,-254801
19:36:33:732980,-255001
19:36:33:849811,-255201
19:36:33:966198,-255401
19:36:34:083568,-255601
19:36:34:201225,-255801
19:36:34:318199,-256001
19:36:34:435235,-256201
19:36:34:552228,-256401
19:36:34:668735,-256601
19:36:34:785223,-256801
19:36:34:902207,-257001
19:36:35:018466,-257201
19:36:35:135174,-257401
19:36:35:252243,-257601
19:36:35:369158,-257801
19:36:35:485162,-258001
19:36:35:602139,-258201
19:36:35:719044,-258401
19:36:35:835206,-258601
19:36:35:952265,-258801
19:36:36:068850,-259001
19:36:36:185068,-259201
19:36:36:301458,-259401
19:36:36:418269,-259601
19:36:36:534737,-259801
19:36:36:651216,-260001
19:36:36:768278,-260201
19:36:36:884221,-260401
19:36:37:001219,-260601
19:36:37:118221,-260801
19:36:37:234967,-261001
19:36:37:352280,-261201
19:36:37:469078,-261401
19:36:37:586242,-261601
19:36:37:703305,-261801
19:36:37:819994,-262001
19:36:37:935820,-262201
19:36:38:052279,-262401
19:36:38:168832,-262601
19:36:38:285061,-262801
19:36:38:402393,-263001
19:36:38:519321,-263201
19:36:38:636272,-263401
19:36:38:753241,-263601
19:36:38:870122,-263801
19:36:38:986398,-264001
19:36:39:103317,-264201
19:36:39:220363,-264401
19:36:39:337502,-264601
19:36:39:454366,-264801
19:36:39:570974,-265001
19:36:39:688210,-265201
19:36:39:804350,-265401
19:36:39:921284,-265601
19:36:40:038352,-265801
19:36:40:155605,-266001
19:36:40:271996,-266201
19:36:40:388542,-266401
19:36:40:505173,-266601
19:36:40:621883,-266801
19:36:40:738543,-267001
19:36:40:855494,-267201
19:36:40:972081,-267401
19:36:41:088371,-267601
19:36:41:205376,-267801
19:36:41:322581,-268001
19:36:41:439405,-268201
19:36:41:555538,-268401
19:36:41:672182,-268601
19:36:41:789383,-268801
19:36:41:906562,-269001
19:36:42:023746,-269201
19:36:42:141094,-269401
19:36:42:257330,-269601
19:36:42:374376,-269801
19:36:42:491551,-270001
19:36:42:608530,-270201
19:36:42:725149,-270401
19:36:42:842606,-270601
19:36:42:959614,-270801
19:36:43:076130,-271001
19:36:43:192899,-271201
19:36:43:309234,-271401
19:36:43:426386,-271601
19:36:43:543027,-271801
19:36:43:682973,-272001
19:36:43:799366,-272201
19:36:43:916145,-272401
19:36:44:032251,-272601
19:36:44:148483,-272801
19:36:44:265166,-273001
19:36:44:381377,-273201
19:36:44:498519,-273401
19:36:44:615530,-273601
19:36:44:732397,-273801
19:36:44:849332,-274001
19:36:44:966728,-274201
19:36:45:083242,-274401
19:36:45:200378,-274601
19:36:45:317243,-274801
19:36:45:433291,-275001
19:36:45:550539,-275201
19:36:45:667523,-275401
19:36:45:784489,-275601
19:36:45:901237,-275801
19:36:46:018815,-276001
19:36:46:135296,-276201
19:36:46:252481,-276401
19:36:46:369158,-276601
19:36:46:485300,-276801
19:36:46:602756,-277001
19:36:46:720538,-277201
19:36:46:837518,-277401
19:36:46:954529,-277601
19:36:47:071359,-277801
19:36:47:188225,-278001
19:36:47:305388,-278201
19:36:47:422391,-278401
19:36:47:539303,-278601
19:36:47:656565,-278801
19:36:47:773379,-279001
19:36:47:890825,-279201
19:36:48:008057,-279401
19:36:48:124613,-279601
19:36:48:241378,-279801
19:36:48:358883,-280001
19:36:48:476916,-280201
19:36:48:594618,-280401
19:36:48:711323,-280601
19:36:48:828677,-280801
19:36:48:945255,-281001
19:36:49:062654,-281201
19:36:49:179426,-281401
19:36:49:297020,-281601
19:36:49:413103,-281801
19:36:49:529473,-282001
19:36:49:646658,-282201
19:36:49:763557,-282401
19:36:49:880692,-282601
19:36:49:998942,-282801
19:36:50:116161,-283001
19:36:50:232170,-283201
19:36:50:348544,-283401
19:36:50:465314,-283601
19:36:50:582297,-283801
19:36:50:698374,-284001
19:36:50:815334,-284201
19:36:50:932374,-284401
19:36:51:050159,-284601
19:36:51:167677,-284801
19:36:51:285421,-285001
19:36:51:402624,-285201
19:36:51:520256,-285401
19:36:51:636679,-285601
19:36:51:753654,-285801
19:36:51:871222,-286001
19:36:51:988295,-286201
19:36:52:104628,-286401
19:36:52:222754,-286601
19:36:52:340234,-286801
19:36:52:457266,-287001
19:36:52:573754,-287201
19:36:52:691239,-287401
19:36:52:807303,-287601
19:36:52:923266,-287801
19:36:53:039632,-288001
19:36:53:157270,-288201
19:36:53:273282,-288401
19:36:53:389295,-288601
19:36:53:505319,-288801
19:36:53:622316,-289001
19:36:53:738313,-289201
19:36:53:854733,-289401
19:36:53:972620,-289601
19:36:54:090285,-289801
19:36:54:206363,-290001
19:36:54:322829,-290201
19:36:54:440339,-290401
19:36:54:556316,-290601
19:36:54:673394,-290801
19:36:54:790502,-291001
19:36:54:908859,-291201
19:36:55:026340,-291401
19:36:55:142824,-291601
19:36:55:260681,-291801
19:36:55:378427,-292001
19:36:55:495535,-292201
19:36:55:613724,-292401
19:36:55:731822,-292601
19:36:55:849355,-292801
19:36:55:966575,-293001
19:36:56:084522,-293201
19:36:56:202416,-293401
19:36:56:318431,-293601
19:36:56:434652,-293801
19:36:56:552748,-294001
19:36:56:670593,-294201
19:36:56:788478,-294401
19:36:56:904446,-294601
19:36:57:021291,-294801
19:36:57:138707,-295001
19:36:57:256841,-295201
19:36:57:374777,-295401
19:36:57:492714,-295601
19:36:57:610880,-295801
19:36:57:728490,-296001
19:36:57:845141,-296201
19:36:57:962902,-296401
19:36:58:080444,-296601
19:36:58:197941,-296801
19:36:58:315892,-297001
19:36:58:433939,-297201
19:36:58:551933,-297401
19:36:58:669401,-297601
19:36:58:786783,-297801
19:36:58:904942,-298001
19:36:59:022915,-298201
19:36:59:140950,-298401
19:36:59:258930,-298601
19:36:59:377038,-298801
19:36:59:494951,-299001
19:36:59:612896,-299201
19:36:59:730626,-299401
19:36:59:848767,-299601
19:36:59:966904,-299801
19:37:00:084633,-300001
19:37:00:203293,-300201
19:37:00:320889,-300401
19:37:00:438759,-300601
19:37:00:556656,-300801
19:37:00:674823,-301001
19:37:00:792865,-301201
19:37:00:910979,-301401
19:37:01:028721,-301601
19:37:01:146661,-301801
19:37:01:264717,-302001
19:37:01:382725,-302201
19:37:01:500765,-302401
19:37:01:618932,-302601
19:37:01:736740,-302801
19:37:01:854940,-303001
19:37:01:972874,-303201
19:37:02:090861,-303401
19:37:02:209125,-303601
19:37:02:326930,-303801
19:37:02:444887,-304001
19:37:02:562868,-304201
19:37:02:680928,-304401
19:37:02:799111,-304601
19:37:02:916833,-304801
19:37:03:034608,-305001
19:37:03:150923,-305201
19:37:03:268865,-305401
19:37:03:386846,-305601
19:37:03:504899,-305801
19:37:03:622899,-306001
19:37:03:740763,-306201
19:37:03:858821,-306401
19:37:03:977256,-306601
19:37:04:095069,-306801
19:37:04:213189,-307001
19:37:04:331022,-307201
19:37:04:448957,-307401
19:37:04:566978,-307601
19:37:04:684939,-307801
19:37:04:803023,-308001
19:37:04:920914,-308201
19:37:05:038746,-308401
19:37:05:156944,-308601
19:37:05:274982,-308801
19:37:05:392953,-309001
19:37:05:511214,-309201
19:37:05:629006,-309401
19:37:05:746941,-309601
19:37:05:865039,-309801
19:37:05:983105,-310001
19:37:06:101060,-310201
19:37:06:218991,-310401
19:37:06:337060,-310601
19:37:06:455071,-310801
19:37:06:573020,-311001
19:37:06:690898,-311201
19:37:06:809110,-311401
19:37:06:927056,-311601
19:37:07:045092,-311801
19:37:07:163050,-312001
19:37:07:281091,-312201
19:37:07:399118,-312401
19:37:07:517243,-312601
19:37:07:635055,-312801
19:37:07:753143,-313001
19:37:07:871112,-313201
19:37:07:988953,-313401
19:37:08:106836,-313601
19:37:08:224013,-313801
19:37:08:342282,-314001
19:37:08:460252,-314201
19:37:08:578331,-314401
19:37:08:696144,-314601
19:37:08:814330,-314801
19:37:08:932106,-315001
19:37:09:050359,-315201
19:37:09:167820,-315401
19:37:09:285426,-315601
19:37:09:403326,-315801
19:37:09:521299,-316001
19:37:09:639469,-316201
19:37:09:757289,-316401
19:37:09:875053,-316601
19:37:09:993390,-316801
19:37:10:111344,-317001
19:37:10:229109,-317201
19:37:10:347346,-317401
19:37:10:465338,-317601
19:37:10:583406,-317801
19:37:10:701344,-318001
19:37:10:819347,-318201
19:37:10:937182,-318401
19:37:11:055623,-318601
19:37:11:173576,-318801
19:37:11:291636,-319001
19:37:11:409356,-319201
19:37:11:527512,-319401
19:37:11:642990,-319601
19:37:11:759126,-319801
19:37:11:875178,-320001
19:37:11:991145,-320201
19:37:12:107159,-320401
19:37:12:223438,-320601
19:37:12:340489,-320801
19:37:12:457414,-321001
19:37:12:573182,-321201
19:37:12:689723,-321401
19:37:12:807457,-321601
19:37:12:923667,-321801
19:37:13:040029,-322001
19:37:13:156299,-322201
19:37:13:272284,-322401
19:37:13:388396,-322601
19:37:13:504035,-322801
19:37:13:620676,-323001
19:37:13:737144,-323201
19:37:13:853382,-323401
19:37:13:969215,-323601
19:37:14:085463,-323801
19:37:14:201461,-324001
19:37:14:317551,-324201
19:37:14:434690,-324401
19:37:14:550515,-324601
19:37:14:667763,-324801
19:37:14:785540,-325001
19:37:14:901752,-325201
19:37:15:018680,-325401
19:37:15:135632,-325601
19:37:15:252067,-325801
19:37:15:368395,-326001
19:37:15:484957,-326201
19:37:15:602807,-326401
19:37:15:720586,-326601
19:37:15:837592,-326801
19:37:15:953576,-327001
19:37:16:070124,-327201
19:37:16:186774,-327401
19:37:16:303438,-327601
19:37:16:420728,-327801
19:37:16:537423,-328001
19:37:16:653470,-328201
19:37:16:770431,-328401
19:37:16:886552,-328601
19:37:17:002490,-328801
19:37:17:118381,-329001
19:37:17:234534,-329201
19:37:17:350461,-329401
19:37:17:466385,-329601
19:37:17:582387,-329801
19:37:17:699594,-330001
19:37:17:816683,-330201
19:37:17:932467,-330401
19:37:18:048275,-330601
19:37:18:164267,-330801
19:37:18:280271,-331001
19:37:18:396563,-331201
19:37:18:513991,-331401
19:37:18:631646,-331601
19:37:18:748304,-331801
19:37:18:864339,-332001
19:37:18:980426,-332201
19:37:19:096776,-332401
19:37:19:213602,-332601
19:37:19:330416,-332801
19:37:19:446468,-333001
19:37:19:563711,-333201
19:37:19:679683,-333401
19:37:19:796519,-333601
19:37:19:912584,-333801
19:37:20:029474,-334001
19:37:20:145699,-334201
19:37:20:262246,-334401
19:37:20:378502,-334601
19:37:20:495689,-334801
19:37:20:623960,-335001
19:37:20:739696,-335201
19:37:20:856541,-335401
19:37:20:972511,-335601
19:37:21:088507,-335801
19:37:21:205340,-336001
19:37:21:321821,-336201
19:37:21:438595,-336401
19:37:21:555712,-336601
19:37:21:672722,-336801
19:37:21:789625,-337001
19:37:21:905783,-337201
19:37:22:022624,-337401
19:37:22:139682,-337601
19:37:22:256372,-337801
19:37:22:372510,-338001
19:37:22:489677,-338201
19:37:22:606653,-338401
19:37:22:723792,-338601
19:37:22:840716,-338801
19:37:22:957868,-339001
19:37:23:074313,-339201
19:37:23:190636,-339401
19:37:23:307793,-339601
19:37:23:424589,-339801
19:37:23:540650,-340001
19:37:23:657846,-340201
19:37:23:774382,-340401
19:37:23:890526,-340601
19:37:24:006753,-340801
19:37:24:123849,-341001
19:37:24:240706,-341201
19:37:24:358268,-341401
19:37:24:475694,-341601
19:37:24:592793,-341801
19:37:24:710175,-342001
19:37:24:826774,-342201
19:37:24:943887,-342401
19:37:25:060661,-342601
19:37:25:177913,-342801
19:37:25:294899,-343001
19:37:25:412164,-343201
19:37:25:528807,-343401
19:37:25:644660,-343601
19:37:25:761685,-343801
19:37:25:878901,-344001
19:37:25:996176,-344201
19:37:26:114069,-344401
19:37:26:230645,-344601
19:37:26:347968,-344801
19:37:26:464885,-345001
19:37:26:581929,-345201
19:37:26:698704,-345401
19:37:26:814950,-345601
19:37:26:931939,-345801
19:37:27:048951,-346001
19:37:27:165867,-346201
19:37:27:282502,-346401
19:37:27:398958,-346601
19:37:27:515937,-346801
19:37:27:633190,-347001
19:37:27:751206,-347201
19:37:27:869001,-347401
19:37:27:986515,-347601
19:37:28:103473,-347801
19:37:28:220452,-348001
19:37:28:335946,-348201
19:37:28:453950,-348401
19:37:28:572056,-348601
19:37:28:689954,-348801
19:37:28:808114,-349001
19:37:28:926197,-349201
19:37:29:043977,-349401
19:37:29:162319,-349601
19:37:29:279667,-349801
19:37:29:398096,-350001
19:37:29:515666,-350201
19:37:29:633891,-350401
19:37:29:752023,-350601
19:37:29:870213,-350801
19:37:29:988355,-351001
19:37:30:106121,-351201
19:37:30:224313,-351401
19:37:30:341927,-351601
19:37:30:460122,-351801
19:37:30:578117,-352001
19:37:30:695922,-352201
19:37:30:814074,-352401
19:37:30:931995,-352601
19:37:31:049855,-352801
19:37:31:167763,-353001
19:37:31:285713,-353201
19:37:31:404032,-353401
19:37:31:522220,-353601
19:37:31:640141,-353801
19:37:31:758007,-354001
19:37:31:876009,-354201
19:37:31:994156,-354401
19:37:32:112105,-354601
19:37:32:230090,-354801
19:37:32:348216,-355001
19:37:32:465973,-355201
19:37:32:584179,-355401
19:37:32:701894,-355601
19:37:32:820471,-355801
19:37:32:937964,-356001
19:37:33:056124,-356201
19:37:33:174244,-356401
19:37:33:292672,-356601
19:37:33:409033,-356801
19:37:33:527417,-357001
19:37:33:645103,-357201
19:37:33:762954,-357401
19:37:33:881451,-357601
19:37:33:999470,-357801
19:37:34:118311,-358001
19:37:34:237421,-358201
19:37:34:355487,-358401
19:37:34:473178,-358601
19:37:34:591230,-358801
19:37:34:709186,-359001
19:37:34:826953,-359201
19:37:34:945315,-359401
19:37:35:063477,-359601
19:37:35:181137,-359801
19:37:35:298785,-360001
19:37:35:415792,-360201
19:37:35:532830,-360401
19:37:35:651251,-360601
19:37:35:769082,-360801
19:37:35:887586,-361001
19:37:36:005386,-361201
19:37:36:123337,-361401
19:37:36:241547,-361601
19:37:36:359298,-361801
19:37:36:477287,-362001
19:37:36:595574,-362201
19:37:36:712863,-362401
19:37:36:830080,-362601
19:37:36:946200,-362801
19:37:37:063628,-363001
19:37:37:180161,-363201
19:37:37:295946,-363401
19:37:37:414084,-363601
19:37:37:530155,-363801
19:37:37:647146,-364001
19:37:37:763053,-364201
19:37:37:879336,-364401
19:37:37:995325,-364601
19:37:38:111382,-364801
19:37:38:227456,-365001
19:37:38:342917,-365201
19:37:38:459453,-365401
19:37:38:575322,-365601
19:37:38:691462,-365801
19:37:38:806923,-366001
19:37:38:923297,-366201
19:37:39:039515,-366401
19:37:39:155356,-366601
19:37:39:271494,-366801
19:37:39:387462,-367001
19:37:39:503486,-367201
19:37:39:620237,-367401
19:37:39:736188,-367601
19:37:39:852249,-367801
19:37:39:968358,-368001
19:37:40:085459,-368201
19:37:40:201424,-368401
19:37:40:317250,-368601
19:37:40:433387,-368801
19:37:40:549144,-369001
19:37:40:665445,-369201
19:37:40:781556,-369401
19:37:40:897485,-369601
19:37:41:013487,-369801
19:37:41:129449,-370001
19:37:41:245506,-370201
19:37:41:362278,-370401
19:37:41:478278,-370601
19:37:41:594402,-370801
19:37:41:710046,-371001
19:37:41:826554,-371201
19:37:41:942494,-371401
19:37:42:058379,-371601
19:37:42:174050,-371801
19:37:42:290489,-372001
19:37:42:406264,-372201
19:37:42:522529,-372401
19:37:42:638366,-372601
19:37:42:767614,-372801
19:37:42:883383,-373001
19:37:42:999583,-373201
19:37:43:115553,-373401
19:37:43:231727,-373601
19:37:43:348639,-373801
19:37:43:464656,-374001
19:37:43:580556,-374201
19:37:43:696559,-374401
19:37:43:812118,-374601
19:37:43:928611,-374801
19:37:44:044596,-375001
19:37:44:160224,-375201
19:37:44:276258,-375401
19:37:44:392496,-375601
19:37:44:508797,-375801
19:37:44:626269,-376001
19:37:44:742470,-376201
19:37:44:858417,-376401
19:37:44:974559,-376601
19:37:45:090574,-376801
19:37:45:206590,-377001
19:37:45:322121,-377201
19:37:45:438836,-377401
19:37:45:555402,-377601
19:37:45:671405,-377801
19:37:45:787585,-378001
19:37:45:903235,-378201
19:37:46:019611,-378401
19:37:46:135610,-378601
19:37:46:251632,-378801
19:37:46:368452,-379001
19:37:46:484805,-379201
19:37:46:601663,-379401
19:37:46:717747,-379601
19:37:46:833680,-379801
19:37:46:949732,-380001
19:37:47:066391,-380201
19:37:47:182558,-380401
19:37:47:298938,-380601
19:37:47:415940,-380801
19:37:47:532398,-381001
19:37:47:649074,-381201
19:37:47:765890,-381401
19:37:47:882782,-381601
19:37:47:998942,-381801
19:37:48:115815,-382001
19:37:48:232714,-382201
19:37:48:348908,-382401
19:37:48:465273,-382601
19:37:48:581491,-382801
19:37:48:697531,-383001
19:37:48:813442,-383201
19:37:48:929756,-383401
19:37:49:045755,-383601
19:37:49:161709,-383801
19:37:49:277801,-384001
19:37:49:393852,-384201
19:37:49:509989,-384401
19:37:49:626718,-384601
19:37:49:743783,-384801
19:37:49:859609,-385001
19:37:49:975784,-385201
19:37:50:091582,-385401
19:37:50:207748,-385601
19:37:50:324316,-385801
19:37:50:440650,-386001
19:37:50:556547,-386201
19:37:50:673030,-386401
19:37:50:789748,-386601
19:37:50:906696,-386801
19:37:51:023727,-387001
19:37:51:140816,-387201
19:37:51:256682,-387401
19:37:51:373605,-387601
19:37:51:489622,-387801
19:37:51:605717,-388001
19:37:51:721722,-388201
19:37:51:837394,-388401
19:37:51:953558,-388601
19:37:52:069571,-388801
19:37:52:185665,-389001
19:37:52:301694,-389201
19:37:52:417731,-389401
19:37:52:533569,-389601
19:37:52:649732,-389801
19:37:52:765580,-390001
19:37:52:881785,-390201
19:37:52:997662,-390401
19:37:53:113681,-390601
19:37:53:229549,-390801
19:37:53:345422,-391001
19:37:53:461718,-391201
19:37:53:577588,-391401
19:37:53:693751,-391601
19:37:53:809914,-391801
19:37:53:925705,-392001
19:37:54:041647,-392201
19:37:54:157786,-392401
19:37:54:274642,-392601
19:37:54:390969,-392801
19:37:54:507684,-393001
19:37:54:623751,-393201
19:37:54:739736,-393401
19:37:54:855818,-393601
19:37:54:971971,-393801
19:37:55:089001,-394001
19:37:55:205800,-394201
19:37:55:321745,-394401
19:37:55:437795,-394601
19:37:55:554837,-394801
19:37:55:671273,-395001
19:37:55:788018,-395201
19:37:55:904723,-395401
19:37:56:020734,-395601
19:37:56:136639,-395801
19:37:56:252716,-396001
19:37:56:368690,-396201
19:37:56:485035,-396401
19:37:56:602088,-396601
19:37:56:718677,-396801
19:37:56:834557,-397001
19:37:56:951037,-397201
19:37:57:067769,-397401
19:37:57:183914,-397601
19:37:57:301308,-397801
19:37:57:417930,-398001
19:37:57:533692,-398201
19:37:57:649888,-398401
19:37:57:765795,-398601
19:37:57:881868,-398801
19:37:57:999054,-399001
19:37:58:116039,-399201
19:37:58:233046,-399401
19:37:58:349589,-399601
19:37:58:465699,-399801
19:37:58:581899,-400001
19:37:58:698089,-400201
19:37:58:815092,-400401
19:37:58:932091,-400601
19:37:59:049075,-400801
19:37:59:166008,-401001
19:37:59:283125,-401201
19:37:59:399772,-401401
19:37:59:517426,-401601
19:37:59:635189,-401801
19:37:59:752178,-402001
19:37:59:869105,-402201
19:37:59:986141,-402401
19:38:00:103097,-402601
19:38:00:220209,-402801
19:38:00:337023,-403001
19:38:00:453199,-403201
19:38:00:569782,-403401
19:38:00:686173,-403601
19:38:00:803204,-403801
19:38:00:920430,-404001
19:38:01:038123,-404201
19:38:01:154188,-404401
19:38:01:270193,-404601
19:38:01:387215,-404801
19:38:01:504419,-405001
19:38:01:621171,-405201
19:38:01:737879,-405401
19:38:01:854766,-405601
19:38:01:971255,-405801
19:38:02:088146,-406001
19:38:02:205216,-406201
19:38:02:322169,-406401
19:38:02:439204,-406601
19:38:02:556370,-406801
19:38:02:673137,-407001
19:38:02:789896,-407201
19:38:02:905880,-407401
19:38:03:022217,-407601
19:38:03:139267,-407801
19:38:03:255737,-408001
19:38:03:371855,-408201
19:38:03:488539,-408401
19:38:03:605405,-408601
19:38:03:721942,-408801
19:38:03:838127,-409001
19:38:03:955176,-409201
19:38:04:072244,-409401
19:38:04:189375,-409601
19:38:04:306560,-409801
19:38:04:424268,-410001
19:38:04:540411,-410201
19:38:04:657563,-410401
19:38:04:774541,-410601
19:38:04:892559,-410801
19:38:05:010294,-411001
19:38:05:127542,-411201
19:38:05:244507,-411401
19:38:05:360865,-411601
19:38:05:477625,-411801
19:38:05:594344,-412001
19:38:05:711203,-412201
19:38:05:828445,-412401
19:38:05:945254,-412601
19:38:06:062408,-412801
19:38:06:179661,-413001
19:38:06:296626,-413201
19:38:06:413224,-413401
19:38:06:530218,-413601
19:38:06:646638,-413801
19:38:06:763475,-414001
19:38:06:879081,-414201
19:38:06:995461,-414401
19:38:07:112450,-414601
19:38:07:229044,-414801
19:38:07:345281,-415001
19:38:07:462402,-415201
19:38:07:579352,-415401
19:38:07:696516,-415601
19:38:07:813612,-415801
19:38:07:930429,-416001
19:38:08:047499,-416201
19:38:08:164714,-416401
19:38:08:281406,-416601
19:38:08:398459,-416801
19:38:08:515393,-417001
19:38:08:632226,-417201
19:38:08:749290,-417401
19:38:08:866034,-417601
19:38:08:982517,-417801
19:38:09:099332,-418001
19:38:09:216805,-418201
19:38:09:333295,-418401
19:38:09:450569,-418601
19:38:09:567251,-418801
19:38:09:684790,-419001
19:38:09:802346,-419201
19:38:09:919320,-419401
19:38:10:036368,-419601
19:38:10:153366,-419801
19:38:10:270061,-420001
19:38:10:386446,-420201
19:38:10:504615,-420401
19:38:10:621381,-420601
19:38:10:738588,-420801
19:38:10:856572,-421001
19:38:10:974784,-421201
19:38:11:092571,-421401
19:38:11:210526,-421601
19:38:11:328507,-421801
19:38:11:446667,-422001
19:38:11:564588,-422201
19:38:11:682630,-422401
19:38:11:800535,-422601
19:38:11:918679,-422801
19:38:12:036442,-423001
19:38:12:154553,-423201
19:38:12:272617,-423401
19:38:12:390463,-423601
19:38:12:508645,-423801
19:38:12:626609,-424001
19:38:12:744383,-424201
19:38:12:862642,-424401
19:38:12:980499,-424601
19:38:13:098587,-424801
19:38:13:216615,-425001
19:38:13:334583,-425201
19:38:13:452357,-425401
19:38:13:570336,-425601
19:38:13:688786,-425801
19:38:13:806666,-426001
19:38:13:924516,-426201
19:38:14:042658,-426401
19:38:14:160677,-426601
19:38:14:278424,-426801
19:38:14:396171,-427001
19:38:14:513410,-427201
19:38:14:631455,-427401
19:38:14:749753,-427601
19:38:14:868498,-427801
19:38:14:986682,-428001
19:38:15:104706,-428201
19:38:15:222582,-428401
19:38:15:340709,-428601
19:38:15:458734,-428801
19:38:15:576439,-429001
19:38:15:694698,-429201
19:38:15:813114,-429401
19:38:15:930737,-429601
19:38:16:048826,-429801
19:38:16:166788,-430001
19:38:16:284989,-430201
19:38:16:403627,-430401
19:38:16:521583,-430601
19:38:16:639551,-430801
19:38:16:758002,-431001
19:38:16:876331,-431201
19:38:16:994589,-431401
19:38:17:112857,-431601
19:38:17:230704,-431801
19:38:17:348782,-432001
19:38:17:466803,-432201
19:38:17:584810,-432401
19:38:17:702986,-432601
19:38:17:821823,-432801
19:38:17:939851,-433001
19:38:18:057651,-433201
19:38:18:175572,-433401
19:38:18:294162,-433601
19:38:18:411773,-433801
19:38:18:529539,-434001
19:38:18:647361,-434201
19:38:18:764967,-434401
19:38:18:883408,-434601
19:38:19:000086,-434801
19:38:19:117617,-435001
19:38:19:234254,-435201
19:38:19:351835,-435401
19:38:19:467845,-435601
19:38:19:583539,-435801
19:38:19:700069,-436001
19:38:19:818081,-436201
19:38:19:934923,-436401
19:38:20:050912,-436601
19:38:20:167201,-436801
19:38:20:283624,-437001
19:38:20:399383,-437201
19:38:20:515681,-437401
19:38:20:632002,-437601
19:38:20:748145,-437801
19:38:20:864895,-438001
19:38:20:981005,-438201
19:38:21:097495,-438401
19:38:21:213932,-438601
19:38:21:331158,-438801
19:38:21:447626,-439001
19:38:21:563841,-439201
19:38:21:679931,-439401
19:38:21:795996,-439601
19:38:21:911819,-439801
19:38:22:028190,-440001
19:38:22:144201,-440201
19:38:22:261032,-440401
19:38:22:377981,-440601
19:38:22:495209,-440801
19:38:22:610979,-441001
19:38:22:728205,-441201
19:38:22:845963,-441401
19:38:22:961940,-441601
19:38:23:078639,-441801
19:38:23:194748,-442001
19:38:23:311281,-442201
19:38:23:427927,-442401
19:38:23:544050,-442601
19:38:23:661269,-442801
19:38:23:778309,-443001
19:38:23:895607,-443201
19:38:24:012312,-443401
19:38:24:129868,-443601
19:38:24:246141,-443801
19:38:24:363235,-444001
19:38:24:480337,-444201
19:38:24:596851,-444401
19:38:24:714399,-444601
19:38:24:830866,-444801
19:38:24:948110,-445001
19:38:25:064853,-445201
19:38:25:180987,-445401
19:38:25:298338,-445601
19:38:25:415964,-445801
19:38:25:532805,-446001
19:38:25:650104,-446201
19:38:25:766979,-446401
19:38:25:884099,-446601
19:38:26:000779,-446801
19:38:26:118402,-447001
19:38:26:234916,-447201
19:38:26:352112,-447401
19:38:26:468940,-447601
19:38:26:585658,-447801
19:38:26:701789,-448001
19:38:26:818696,-448201
19:38:26:934956,-448401
19:38:27:052140,-448601
19:38:27:168969,-448801
19:38:27:286220,-449001
19:38:27:402699,-449201
19:38:27:519353,-449401
19:38:27:636152,-449601
19:38:27:753028,-449801
19:38:27:870158,-450001
19:38:27:986940,-450201
19:38:28:104150,-450401
19:38:28:220922,-450601
19:38:28:337628,-450801
19:38:28:454192,-451001
19:38:28:570761,-451201
19:38:28:687766,-451401
19:38:28:803952,-451601
19:38:28:920793,-451801
19:38:29:038206,-452001
19:38:29:156045,-452201
19:38:29:273047,-452401
19:38:29:390219,-452601
19:38:29:507028,-452801
19:38:29:625126,-453001
19:38:29:742259,-453201
19:38:29:858990,-453401
19:38:29:976539,-453601
19:38:30:094240,-453801
19:38:30:211914,-454001
19:38:30:330114,-454201
19:38:30:447895,-454401
19:38:30:565067,-454601
19:38:30:682782,-454801
19:38:30:799098,-455001
19:38:30:916845,-455201
19:38:31:032992,-455401
19:38:31:151252,-455601
19:38:31:269087,-455801
19:38:31:387282,-456001
19:38:31:505183,-456201
19:38:31:623361,-456401
19:38:31:741180,-456601
19:38:31:859154,-456801
19:38:31:977060,-457001
19:38:32:095336,-457201
19:38:32:213138,-457401
19:38:32:331571,-457601
19:38:32:449194,-457801
19:38:32:566929,-458001
19:38:32:684381,-458201
19:38:32:802637,-458401
19:38:32:919906,-458601
19:38:33:037972,-458801
19:38:33:156319,-459001
19:38:33:274112,-459201
19:38:33:391878,-459401
19:38:33:509146,-459601
19:38:33:627103,-459801
19:38:33:745157,-460001
19:38:33:863396,-460201
19:38:33:981398,-460401
19:38:34:099350,-460601
19:38:34:217382,-460801
19:38:34:335420,-461001
19:38:34:453500,-461201
19:38:34:571239,-461401
19:38:34:689297,-461601
19:38:34:807311,-461801
19:38:34:924966,-462001
19:38:35:042402,-462201
19:38:35:174201,-462401
19:38:35:292257,-462601
19:38:35:410317,-462801
19:38:35:528461,-463001
19:38:35:646431,-463201
19:38:35:764742,-463401
19:38:35:883651,-463601
19:38:36:002427,-463801
19:38:36:120716,-464001
19:38:36:239724,-464201
19:38:36:357472,-464401
19:38:36:475254,-464601
19:38:36:593547,-464801
19:38:36:711118,-465001
19:38:36:829479,-465201
19:38:36:947399,-465401
19:38:37:065352,-465601
19:38:37:183718,-465801
19:38:37:302496,-466001
19:38:37:418303,-466201
19:38:37:535217,-466401
19:38:37:651585,-466601
19:38:37:768704,-466801
19:38:37:885159,-467001
19:38:38:001949,-467201
19:38:38:119506,-467401
19:38:38:235506,-467601
19:38:38:351512,-467801
19:38:38:467257,-468001
19:38:38:583561,-468201
19:38:38:699587,-468401
19:38:38:815078,-468601
19:38:38:931143,-468801
19:38:39:047575,-469001
19:38:39:163818,-469201
19:38:39:280365,-469401
19:38:39:396541,-469601
19:38:39:512577,-469801
19:38:39:628584,-470001
19:38:39:744693,-470201
19:38:39:860805,-470401
19:38:39:978588,-470601
19:38:40:094673,-470801
19:38:40:210690,-471001
19:38:40:327830,-471201
19:38:40:444138,-471401
19:38:40:560801,-471601
19:38:40:677510,-471801
19:38:40:793624,-472001
19:38:40:909749,-472201
19:38:41:025656,-472401
19:38:41:142458,-472601
19:38:41:258571,-472801
19:38:41:375559,-473001
19:38:41:492657,-473201
19:38:41:609393,-473401
19:38:41:726696,-473601
19:38:41:843685,-473801
19:38:41:960630,-474001
19:38:42:076591,-474201
19:38:42:192640,-474401
19:38:42:308485,-474601
19:38:42:424477,-474801
19:38:42:540201,-475001
19:38:42:656533,-475201
19:38:42:772650,-475401
19:38:42:888289,-475601
19:38:43:004596,-475801
19:38:43:120539,-476001
19:38:43:236509,-476201
19:38:43:352462,-476401
19:38:43:468547,-476601
19:38:43:584555,-476801
19:38:43:700577,-477001
19:38:43:816403,-477201
19:38:43:933346,-477401
19:38:44:049497,-477601
19:38:44:165660,-477801
19:38:44:282432,-478001
19:38:44:398575,-478201
19:38:44:514547,-478401
19:38:44:630541,-478601
19:38:44:746563,-478801
19:38:44:863742,-479001
19:38:44:980574,-479201
19:38:45:096556,-479401
19:38:45:213856,-479601
19:38:45:330739,-479801
19:38:45:447348,-480001
19:38:45:563593,-480201
19:38:45:679915,-480401
19:38:45:796575,-480601
19:38:45:912496,-480801
19:38:46:028638,-481001
19:38:46:144706,-481201
19:38:46:261950,-481401
19:38:46:378655,-481601
19:38:46:495872,-481801
19:38:46:612652,-482001
19:38:46:729886,-482201
19:38:46:846638,-482401
19:38:46:963366,-482601
19:38:47:079866,-482801
19:38:47:196606,-483001
19:38:47:312688,-483201
19:38:47:429549,-483401
19:38:47:545815,-483601
19:38:47:662736,-483801
19:38:47:779929,-484001
19:38:47:896722,-484201
19:38:48:013685,-484401
19:38:48:150958,-484601
19:38:48:267919,-484801
19:38:48:384763,-485001
19:38:48:502274,-485201
19:38:48:619540,-485401
19:38:48:735944,-485601
19:38:48:852465,-485801
19:38:48:968667,-486001
19:38:49:085967,-486201
19:38:49:202945,-486401
19:38:49:319902,-486601
19:38:49:436833,-486801
19:38:49:553788,-487001
19:38:49:670822,-487201
19:38:49:787855,-487401
19:38:49:905339,-487601
19:38:50:022851,-487801
19:38:50:139950,-488001
19:38:50:256596,-488201
19:38:50:373620,-488401
19:38:50:490548,-488601
19:38:50:606753,-488801
19:38:50:725214,-489001
19:38:50:843339,-489201
19:38:50:960532,-489401
19:38:51:077506,-489601
19:38:51:194957,-489801
19:38:51:312582,-490001
19:38:51:429601,-490201
19:38:51:546061,-490401
19:38:51:664018,-490601
19:38:51:782043,-490801
19:38:51:900043,-491001
19:38:52:017912,-491201
19:38:52:135922,-491401
19:38:52:254308,-491601
19:38:52:371832,-491801
19:38:52:490069,-492001
19:38:52:608186,-492201
19:38:52:726102,-492401
19:38:52:844075,-492601
19:38:52:961605,-492801
19:38:53:079100,-493001
19:38:53:197129,-493201
19:38:53:315091,-493401
19:38:53:433153,-493601
19:38:53:551072,-493801
19:38:53:668989,-494001
19:38:53:787092,-494201
19:38:53:904895,-494401
19:38:54:023489,-494601
19:38:54:141349,-494801
19:38:54:259103,-495001
19:38:54:376829,-495201
19:38:54:494801,-495401
19:38:54:612645,-495601
19:38:54:729776,-495801
19:38:54:847890,-496001
19:38:54:965658,-496201
19:38:55:082166,-496401
19:38:55:199995,-496601
19:38:55:318352,-496801
19:38:55:436035,-497001
19:38:55:554140,-497201
19:38:55:671875,-497401
19:38:55:790530,-497601
19:38:55:908182,-497801
19:38:56:026302,-498001
19:38:56:144198,-498201
19:38:56:262434,-498401
19:38:56:381172,-498601
19:38:56:499447,-498801
19:38:56:617212,-499001
19:38:56:735194,-499201
19:38:56:853067,-499401
19:38:56:970738,-499601
19:38:57:087219,-499801
19:38:57:205232,-500001
19:38:57:323219,-500201
19:38:57:441132,-500401
19:38:57:559245,-500601
19:38:57:677047,-500801
19:38:57:795583,-501001
19:38:57:913491,-501201
19:38:58:031054,-501401
19:38:58:149505,-501601
19:38:58:267514,-501801
19:38:58:385271,-502001
19:38:58:503289,-502201
19:38:58:621510,-502401
19:38:58:739260,-502601
19:38:58:857131,-502801
19:38:58:974843,-503001
19:38:59:092148,-503201
19:38:59:209773,-503401
19:38:59:327311,-503601
19:38:59:445313,-503801
19:38:59:563322,-504001
19:38:59:681407,-504201
19:38:59:799551,-504401
19:38:59:917534,-504601
19:39:00:036110,-504801
19:39:00:154159,-505001
19:39:00:272161,-505201
19:39:00:390194,-505401
19:39:00:508164,-505601
19:39:00:626082,-505801
19:39:00:744175,-506001
19:39:00:862377,-506201
19:39:00:979964,-506401
19:39:01:098213,-506601
19:39:01:216206,-506801
19:39:01:334175,-507001
19:39:01:452224,-507201
19:39:01:569973,-507401
19:39:01:687179,-507601
19:39:01:805078,-507801
19:39:01:923099,-508001
19:39:02:041268,-508201
19:39:02:159129,-508401
19:39:02:277096,-508601
19:39:02:394921,-508801
19:39:02:512059,-509001
19:39:02:630177,-509201
19:39:02:748206,-509401
19:39:02:866230,-509601
19:39:02:983987,-509801
19:39:03:101515,-510001
19:39:03:219427,-510201
19:39:03:337481,-510401
19:39:03:455103,-510601
19:39:03:573367,-510801
19:39:03:691476,-511001
19:39:03:809122,-511201
19:39:03:928247,-511401
19:39:04:046417,-511601
19:39:04:164289,-511801
19:39:04:282335,-512001
19:39:04:400305,-512201
19:39:04:518250,-512401
19:39:04:636418,-512601
19:39:04:754287,-512801
19:39:04:872344,-513001
19:39:04:990031,-513201
19:39:05:107247,-513401
19:39:05:225745,-513601
19:39:05:343064,-513801
19:39:05:460345,-514001
19:39:05:578361,-514201
19:39:05:696515,-514401
19:39:05:814429,-514601
19:39:05:932254,-514801
19:39:06:050317,-515001
19:39:06:168625,-515201
19:39:06:287825,-515401
19:39:06:405211,-515601
19:39:06:523270,-515801
19:39:06:641623,-516001
19:39:06:759405,-516201
19:39:06:877651,-516401
19:39:06:995096,-516601
19:39:07:112511,-516801
19:39:07:230547,-517001
19:39:07:348082,-517201
19:39:07:465277,-517401
19:39:07:583440,-517601
19:39:07:701371,-517801
19:39:07:819610,-518001
19:39:07:937629,-518201
19:39:08:055658,-518401
19:39:08:173564,-518601
19:39:08:291671,-518801
19:39:08:409388,-519001
19:39:08:527696,-519201
19:39:08:645657,-519401
19:39:08:763860,-519601
19:39:08:882734,-519801
19:39:09:001178,-520001
19:39:09:118642,-520201
19:39:09:236643,-520401
19:39:09:354642,-520601
19:39:09:472963,-520801
19:39:09:591664,-521001
19:39:09:709983,-521201
19:39:09:827706,-521401
19:39:09:945728,-521601
19:39:10:063729,-521801
19:39:10:181646,-522001
19:39:10:299670,-522201
19:39:10:417748,-522401
19:39:10:535648,-522601
19:39:10:653732,-522801
19:39:10:772153,-523001
19:39:10:891105,-523201
19:39:11:009677,-523401
19:39:11:126742,-523601
19:39:11:244419,-523801
19:39:11:362736,-524001
19:39:11:480540,-524201
19:39:11:598966,-524401
19:39:11:717269,-524601
19:39:11:834574,-524801
19:39:11:952809,-525001
19:39:12:071513,-525201
19:39:12:189931,-525401
19:39:12:308572,-525601
19:39:12:426453,-525801
19:39:12:544571,-526001
19:39:12:662495,-526201
19:39:12:778553,-526401
19:39:12:895588,-526601
19:39:13:011384,-526801
19:39:13:128822,-527001
19:39:13:246862,-527201
19:39:13:365051,-527401
19:39:13:500137,-527601
19:39:13:615352,-527801
19:39:13:732504,-528001
19:39:13:850335,-528201
19:39:13:967599,-528401
19:39:14:084507,-528601
19:39:14:201902,-528801
19:39:14:319878,-529001
19:39:14:436846,-529201
19:39:14:552646,-529401
19:39:14:668834,-529601
19:39:14:784871,-529801
19:39:14:901499,-530001
19:39:15:018664,-530201
19:39:15:134411,-530401
19:39:15:250521,-530601
19:39:15:366610,-530801
19:39:15:482605,-531001
19:39:15:598960,-531201
19:39:15:714900,-531401
19:39:15:830867,-531601
19:39:15:947806,-531801
19:39:16:063897,-532001
19:39:16:179823,-532201
19:39:16:295652,-532401
19:39:16:411789,-532601
19:39:16:527577,-532801
19:39:16:643602,-533001
19:39:16:759800,-533201
19:39:16:875837,-533401
19:39:16:991679,-533601
19:39:17:107931,-533801
19:39:17:223769,-534001
19:39:17:339800,-534201
19:39:17:457291,-534401
19:39:17:575063,-534601
19:39:17:690837,-534801
19:39:17:807067,-535001
19:39:17:923025,-535201
19:39:18:039173,-535401
19:39:18:155656,-535601
19:39:18:271861,-535801
19:39:18:387861,-536001
19:39:18:503757,-536201
19:39:18:619904,-536401
19:39:18:735908,-536601
19:39:18:851941,-536801
19:39:18:967868,-537001
19:39:19:083589,-537201
19:39:19:199982,-537401
19:39:19:315884,-537601
19:39:19:431918,-537801
19:39:19:547912,-538001
19:39:19:663834,-538201
19:39:19:779924,-538401
19:39:19:895880,-538601
19:39:20:011650,-538801
19:39:20:127923,-539001
19:39:20:243900,-539201
19:39:20:359913,-539401
19:39:20:475848,-539601
19:39:20:591891,-539801
19:39:20:707708,-540001
19:39:20:823915,-540201
19:39:20:939982,-540401
19:39:21:056016,-540601
19:39:21:172150,-540801
19:39:21:287745,-541001
19:39:21:403950,-541201
19:39:21:519705,-541401
19:39:21:635899,-541601
19:39:21:752085,-541801
19:39:21:868057,-542001
19:39:21:983875,-542201
19:39:22:099918,-542401
19:39:22:215970,-542601
19:39:22:331739,-542801
19:39:22:447943,-543001
19:39:22:563966,-543201
19:39:22:679988,-543401
19:39:22:796153,-543601
19:39:22:911825,-543801
19:39:23:027710,-544001
19:39:23:143878,-544201
19:39:23:259939,-544401
19:39:23:376097,-544601
19:39:23:492270,-544801
19:39:23:608677,-545001
19:39:23:725216,-545201
19:39:23:840917,-545401
19:39:23:957158,-545601
19:39:24:073125,-545801
19:39:24:189053,-546001
19:39:24:305248,-546201
19:39:24:420722,-546401
19:39:24:536838,-546601
19:39:24:653247,-546801
19:39:24:769375,-547001
19:39:24:886482,-547201
19:39:25:003494,-547401
19:39:25:120255,-547601
19:39:25:236346,-547801
19:39:25:353443,-548001
19:39:25:469263,-548201
19:39:25:586251,-548401
19:39:25:702041,-548601
19:39:25:818321,-548801
19:39:25:935521,-549001
19:39:26:052240,-549201
19:39:26:168044,-549401
19:39:26:284269,-549601
19:39:26:401294,-549801
19:39:26:517405,-550001
19:39:26:633231,-550201
19:39:26:749256,-550401
19:39:26:865894,-550601
19:39:26:982288,-550801
19:39:27:099104,-551001
19:39:27:216121,-551201
19:39:27:333593,-551401
19:39:27:451449,-551601
19:39:27:567949,-551801
19:39:27:684307,-552001
19:39:27:801410,-552201
19:39:27:918299,-552401
19:39:28:034909,-552601
19:39:28:151800,-552801
19:39:28:268678,-553001
19:39:28:384854,-553201
19:39:28:501380,-553401
19:39:28:618448,-553601
19:39:28:735428,-553801
19:39:28:852497,-554001
19:39:28:969379,-554201
19:39:29:086382,-554401
19:39:29:202966,-554601
19:39:29:319102,-554801
19:39:29:436406,-555001
19:39:29:553337,-555201
19:39:29:669673,-555401
19:39:29:786671,-555601
19:39:29:903683,-555801
19:39:30:020657,-556001
19:39:30:138644,-556201
19:39:30:255456,-556401
19:39:30:371118,-556601
19:39:30:487518,-556801
19:39:30:603350,-557001
19:39:30:720461,-557201
19:39:30:836460,-557401
19:39:30:953347,-557601
19:39:31:070184,-557801
19:39:31:186472,-558001
19:39:31:303497,-558201
19:39:31:420196,-558401
19:39:31:536099,-558601
19:39:31:652744,-558801
19:39:31:769527,-559001
19:39:31:886742,-559201
19:39:32:003322,-559401
19:39:32:120328,-559601
19:39:32:236475,-559801
19:39:32:353699,-560001
19:39:32:470038,-560201
19:39:32:586427,-560401
19:39:32:702248,-560601
19:39:32:818338,-560801
19:39:32:935258,-561001
19:39:33:052056,-561201
19:39:33:168566,-561401
19:39:33:285490,-561601
19:39:33:401147,-561801
19:39:33:517150,-562001
19:39:33:633101,-562201
19:39:33:749173,-562401
19:39:33:865291,-562601
19:39:33:981426,-562801
19:39:34:098846,-563001
19:39:34:215356,-563201
19:39:34:331452,-563401
19:39:34:448712,-563601
19:39:34:565363,-563801
19:39:34:681389,-564001
19:39:34:798419,-564201
19:39:34:915419,-564401
19:39:35:032330,-564601
19:39:35:149400,-564801
19:39:35:266385,-565001
19:39:35:382689,-565201
19:39:35:499615,-565401
19:39:35:615449,-565601
19:39:35:732698,-565801
19:39:35:849484,-566001
19:39:35:966679,-566201
19:39:36:083433,-566401
19:39:36:200522,-566601
19:39:36:317410,-566801
19:39:36:434675,-567001
19:39:36:551165,-567201
19:39:36:667467,-567401
19:39:36:784549,-567601
19:39:36:901470,-567801
19:39:37:018854,-568001
19:39:37:135579,-568201
19:39:37:252290,-568401
19:39:37:368557,-568601
19:39:37:485542,-568801
19:39:37:602824,-569001
19:39:37:719631,-569201
19:39:37:836727,-569401
19:39:37:953526,-569601
19:39:38:070598,-569801
19:39:38:187590,-570001
19:39:38:304815,-570201
19:39:38:421765,-570401
19:39:38:539714,-570601
19:39:38:656706,-570801
19:39:38:773812,-571001
19:39:38:891799,-571201
19:39:39:009574,-571401
19:39:39:127703,-571601
19:39:39:245259,-571801
19:39:39:362789,-572001
19:39:39:480774,-572201
19:39:39:598767,-572401
19:39:39:716883,-572601
19:39:39:834855,-572801
19:39:39:952416,-573001
19:39:40:070412,-573201
19:39:40:188846,-573401
19:39:40:307081,-573601
19:39:40:425087,-573801
19:39:40:542829,-574001
19:39:40:660620,-574201
19:39:40:778977,-574401
19:39:40:897099,-574601
19:39:41:014832,-574801
19:39:41:132745,-575001
19:39:41:250830,-575201
19:39:41:368831,-575401
19:39:41:486864,-575601
19:39:41:604790,-575801
19:39:41:722512,-576001
19:39:41:841107,-576201
19:39:41:958911,-576401
19:39:42:076516,-576601
19:39:42:194751,-576801
19:39:42:312908,-577001
19:39:42:430899,-577201
19:39:42:548944,-577401
19:39:42:666936,-577601
19:39:42:784960,-577801
19:39:42:902931,-578001
19:39:43:021127,-578201
19:39:43:139899,-578401
19:39:43:258071,-578601
19:39:43:375800,-578801
19:39:43:493929,-579001
19:39:43:612143,-579201
19:39:43:730431,-579401
19:39:43:847723,-579601
19:39:43:965997,-579801
19:39:44:083438,-580001
19:39:44:201055,-580201
19:39:44:319186,-580401
19:39:44:437731,-580601
19:39:44:555733,-580801
19:39:44:673978,-581001
19:39:44:792046,-581201
19:39:44:910218,-581401
19:39:45:029030,-581601
19:39:45:147032,-581801
19:39:45:265005,-582001
19:39:45:382979,-582201
19:39:45:500989,-582401
19:39:45:619218,-582601
19:39:45:737200,-582801
19:39:45:855984,-583001
19:39:45:974005,-583201
19:39:46:091955,-583401
19:39:46:209997,-583601
19:39:46:328240,-583801
19:39:46:446226,-584001
19:39:46:562642,-584201
19:39:46:678799,-584401
19:39:46:795006,-584601
19:39:46:911261,-584801
19:39:47:028244,-585001
19:39:47:145030,-585201
19:39:47:262338,-585401
19:39:47:380060,-585601
19:39:47:495709,-585801
19:39:47:612065,-586001
19:39:47:728082,-586201
19:39:47:843894,-586401
19:39:47:960320,-586601
19:39:48:077659,-586801
19:39:48:194149,-587001
19:39:48:309990,-587201
19:39:48:425973,-587401
19:39:48:542096,-587601
19:39:48:659361,-587801
19:39:48:775078,-588001
19:39:48:890815,-588201
19:39:49:006838,-588401
19:39:49:122683,-588601
