00:11:12:797735,0
00:11:12:808698,0
00:11:12:820673,0
00:11:12:832705,0
00:11:12:844654,0
00:11:12:856669,0
00:11:12:868707,0
00:11:12:880697,0
00:11:12:892732,0
00:11:12:904798,0
00:11:12:916637,0
00:11:12:928613,0
00:11:12:940633,3
00:11:12:952625,61
00:11:12:963683,171
00:11:12:975605,392
00:11:12:987664,712
00:11:12:999645,1046
00:11:13:011650,1411
00:11:13:023709,1737
00:11:13:035721,1931
00:11:13:047773,1999
00:11:13:059841,1988
00:11:13:071884,1947
00:11:13:083947,1862
00:11:13:095989,1729
00:11:13:107802,1548
00:11:13:119824,1300
00:11:13:131808,1030
00:11:13:142768,776
00:11:13:154826,537
00:11:13:167248,393
00:11:13:178763,350
00:11:13:191013,394
00:11:13:203401,499
00:11:13:215423,689
00:11:13:226818,953
00:11:13:238831,1239
00:11:13:251196,1588
00:11:13:263152,1910
00:11:13:275162,2138
00:11:13:287208,2287
00:11:13:298775,2317
00:11:13:309987,2297
00:11:13:321821,2242
00:11:13:333927,2149
00:11:13:345715,2014
00:11:13:357817,1807
00:11:13:369972,1556
00:11:13:381878,1301
00:11:13:393848,1034
00:11:13:405917,821
00:11:13:417687,675
00:11:13:429779,642
00:11:13:441887,687
00:11:13:453946,801
00:11:13:465904,987
00:11:13:477875,1215
00:11:13:488906,1517
00:11:13:500783,1836
00:11:13:512733,2099
00:11:13:524888,2326
00:11:13:536798,2441
00:11:13:548850,2451
00:11:13:560724,2425
00:11:13:572871,2369
00:11:13:584914,2276
00:11:13:596910,2120
00:11:13:608727,1912
00:11:13:620647,1682
00:11:13:632717,1401
00:11:13:644704,1159
00:11:13:655964,938
00:11:13:667949,800
00:11:13:679838,775
00:11:13:691772,824
00:11:13:703778,946
00:11:13:716019,1112
00:11:13:727950,1357
00:11:13:739766,1657
00:11:13:752008,1933
00:11:13:763970,2201
00:11:13:775982,2409
00:11:13:787992,2492
00:11:13:799977,2494
00:11:13:811979,2473
00:11:13:822851,2422
00:11:13:835192,2324
00:11:13:847188,2160
00:11:13:858859,1967
00:11:13:871403,1711
00:11:13:883452,1455
00:11:13:895439,1192
00:11:13:907163,977
00:11:13:919106,851
00:11:13:931299,834
00:11:13:942944,890
00:11:13:955413,1001
00:11:13:967492,1187
00:11:13:978754,1436
00:11:13:990266,1707
00:11:14:001929,2003
00:11:14:013998,2265
00:11:14:025980,2444
00:11:14:037868,2526
00:11:14:049894,2523
00:11:14:061856,2505
00:11:14:073848,2453
00:11:14:085859,2350
00:11:14:097798,2195
00:11:14:109739,1983
00:11:14:121648,1724
00:11:14:133657,1467
00:11:14:145778,1206
00:11:14:156711,1011
00:11:14:168771,886
00:11:14:180670,874
00:11:14:192758,931
00:11:14:204953,1053
00:11:14:216902,1241
00:11:14:228976,1471
00:11:14:240918,1763
00:11:14:252859,2053
00:11:14:264992,2290
00:11:14:276941,2477
00:11:14:288960,2547
00:11:14:300907,2543
00:11:14:312914,2525
00:11:14:323905,2466
00:11:14:335837,2373
00:11:14:347830,2203
00:11:14:359974,2007
00:11:14:372065,1749
00:11:14:383917,1471
00:11:14:395931,1232
00:11:14:408114,1024
00:11:14:420002,907
00:11:14:431938,900
00:11:14:444003,964
00:11:14:455968,1091
00:11:14:468111,1263
00:11:14:479936,1516
00:11:14:491013,1804
00:11:14:502891,2071
00:11:14:515511,2329
00:11:14:527161,2501
00:11:14:538906,2561
00:11:14:550986,2557
00:11:14:563263,2536
00:11:14:575001,2486
00:11:14:587180,2381
00:11:14:599288,2205
00:11:14:610838,2007
00:11:14:622777,1747
00:11:14:634769,1493
00:11:14:647277,1234
00:11:14:658890,1034
00:11:14:670025,932
00:11:14:681997,925
00:11:14:694133,989
00:11:14:706124,1106
00:11:14:718128,1299
00:11:14:730125,1555
00:11:14:741865,1818
00:11:14:754131,2103
00:11:14:766117,2355
00:11:14:777885,2507
00:11:14:790143,2565
00:11:14:802333,2559
00:11:14:814320,2540
00:11:14:825855,2484
00:11:14:836981,2378
00:11:14:849338,2217
00:11:14:860814,1998
00:11:14:873216,1760
00:11:14:885221,1482
00:11:14:896977,1227
00:11:14:909274,1045
00:11:14:921286,938
00:11:14:933185,938
00:11:14:944939,999
00:11:14:957175,1131
00:11:14:969193,1325
00:11:14:980976,1561
00:11:14:993188,1848
00:11:15:005198,2128
00:11:15:016041,2359
00:11:15:027932,2523
00:11:15:040283,2570
00:11:15:051954,2566
00:11:15:063857,2546
00:11:15:075785,2485
00:11:15:087799,2385
00:11:15:100007,2208
00:11:15:111823,1989
00:11:15:123753,1748
00:11:15:135791,1472
00:11:15:147938,1221
00:11:15:160191,1045
00:11:15:171951,945
00:11:15:183028,950
00:11:15:195120,1020
00:11:15:207038,1158
00:11:15:218901,1340
00:11:15:230903,1599
00:11:15:243221,1886
00:11:15:255146,2138
00:11:15:267094,2384
00:11:15:279233,2535
00:11:15:291038,2574
00:11:15:303051,2569
00:11:15:315301,2557
00:11:15:326981,2511
00:11:15:338790,2408
00:11:15:350035,2219
00:11:15:361942,2003
00:11:15:374002,1736
00:11:15:386054,1486
00:11:15:398008,1320
00:11:15:410035,1263
00:11:15:421947,1299
00:11:15:433984,1420
00:11:15:446022,1613
00:11:15:457796,1840
00:11:15:470009,2101
00:11:15:482027,2339
00:11:15:494046,2472
00:11:15:505824,2499
00:11:15:516923,2478
00:11:15:528848,2417
00:11:15:541232,2292
00:11:15:553284,2096
00:11:15:565005,1867
00:11:15:577017,1601
00:11:15:589151,1362
00:11:15:601202,1229
00:11:15:612882,1198
00:11:15:624729,1262
00:11:15:636817,1397
00:11:15:648917,1614
00:11:15:660969,1884
00:11:15:673250,2126
00:11:15:684495,2358
00:11:15:696384,2472
00:11:15:708271,2484
00:11:15:720183,2452
00:11:15:732217,2370
00:11:15:744160,2235
00:11:15:756047,2027
00:11:15:768057,1793
00:11:15:779857,1530
00:11:15:792056,1309
00:11:15:804098,1200
00:11:15:816025,1195
00:11:15:828095,1277
00:11:15:840307,1429
00:11:15:852108,1664
00:11:15:863172,1938
00:11:15:875128,2184
00:11:15:887174,2397
00:11:15:899006,2488
00:11:15:911459,2478
00:11:15:923368,2438
00:11:15:935367,2356
00:11:15:947373,2193
00:11:15:959102,1975
00:11:15:971201,1736
00:11:15:983072,1476
00:11:15:995110,1272
00:11:16:006962,1189
00:11:16:018802,1204
00:11:16:029895,1308
00:11:16:041865,1474
00:11:16:053959,1726
00:11:16:065971,2001
00:11:16:078171,2238
00:11:16:090219,2430
00:11:16:102116,2491
00:11:16:114037,2477
00:11:16:125793,2424
00:11:16:137856,2319
00:11:16:150041,2156
00:11:16:162125,1926
00:11:16:173762,1661
00:11:16:186184,1432
00:11:16:197423,1251
00:11:16:209337,1195
00:11:16:220943,1229
00:11:16:233000,1352
00:11:16:245008,1554
00:11:16:257266,1791
00:11:16:269009,2069
00:11:16:281360,2297
00:11:16:293187,2460
00:11:16:305193,2494
00:11:16:317149,2472
00:11:16:329070,2412
00:11:16:341029,2288
00:11:16:353383,2111
00:11:16:364288,1869
00:11:16:376009,1603
00:11:16:388237,1381
00:11:16:400364,1226
00:11:16:412530,1195
00:11:16:424253,1248
00:11:16:436078,1389
00:11:16:448098,1589
00:11:16:460176,1854
00:11:16:472064,2127
00:11:16:484235,2347
00:11:16:496259,2483
00:11:16:505998,2495
00:11:16:518369,2473
00:11:16:530022,2410
00:11:16:541190,2282
00:11:16:553160,2102
00:11:16:565178,1854
00:11:16:576923,1590
00:11:16:589102,1370
00:11:16:601065,1221
00:11:16:612949,1197
00:11:16:624905,1255
00:11:16:636976,1401
00:11:16:648893,1623
00:11:16:661039,1871
00:11:16:673188,2143
00:11:16:685170,2372
00:11:16:697050,2486
00:11:16:708083,2492
00:11:16:720090,2463
00:11:16:732320,2388
00:11:16:744313,2243
00:11:16:756287,2055
00:11:16:768122,1797
00:11:16:780167,1534
00:11:16:792022,1330
00:11:16:803972,1208
00:11:16:816005,1208
00:11:16:828025,1285
00:11:16:840091,1448
00:11:16:852153,1687
00:11:16:864240,1937
00:11:16:875236,2199
00:11:16:887180,2411
00:11:16:899038,2494
00:11:16:910978,2488
00:11:16:923044,2447
00:11:16:934984,2365
00:11:16:946966,2201
00:11:16:958961,1982
00:11:16:971247,1741
00:11:16:982996,1482
00:11:16:995172,1294
00:11:17:007073,1202
00:11:17:019030,1219
00:11:17:030893,1314
00:11:17:042171,1498
00:11:17:054312,1747
00:11:17:066035,2002
00:11:17:078326,2260
00:11:17:090042,2445
00:11:17:101971,2496
00:11:17:113910,2485
00:11:17:125842,2433
00:11:17:137795,2340
00:11:17:149992,2161
00:11:17:162120,1927
00:11:17:174338,1684
00:11:17:186312,1433
00:11:17:198408,1264
00:11:17:210412,1202
00:11:17:221398,1241
00:11:17:233273,1364
00:11:17:245347,1552
00:11:17:257047,1809
00:11:17:269103,2067
00:11:17:281395,2315
00:11:17:293140,2472
00:11:17:305333,2499
00:11:17:317334,2485
00:11:17:329076,2443
00:11:17:340966,2351
00:11:17:352929,2163
00:11:17:365077,1920
00:11:17:376993,1687
00:11:17:388079,1486
00:11:17:400195,1417
00:11:17:412075,1464
00:11:17:424167,1606
00:11:17:436095,1828
00:11:17:448095,2066
00:11:17:460093,2303
00:11:17:472157,2439
00:11:17:484041,2448
00:11:17:496140,2394
00:11:17:507990,2271
00:11:17:520059,2096
00:11:17:531979,1846
00:11:17:543984,1596
00:11:17:555958,1418
00:11:17:566941,1355
00:11:17:579072,1408
00:11:17:591142,1557
00:11:17:603024,1788
00:11:17:615094,2034
00:11:17:626873,2277
00:11:17:638875,2419
00:11:17:650945,2431
00:11:17:662938,2375
00:11:17:675030,2247
00:11:17:687094,2071
00:11:17:698983,1822
00:11:17:711353,1571
00:11:17:723285,1400
00:11:17:734016,1342
00:11:17:746038,1394
00:11:17:758320,1546
00:11:17:770328,1780
00:11:17:781942,2029
00:11:17:794032,2273
00:11:17:806136,2414
00:11:17:818041,2423
00:11:17:830004,2365
00:11:17:842294,2239
00:11:17:854316,2061
00:11:17:866080,1810
00:11:17:878123,1559
00:11:17:890324,1388
00:11:17:901269,1332
00:11:17:913171,1398
00:11:17:925362,1543
00:11:17:937146,1779
00:11:17:949562,2052
00:11:17:961565,2273
00:11:17:973566,2414
00:11:17:985469,2415
00:11:17:997367,2361
00:11:18:009226,2234
00:11:18:021156,2034
00:11:18:033038,1803
00:11:18:045361,1553
00:11:18:057148,1382
00:11:18:067855,1328
00:11:18:080276,1397
00:11:18:092378,1544
00:11:18:104214,1781
00:11:18:116132,2055
00:11:18:127904,2276
00:11:18:139877,2414
00:11:18:152106,2413
00:11:18:164324,2359
00:11:18:176177,2232
00:11:18:187949,2030
00:11:18:199895,1799
00:11:18:211840,1550
00:11:18:223872,1368
00:11:18:234844,1328
00:11:18:246888,1399
00:11:18:259020,1562
00:11:18:271358,1785
00:11:18:283326,2061
00:11:18:295332,2281
00:11:18:307307,2416
00:11:18:319293,2413
00:11:18:331609,2358
00:11:18:343246,2229
00:11:18:355258,2027
00:11:18:367238,1794
00:11:18:379091,1546
00:11:18:391333,1366
00:11:18:402156,1329
00:11:18:414334,1402
00:11:18:426173,1566
00:11:18:438353,1790
00:11:18:450438,2066
00:11:18:462511,2304
00:11:18:474338,2417
00:11:18:486347,2413
00:11:18:498085,2351
00:11:18:510336,2226
00:11:18:522137,2024
00:11:18:534304,1772
00:11:18:546182,1543
00:11:18:558146,1365
00:11:18:570053,1331
00:11:18:581203,1405
00:11:18:593386,1572
00:11:18:605318,1796
00:11:18:617020,2073
00:11:18:628891,2309
00:11:18:640862,2422
00:11:18:653257,2413
00:11:18:665175,2351
00:11:18:677272,2226
00:11:18:689180,2023
00:11:18:701328,1770
00:11:18:713250,1542
00:11:18:725353,1366
00:11:18:737183,1336
00:11:18:748432,1409
00:11:18:760594,1580
00:11:18:772260,1827
00:11:18:784327,2081
00:11:18:796260,2315
00:11:18:808354,2425
00:11:18:820066,2414
00:11:18:832340,2350
00:11:18:844361,2224
00:11:18:856222,2021
00:11:18:868219,1766
00:11:18:880184,1539
00:11:18:892207,1366
00:11:18:904213,1341
00:11:18:915350,1412
00:11:18:927207,1587
00:11:18:939195,1835
00:11:18:951656,2089
00:11:18:963582,2323
00:11:18:975571,2432
00:11:18:986956,2418
00:11:18:999319,2358
00:11:19:011228,2231
00:11:19:023198,2018
00:11:19:035167,1767
00:11:19:047214,1560
00:11:19:059132,1494
00:11:19:071035,1553
00:11:19:082062,1706
00:11:19:094082,1949
00:11:19:106225,2197
00:11:19:118056,2363
00:11:19:129874,2392
00:11:19:141931,2321
00:11:19:154208,2184
00:11:19:166347,1964
00:11:19:178044,1709
00:11:19:189911,1522
00:11:19:202192,1450
00:11:19:214338,1517
00:11:19:226428,1681
00:11:19:238246,1929
00:11:19:249232,2187
00:11:19:261025,2351
00:11:19:273381,2379
00:11:19:285324,2304
00:11:19:297126,2161
00:11:19:309360,1939
00:11:19:321301,1706
00:11:19:333314,1502
00:11:19:345182,1435
00:11:19:357259,1499
00:11:19:369271,1677
00:11:19:381261,1929
00:11:19:393250,2168
00:11:19:405241,2351
00:11:19:417171,2372
00:11:19:428261,2306
00:11:19:440406,2151
00:11:19:452480,1927
00:11:19:464198,1695
00:11:19:476214,1495
00:11:19:488239,1434
00:11:19:500190,1504
00:11:19:512346,1685
00:11:19:524374,1916
00:11:19:536103,2178
00:11:19:548361,2355
00:11:19:560360,2376
00:11:19:572279,2300
00:11:19:584344,2142
00:11:19:595404,1936
00:11:19:607406,1685
00:11:19:619059,1486
00:11:19:630898,1431
00:11:19:642855,1506
00:11:19:655261,1691
00:11:19:667365,1925
00:11:19:679290,2186
00:11:19:691313,2357
00:11:19:703368,2372
00:11:19:715365,2293
00:11:19:727201,2134
00:11:19:739173,1927
00:11:19:750359,1676
00:11:19:762194,1493
00:11:19:774196,1432
00:11:19:785939,1512
00:11:19:797874,1682
00:11:19:809930,1935
00:11:19:821928,2194
00:11:19:833850,2353
00:11:19:845889,2368
00:11:19:857930,2285
00:11:19:870361,2143
00:11:19:882152,1918
00:11:19:894014,1667
00:11:19:906094,1488
00:11:19:917230,1433
00:11:19:929215,1518
00:11:19:941241,1691
00:11:19:953358,1949
00:11:19:965362,2202
00:11:19:977247,2357
00:11:19:989211,2366
00:11:20:001639,2293
00:11:20:013555,2135
00:11:20:025427,1909
00:11:20:037322,1680
00:11:20:049281,1484
00:11:20:061223,1435
00:11:20:073144,1513
00:11:20:084372,1698
00:11:20:096423,1961
00:11:20:108427,2194
00:11:20:120123,2360
00:11:20:131945,2363
00:11:20:143908,2287
00:11:20:156218,2128
00:11:20:168394,1902
00:11:20:180260,1672
00:11:20:192361,1481
00:11:20:204204,1439
00:11:20:216204,1521
00:11:20:228359,1712
00:11:20:240280,1951
00:11:20:252360,2203
00:11:20:263119,2365
00:11:20:275365,2366
00:11:20:287300,2284
00:11:20:299165,2122
00:11:20:311207,1914
00:11:20:323213,1663
00:11:20:335236,1478
00:11:20:347284,1440
00:11:20:359321,1528
00:11:20:371326,1726
00:11:20:383063,1965
00:11:20:395453,2214
00:11:20:407748,2369
00:11:20:419167,2369
00:11:20:430413,2298
00:11:20:442522,2137
00:11:20:454451,1928
00:11:20:466436,1694
00:11:20:478292,1566
00:11:20:490375,1593
00:11:20:502099,1747
00:11:20:514402,1968
00:11:20:526394,2206
00:11:20:538131,2344
00:11:20:550397,2323
00:11:20:562616,2202
00:11:20:574402,2001
00:11:20:586328,1775
00:11:20:597470,1578
00:11:20:610065,1534
00:11:20:621012,1627
00:11:20:632978,1836
00:11:20:644941,2097
00:11:20:657079,2283
00:11:20:669147,2337
00:11:20:681326,2255
00:11:20:693327,2102
00:11:20:705457,1867
00:11:20:717319,1636
00:11:20:729281,1521
00:11:20:741237,1554
00:11:20:753408,1725
00:11:20:764393,1955
00:11:20:776289,2198
00:11:20:788423,2331
00:11:20:800413,2305
00:11:20:812400,2179
00:11:20:824154,1989
00:11:20:836418,1741
00:11:20:848435,1550
00:11:20:860175,1513
00:11:20:872388,1619
00:11:20:884286,1837
00:11:20:896175,2081
00:11:20:908565,2283
00:11:20:920268,2327
00:11:20:931243,2249
00:11:20:943155,2085
00:11:20:955477,1865
00:11:20:967401,1635
00:11:20:979149,1513
00:11:20:991216,1549
00:11:21:003340,1718
00:11:21:015325,1971
00:11:21:027326,2195
00:11:21:039419,2327
00:11:21:051594,2297
00:11:21:063173,2180
00:11:21:075444,1972
00:11:21:087207,1725
00:11:21:099109,1552
00:11:21:110435,1515
00:11:21:122239,1633
00:11:21:133948,1833
00:11:21:145976,2098
00:11:21:158337,2295
00:11:21:170423,2329
00:11:21:182207,2241
00:11:21:194575,2070
00:11:21:206410,1849
00:11:21:218174,1621
00:11:21:230438,1514
00:11:21:242466,1558
00:11:21:254368,1735
00:11:21:266455,1990
00:11:21:277284,2207
00:11:21:289487,2329
00:11:21:301203,2288
00:11:21:313514,2167
00:11:21:325192,1957
00:11:21:337219,1731
00:11:21:349408,1546
00:11:21:361376,1524
00:11:21:373302,1633
00:11:21:385285,1853
00:11:21:397562,2113
00:11:21:409646,2293
00:11:21:421191,2324
00:11:21:433307,2233
00:11:21:445302,2074
00:11:21:456294,1833
00:11:21:468237,1608
00:11:21:480458,1515
00:11:21:492482,1568
00:11:21:504316,1750
00:11:21:516278,1987
00:11:21:528311,2225
00:11:21:540249,2329
00:11:21:552371,2290
00:11:21:564480,2156
00:11:21:576307,1941
00:11:21:588344,1716
00:11:21:600504,1541
00:11:21:612502,1526
00:11:21:623185,1648
00:11:21:634994,1875
00:11:21:646971,2111
00:11:21:659052,2304
00:11:21:671217,2325
00:11:21:683316,2270
00:11:21:695569,2121
00:11:21:707501,1900
00:11:21:719292,1701
00:11:21:731297,1620
00:11:21:743285,1703
00:11:21:755282,1892
00:11:21:767315,2131
00:11:21:779094,2291
00:11:21:791478,2280
00:11:21:803403,2158
00:11:21:814564,1947
00:11:21:826025,1733
00:11:21:838493,1597
00:11:21:850480,1641
00:11:21:862329,1800
00:11:21:874016,2052
00:11:21:886322,2241
00:11:21:898237,2292
00:11:21:910442,2197
00:11:21:922275,2029
00:11:21:934481,1789
00:11:21:946483,1612
00:11:21:958559,1598
00:11:21:970498,1736
00:11:21:982444,1973
00:11:21:993450,2189
00:11:22:005447,2290
00:11:22:017304,2232
00:11:22:029215,2090
00:11:22:041336,1856
00:11:22:053436,1649
00:11:22:065079,1588
00:11:22:077288,1684
00:11:22:089328,1897
00:11:22:101332,2123
00:11:22:113343,2282
00:11:22:125123,2262
00:11:22:136981,2143
00:11:22:148966,1930
00:11:22:161308,1700
00:11:22:172486,1591
00:11:22:184190,1640
00:11:22:196286,1824
00:11:22:208447,2058
00:11:22:220387,2255
00:11:22:232353,2286
00:11:22:244370,2189
00:11:22:256321,1998
00:11:22:268003,1779
00:11:22:279979,1606
00:11:22:291956,1608
00:11:22:303972,1742
00:11:22:316016,1982
00:11:22:328446,2205
00:11:22:339175,2288
00:11:22:351322,2225
00:11:22:363314,2064
00:11:22:375367,1848
00:11:22:387456,1645
00:11:22:399430,1591
00:11:22:411425,1690
00:11:22:423213,1906
00:11:22:435320,2152
00:11:22:447294,2284
00:11:22:459116,2257
00:11:22:471372,2120
00:11:22:483340,1922
00:11:22:495320,1694
00:11:22:507311,1591
00:11:22:518538,1647
00:11:22:530105,1835
00:11:22:542241,2090
00:11:22:554489,2261
00:11:22:566274,2278
00:11:22:578143,2184
00:11:22:590129,1992
00:11:22:602703,1756
00:11:22:614629,1607
00:11:22:626083,1616
00:11:22:638013,1771
00:11:22:650017,1994
00:11:22:662300,2216
00:11:22:674488,2289
00:11:22:686428,2220
00:11:22:697168,2060
00:11:22:709499,1823
00:11:22:721420,1645
00:11:22:733376,1596
00:11:22:745333,1715
00:11:22:757326,1920
00:11:22:769299,2164
00:11:22:781211,2289
00:11:22:793354,2272
00:11:22:805284,2171
00:11:22:817275,1977
00:11:22:829270,1776
00:11:22:841463,1675
00:11:22:853480,1737
00:11:22:864493,1935
00:11:22:876403,2164
00:11:22:888465,2267
00:11:22:900065,2207
00:11:22:912336,2042
00:11:22:924519,1831
00:11:22:936320,1664
00:11:22:948587,1680
00:11:22:960680,1826
00:11:22:972506,2067
00:11:22:984006,2241
00:11:22:996098,2239
00:11:23:007989,2110
00:11:23:020001,1898
00:11:23:031945,1704
00:11:23:042940,1646
00:11:23:055079,1759
00:11:23:067174,1966
00:11:23:079391,2189
00:11:23:091352,2254
00:11:23:103044,2172
00:11:23:115491,1986
00:11:23:127093,1775
00:11:23:139008,1644
00:11:23:151010,1692
00:11:23:163370,1867
00:11:23:175356,2107
00:11:23:187323,2249
00:11:23:199547,2214
00:11:23:211753,2067
00:11:23:222503,1839
00:11:23:234472,1670
00:11:23:246416,1652
00:11:23:258139,1797
00:11:23:270547,2019
00:11:23:282565,2215
00:11:23:294488,2240
00:11:23:306476,2134
00:11:23:318534,1929
00:11:23:330734,1714
00:11:23:342257,1640
00:11:23:354525,1728
00:11:23:366488,1922
00:11:23:378164,2155
00:11:23:390511,2251
00:11:23:401550,2189
00:11:23:413466,2020
00:11:23:425588,1789
00:11:23:437306,1648
00:11:23:449423,1672
00:11:23:461342,1846
00:11:23:473327,2072
00:11:23:485385,2240
00:11:23:497199,2220
00:11:23:509368,2098
00:11:23:521354,1881
00:11:23:533111,1683
00:11:23:545571,1643
00:11:23:557509,1765
00:11:23:569204,1996
00:11:23:580288,2193
00:11:23:592525,2248
00:11:23:604765,2148
00:11:23:616506,1970
00:11:23:628115,1743
00:11:23:640067,1640
00:11:23:652035,1698
00:11:23:664369,1901
00:11:23:676372,2117
00:11:23:688514,2248
00:11:23:700144,2197
00:11:23:712744,2035
00:11:23:724555,1825
00:11:23:736243,1654
00:11:23:747581,1657
00:11:23:759511,1810
00:11:23:771430,2052
00:11:23:783132,2223
00:11:23:795513,2242
00:11:23:807416,2133
00:11:23:819159,1954
00:11:23:831598,1751
00:11:23:843546,1699
00:11:23:855709,1816
00:11:23:867616,2042
00:11:23:879448,2210
00:11:23:891343,2201
00:11:23:903242,2063
00:11:23:915415,1844
00:11:23:927350,1696
00:11:23:938118,1717
00:11:23:950542,1898
00:11:23:962769,2107
00:11:23:974782,2219
00:11:23:986177,2151
00:11:23:998182,1986
00:11:24:010277,1769
00:11:24:022203,1682
00:11:24:034173,1764
00:11:24:046548,1979
00:11:24:058161,2168
00:11:24:070499,2210
00:11:24:082158,2096
00:11:24:094071,1903
00:11:24:106075,1711
00:11:24:117150,1691
00:11:24:129126,1825
00:11:24:141031,2060
00:11:24:153013,2208
00:11:24:165506,2185
00:11:24:177440,2028
00:11:24:189388,1806
00:11:24:201487,1685
00:11:24:213264,1728
00:11:24:225477,1922
00:11:24:237241,2128
00:11:24:249261,2212
00:11:24:261669,2124
00:11:24:273167,1950
00:11:24:284589,1740
00:11:24:296180,1679
00:11:24:308542,1782
00:11:24:320545,2006
00:11:24:332242,2185
00:11:24:344545,2196
00:11:24:356585,2066
00:11:24:368377,1870
00:11:24:380572,1695
00:11:24:392529,1701
00:11:24:404497,1852
00:11:24:416087,2089
00:11:24:428182,2210
00:11:24:440063,2166
00:11:24:451004,1995
00:11:24:463509,1777
00:11:24:475559,1678
00:11:24:487561,1746
00:11:24:499472,1956
00:11:24:511548,2153
00:11:24:523222,2209
00:11:24:535152,2103
00:11:24:547024,1918
00:11:24:559656,1721
00:11:24:571243,1686
00:11:24:583390,1807
00:11:24:595577,2037
00:11:24:607366,2197
00:11:24:619606,2187
00:11:24:630172,2040
00:11:24:642096,1839
00:11:24:654054,1687
00:11:24:666451,1715
00:11:24:678520,1885
00:11:24:690247,2110
00:11:24:702041,2211
00:11:24:714273,2163
00:11:24:726128,1997
00:11:24:738111,1791
00:11:24:750419,1724
00:11:24:762556,1831
00:11:24:774447,2031
00:11:24:785216,2189
00:11:24:797226,2153
00:11:24:809045,1982
00:11:24:820986,1789
00:11:24:833040,1715
00:11:24:845069,1818
00:11:24:857194,2036
00:11:24:869225,2187
00:11:24:881566,2152
00:11:24:893112,1986
00:11:24:905060,1778
00:11:24:917032,1712
00:11:24:929119,1824
00:11:24:941187,2045
00:11:24:952091,2185
00:11:24:964479,2144
00:11:24:976001,1972
00:11:24:988280,1782
00:11:25:000554,1711
00:11:25:012553,1833
00:11:25:024250,2036
00:11:25:036210,2186
00:11:25:048313,2147
00:11:25:060292,1978
00:11:25:072317,1773
00:11:25:084371,1710
00:11:25:096163,1826
00:11:25:108153,2049
00:11:25:119101,2185
00:11:25:131136,2140
00:11:25:143068,1966
00:11:25:155329,1778
00:11:25:167089,1711
00:11:25:179075,1836
00:11:25:191396,2040
00:11:25:203487,2186
00:11:25:215548,2131
00:11:25:227461,1973
00:11:25:239228,1770
00:11:25:251141,1712
00:11:25:263057,1829
00:11:25:275344,2053
00:11:25:286556,2187
00:11:25:298197,2135
00:11:25:310563,1961
00:11:25:322583,1775
00:11:25:334598,1712
00:11:25:346574,1840
00:11:25:358569,2044
00:11:25:370579,2186
00:11:25:382209,2126
00:11:25:394589,1967
00:11:25:406343,1767
00:11:25:418134,1714
00:11:25:430418,1834
00:11:25:442588,2057
00:11:25:454564,2187
00:11:25:465524,2131
00:11:25:477519,1956
00:11:25:489634,1772
00:11:25:501153,1712
00:11:25:513485,1843
00:11:25:525540,2067
00:11:25:537140,2186
00:11:25:549558,2158
00:11:25:561534,2037
00:11:25:573450,1840
00:11:25:585471,1747
00:11:25:597591,1837
00:11:25:609503,2047
00:11:25:621161,2170
00:11:25:632200,2108
00:11:25:644134,1923
00:11:25:656064,1757
00:11:25:668466,1772
00:11:25:680665,1949
00:11:25:692587,2138
00:11:25:704360,2154
00:11:25:716566,2010
00:11:25:728510,1807
00:11:25:740211,1741
00:11:25:752141,1855
00:11:25:764594,2070
00:11:25:776139,2166
00:11:25:788372,2087
00:11:25:799271,1907
00:11:25:811244,1748
00:11:25:823296,1784
00:11:25:835546,1979
00:11:25:847564,2143
00:11:25:859144,2134
00:11:25:871751,1994
00:11:25:883795,1795
00:11:25:895665,1742
00:11:25:907529,1866
00:11:25:919652,2080
00:11:25:931545,2163
00:11:25:943684,2071
00:11:25:955529,1878
00:11:25:967381,1740
00:11:25:978292,1791
00:11:25:990530,1991
00:11:26:002553,2155
00:11:26:014884,2126
00:11:26:026882,1966
00:11:26:038648,1786
00:11:26:050830,1745
00:11:26:062415,1899
00:11:26:074583,2103
00:11:26:086686,2162
00:11:26:098343,2050
00:11:26:110632,1846
00:11:26:122612,1739
00:11:26:134178,1816
00:11:26:146138,2006
00:11:26:157149,2159
00:11:26:169107,2111
00:11:26:181227,1953
00:11:26:193341,1768
00:11:26:205510,1761
00:11:26:217309,1911
00:11:26:229516,2112
00:11:26:241517,2156
00:11:26:253333,2034
00:11:26:265240,1833
00:11:26:277423,1738
00:11:26:289293,1826
00:11:26:301261,2034
00:11:26:313275,2164
00:11:26:324179,2116
00:11:26:336151,1945
00:11:26:348185,1787
00:11:26:360137,1799
00:11:26:372128,1982
00:11:26:384300,2131
00:11:26:396685,2107
00:11:26:408638,1938
00:11:26:420599,1784
00:11:26:432641,1800
00:11:26:444618,1984
00:11:26:456445,2131
00:11:26:468665,2104
00:11:26:479359,1933
00:11:26:491370,1781
00:11:26:503243,1801
00:11:26:515171,1988
00:11:26:527118,2131
00:11:26:539155,2101
00:11:26:551342,1929
00:11:26:563289,1780
00:11:26:575544,1803
00:11:26:587540,1974
00:11:26:599546,2133
00:11:26:614036,2099
00:11:26:640369,1939
00:11:26:640858,1777
00:11:26:646202,1804
00:11:26:658118,1977
00:11:26:670115,2133
00:11:26:682602,2096
00:11:26:694411,1936
00:11:26:706544,1776
00:11:26:718515,1807
00:11:26:730605,1982
00:11:26:742396,2134
00:11:26:754422,2095
00:11:26:766643,1931
00:11:26:778256,1774
00:11:26:790946,1810
00:11:26:802826,1985
00:11:26:813330,2135
00:11:26:825259,2100
00:11:26:837371,1928
00:11:26:849447,1772
00:11:26:861230,1802
00:11:26:873360,1989
00:11:26:885333,2135
00:11:26:897382,2098
00:11:26:909310,1923
00:11:26:921310,1772
00:11:26:933422,1805
00:11:26:945638,1992
00:11:26:957490,2136
00:11:26:969425,2097
00:11:26:980300,1919
00:11:26:992655,1777
00:11:27:004623,1808
00:11:27:016396,1997
00:11:27:028374,2137
00:11:27:040583,2118
00:11:27:052559,1985
00:11:27:064705,1808
00:11:27:076270,1797
00:11:27:088199,1965
00:11:27:100094,2111
00:11:27:112137,2083
00:11:27:124636,1907
00:11:27:136104,1782
00:11:27:148171,1848
00:11:27:159096,2043
00:11:27:171135,2121
00:11:27:183120,2019
00:11:27:195345,1833
00:11:27:207443,1782
00:11:27:219107,1924
00:11:27:231306,2100
00:11:27:243220,2097
00:11:27:255263,1938
00:11:27:267298,1785
00:11:27:279339,1821
00:11:27:291376,2006
00:11:27:303431,2119
00:11:27:315259,2046
00:11:27:326650,1859
00:11:27:338422,1779
00:11:27:350445,1890
00:11:27:362641,2079
00:11:27:374602,2114
00:11:27:386417,1976
00:11:27:398401,1800
00:11:27:410329,1800
00:11:27:422365,1970
00:11:27:434195,2116
00:11:27:446105,2074
00:11:27:458201,1898
00:11:27:470295,1780
00:11:27:482317,1854
00:11:27:493386,2050
00:11:27:505482,2119
00:11:27:517338,2010
00:11:27:529390,1825
00:11:27:541395,1783
00:11:27:553271,1931
00:11:27:565393,2103
00:11:27:577399,2094
00:11:27:589263,1931
00:11:27:601447,1783
00:11:27:613141,1825
00:11:27:625334,2013
00:11:27:637230,2119
00:11:27:649167,2035
00:11:27:660262,1852
00:11:27:672611,1780
00:11:27:684499,1897
00:11:27:696666,2085
00:11:27:708411,2116
00:11:27:720362,2001
00:11:27:732617,1827
00:11:27:744589,1826
00:11:27:756407,1983
00:11:27:768577,2105
00:11:27:780212,2026
00:11:27:792223,1862
00:11:27:804127,1803
00:11:27:816375,1931
00:11:27:827336,2096
00:11:27:839374,2064
00:11:27:851473,1908
00:11:27:863547,1800
00:11:27:875340,1903
00:11:27:887315,2068
00:11:27:899225,2093
00:11:27:911167,1937
00:11:27:923168,1806
00:11:27:935252,1856
00:11:27:947184,2040
00:11:27:959165,2105
00:11:27:971219,1989
00:11:27:983220,1822
00:11:27:994286,1827
00:11:28:006862,1997
00:11:28:018796,2106
00:11:28:030492,2027
00:11:28:042708,1851
00:11:28:054775,1803
00:11:28:066337,1946
00:11:28:078373,2100
00:11:28:090266,2065
00:11:28:102466,1898
00:11:28:114274,1801
00:11:28:126626,1902
00:11:28:138268,2079
00:11:28:150176,2084
00:11:28:161217,1940
00:11:28:173376,1802
00:11:28:185505,1871
00:11:28:197355,2038
00:11:28:209467,2104
00:11:28:221475,1975
00:11:28:233372,1823
00:11:28:245359,1836
00:11:28:257495,1996
00:11:28:269374,2106
00:11:28:281441,2017
00:11:28:293384,1853
00:11:28:305420,1809
00:11:28:317321,1963
00:11:28:328508,2099
00:11:28:340246,2090
00:11:28:352399,1953
00:11:28:364438,1814
00:11:28:376428,1852
00:11:28:388347,2028
00:11:28:400414,2087
00:11:28:412357,1953
00:11:28:424390,1815
00:11:28:436422,1867
00:11:28:448486,2041
00:11:28:463574,2079
00:11:28:500578,1945
00:11:28:501339,1816
00:11:28:501689,1879
00:11:28:507511,2052
00:11:28:519457,2073
00:11:28:540384,1935
00:11:28:543253,1814
00:11:28:555321,1900
00:11:28:567321,2058
00:11:28:579360,2066
00:11:28:591501,1911
00:11:28:603498,1813
00:11:28:615496,1906
00:11:28:627503,2072
00:11:28:639276,2062
00:11:28:651185,1905
00:11:28:662182,1813
00:11:28:674342,1915
00:11:28:686919,2076
00:11:28:698785,2058
00:11:28:710767,1899
00:11:28:722795,1814
00:11:28:734789,1924
00:11:28:746518,2081
00:11:28:758406,2041
00:11:28:770691,1892
00:11:28:782740,1815
00:11:28:794391,1945
00:11:28:806794,2084
00:11:28:818725,2034
00:11:28:829492,1870
00:11:28:841489,1816
00:11:28:853509,1956
00:11:28:865448,2092
00:11:28:877485,2029
00:11:28:889507,1860
00:11:28:901500,1825
00:11:28:913444,1964
00:11:28:925548,2095
00:11:28:937434,2037
00:11:28:949479,1890
00:11:28:961543,1828
00:11:28:973483,1956
00:11:28:985605,2074
00:11:28:996633,1987
00:11:29:008697,1845
00:11:29:020709,1862
00:11:29:032397,2028
00:11:29:044729,2077
00:11:29:056826,1939
00:11:29:068431,1830
00:11:29:080567,1911
00:11:29:092368,2069
00:11:29:104535,2034
00:11:29:116658,1890
00:11:29:128320,1835
00:11:29:140321,1982
00:11:29:151200,2083
00:11:29:163245,1988
00:11:29:175462,1839
00:11:29:187558,1868
00:11:29:199545,2031
00:11:29:211454,2069
00:11:29:223609,1935
00:11:29:235520,1830
00:11:29:247528,1915
00:11:29:259540,2070
00:11:29:271590,2032
00:11:29:283500,1887
00:11:29:295559,1835
00:11:29:307537,1986
00:11:29:319562,2082
00:11:29:330735,1985
00:11:29:342680,1838
00:11:29:354463,1872
00:11:29:366889,2034
00:11:29:378579,2066
00:11:29:390936,1932
00:11:29:402827,1830
00:11:29:414733,1934
00:11:29:426755,2072
00:11:29:438804,2030
00:11:29:450791,1885
00:11:29:462908,1838
00:11:29:474449,1990
00:11:29:486781,2086
00:11:29:497570,2027
00:11:29:509546,1868
00:11:29:521539,1835
00:11:29:533443,1984
00:11:29:545548,2059
00:11:29:557526,1942
00:11:29:569455,1833
00:11:29:581594,1929
00:11:29:593473,2060
00:11:29:605542,2008
00:11:29:617808,1855
00:11:29:629787,1864
00:11:29:641356,2024
00:11:29:653298,2062
00:11:29:664273,1922
00:11:29:676495,1841
00:11:29:688407,1966
00:11:29:700641,2069
00:11:29:712619,1982
00:11:29:724889,1851
00:11:29:736745,1895
00:11:29:748902,2051
00:11:29:760916,2042
00:11:29:772858,1896
00:11:29:784820,1850
00:11:29:796778,1985
00:11:29:808580,2071
00:11:29:820851,1956
00:11:29:831604,1844
00:11:29:843557,1923
00:11:29:855460,2067
00:11:29:867330,2025
00:11:29:879291,1875
00:11:29:891336,1874
00:11:29:903299,2018
00:11:29:915340,2066
00:11:29:927318,1937
00:11:29:939345,1843
00:11:29:951609,1957
00:11:29:963535,2071
00:11:29:975587,1995
00:11:29:987578,1852
00:11:29:998775,1887
00:11:30:010706,2038
00:11:30:022792,2065
00:11:30:034474,1937
00:11:30:046952,1845
00:11:30:058776,1961
00:11:30:070434,2059
00:11:30:082822,1965
00:11:30:094855,1853
00:11:30:106868,1927
00:11:30:118965,2060
00:11:30:130591,1992
00:11:30:142430,1867
00:11:30:153316,1905
00:11:30:165274,2042
00:11:30:177697,2025
00:11:30:189563,1885
00:11:30:201767,1883
00:11:30:213531,2028
00:11:30:225458,2041
00:11:30:237503,1911
00:11:30:249539,1863
00:11:30:261576,2007
00:11:30:273541,2064
00:11:30:285544,1936
00:11:30:297553,1857
00:11:30:309550,1971
00:11:30:320656,2066
00:11:30:332776,1961
00:11:30:344800,1857
00:11:30:356552,1945
00:11:30:368799,2064
00:11:30:380746,1996
00:11:30:392422,1863
00:11:30:404317,1908
00:11:30:416290,2055
00:11:30:428343,2021
00:11:30:440286,1888
00:11:30:452493,1892
00:11:30:464831,2036
00:11:30:476568,2044
00:11:30:488845,1903
00:11:30:499593,1875
00:11:30:511845,2005
00:11:30:523507,2069
00:11:30:535410,1949
00:11:30:547600,1860
00:11:30:559643,1967
00:11:30:571514,2055
00:11:30:583557,1954
00:11:30:595538,1863
00:11:30:607559,1965
00:11:30:619531,2058
00:11:30:631604,1948
00:11:30:643352,1864
00:11:30:655261,1971
00:11:30:666286,2057
00:11:30:678682,1955
00:11:30:690793,1864
00:11:30:702671,1977
00:11:30:714388,2057
00:11:30:726408,1947
00:11:30:738606,1864
00:11:30:750691,1969
00:11:30:762495,2057
00:11:30:774505,1939
00:11:30:786461,1863
00:11:30:798551,1976
00:11:30:810796,2057
00:11:30:822785,1946
00:11:30:833578,1863
00:11:30:845564,1983
00:11:30:857616,2057
00:11:30:869619,1939
00:11:30:881591,1863
00:11:30:893613,1976
00:11:30:905564,2056
00:11:30:917563,1946
00:11:30:929493,1863
00:11:30:941563,1983
00:11:30:953595,2056
00:11:30:965570,1939
00:11:30:977637,1864
00:11:30:989570,1976
00:11:31:001553,2058
00:11:31:012511,1970
00:11:31:024791,1853
00:11:31:036632,1924
00:11:31:048786,2035
00:11:31:060702,1959
00:11:31:072461,1865
00:11:31:084921,1974
00:11:31:096404,2047
00:11:31:108771,1934
00:11:31:120568,1878
00:11:31:132576,1995
00:11:31:144379,2036
00:11:31:156306,1916
00:11:31:168301,1889
00:11:31:179514,2026
00:11:31:191620,2023
00:11:31:203375,1892
00:11:31:215737,1911
00:11:31:227621,2035
00:11:31:239520,1996
00:11:31:251613,1878
00:11:31:263555,1930
00:11:31:275408,2047
00:11:31:287515,1965
00:11:31:299829,1873
00:11:31:311681,1965
00:11:31:323473,2049
00:11:31:335535,1943
00:11:31:346777,1873
00:11:31:358674,1985
00:11:31:370884,2042
00:11:31:382866,1913
00:11:31:394507,1889
00:11:31:406471,2014
00:11:31:418362,2021
00:11:31:430382,1898
00:11:31:442277,1903
00:11:31:454793,2034
00:11:31:466780,2032
00:11:31:478729,1905
00:11:31:490796,1870
00:11:31:502921,1994
00:11:31:514549,1994
00:11:31:525503,1877
00:11:31:537496,1916
00:11:31:549671,2035
00:11:31:561588,1957
00:11:31:573530,1878
00:11:31:585869,1982
00:11:31:597578,2035
00:11:31:609691,1918
00:11:31:621613,1896
00:11:31:633614,2028
00:11:31:645342,2000
00:11:31:657317,1884
00:11:31:669415,1941
00:11:31:681681,2038
00:11:31:692896,1950
00:11:31:704773,1879
00:11:31:716778,1989
00:11:31:728684,2031
00:11:31:740854,1911
00:11:31:752606,1903
00:11:31:764804,2031
00:11:31:776791,1995
00:11:31:788779,1883
00:11:31:800800,1952
00:11:31:812551,2039
00:11:31:824474,1940
00:11:31:836736,1881
00:11:31:848621,1994
00:11:31:859558,2026
00:11:31:871680,1896
00:11:31:883619,1907
00:11:31:895654,2034
00:11:31:907619,2008
00:11:31:919822,1890
00:11:31:931657,1930
00:11:31:943630,2029
00:11:31:955568,1940
00:11:31:967624,1884
00:11:31:979828,1995
00:11:31:991881,2008
00:11:32:003843,1889
00:11:32:015909,1931
00:11:32:027125,2033
00:11:32:038608,1936
00:11:32:050880,1886
00:11:32:063031,2002
00:11:32:074472,2000
00:11:32:086945,1891
00:11:32:098476,1936
00:11:32:110553,2033
00:11:32:122449,1941
00:11:32:134897,1887
00:11:32:146410,2009
00:11:32:158350,2005
00:11:32:170347,1888
00:11:32:182786,1933
00:11:32:194627,2033
00:11:32:205689,1933
00:11:32:217668,1886
00:11:32:229689,2005
00:11:32:241633,1997
00:11:32:253842,1890
00:11:32:265708,1938
00:11:32:277727,2033
00:11:32:289635,1937
00:11:32:301643,1888
00:11:32:313566,2012
00:11:32:325839,2028
00:11:32:337630,1902
00:11:32:349668,1896
00:11:32:361645,2006
00:11:32:372655,1955
00:11:32:384907,1880
00:11:32:396847,1982
00:11:32:408896,1997
00:11:32:420811,1887
00:11:32:432692,1935
00:11:32:444906,2025
00:11:32:456866,1929
00:11:32:468822,1901
00:11:32:480807,2021
00:11:32:492697,1978
00:11:32:504871,1889
00:11:32:516485,1989
00:11:32:528478,2020
00:11:32:539725,1899
00:11:32:551703,1940
00:11:32:563862,2029
00:11:32:575834,1934
00:11:32:587733,1903
00:11:32:599659,2016
00:11:32:611719,1984
00:11:32:623613,1893
00:11:32:635586,1980
00:11:32:647395,2023
00:11:32:659366,1910
00:11:32:671378,1933
00:11:32:683677,2032
00:11:32:695706,1950
00:11:32:707702,1897
00:11:32:719150,2016
00:11:32:730908,2012
00:11:32:742931,1898
00:11:32:754593,1902
00:11:32:766920,2003
00:11:32:778896,1932
00:11:32:790909,1891
00:11:32:803073,1998
00:11:32:815102,1968
00:11:32:826723,1890
00:11:32:838914,1984
00:11:32:850920,1993
00:11:32:862864,1893
00:11:32:874517,1958
00:11:32:885767,2021
00:11:32:897827,1907
00:11:32:909866,1932
00:11:32:921518,2026
00:11:32:933526,1929
00:11:32:945819,1908
00:11:32:957629,2023
00:11:32:969850,1969
00:11:32:981737,1898
00:11:32:993575,2003
00:11:33:005905,1991
00:11:33:017702,1897
00:11:33:029682,1984
00:11:33:041658,2019
00:11:33:053725,1904
00:11:33:064466,1953
00:11:33:076504,2027
00:11:33:088355,1924
00:11:33:100328,1928
00:11:33:112318,2027
00:11:33:124285,1972
00:11:33:136449,1887
00:11:33:148588,1980
00:11:33:160496,1984
00:11:33:172485,1896
00:11:33:184774,1976
00:11:33:196804,1997
00:11:33:208872,1899
00:11:33:220848,1964
00:11:33:231698,2012
00:11:33:243699,1904
00:11:33:255701,1954
00:11:33:267710,2022
00:11:33:279882,1918
00:11:33:291937,1941
00:11:33:303700,2024
00:11:33:315550,1930
00:11:33:327701,1932
00:11:33:339562,2025
00:11:33:351896,1937
00:11:33:363636,1922
00:11:33:375752,2024
00:11:33:387724,1954
00:11:33:398524,1910
00:11:33:421209,2021
00:11:33:422905,1966
00:11:33:434610,1905
00:11:33:446987,2007
00:11:33:458935,1980
00:11:33:470923,1904
00:11:33:483122,1997
00:11:33:494918,2014
00:11:33:506888,1898
00:11:33:518794,1923
00:11:33:530585,2001
00:11:33:542931,1907
00:11:33:554656,1934
00:11:33:565678,2012
00:11:33:577782,1913
00:11:33:589719,1939
00:11:33:601708,2018
00:11:33:613719,1915
00:11:33:625509,1944
00:11:33:637762,2019
00:11:33:649506,1916
00:11:33:661360,1948
00:11:33:673395,2020
00:11:33:685543,1917
00:11:33:697517,1951
00:11:33:709462,2021
00:11:33:721482,1923
00:11:33:732568,1953
00:11:33:744893,2021
00:11:33:756710,1923
00:11:33:768875,1955
00:11:33:780776,2021
00:11:33:792714,1922
00:11:33:804994,1955
00:11:33:816886,2021
00:11:33:828894,1921
00:11:33:840786,1957
00:11:33:852954,2024
00:11:33:864691,1940
00:11:33:876636,1900
00:11:33:888995,1999
00:11:33:899714,1933
00:11:33:911747,1922
00:11:33:923860,2010
00:11:33:935726,1930
00:11:33:947886,1939
00:11:33:959714,2016
00:11:33:971756,1924
00:11:33:983970,1958
00:11:33:995614,2017
00:11:34:007696,1918
00:11:34:019671,1971
00:11:34:031687,2011
00:11:34:043903,1913
00:11:34:055437,1988
00:11:34:066570,1998
00:11:34:078652,1912
00:11:34:090638,1998
00:11:34:102573,1988
00:11:34:114654,1912
00:11:34:126758,2007
00:11:34:138719,1977
00:11:34:150556,1914
00:11:34:162424,2014
00:11:34:174378,1964
00:11:34:186535,1920
00:11:34:206712,2021
00:11:34:210911,1972
00:11:34:222953,1906
00:11:34:233685,1998
00:11:34:245725,1944
00:11:34:257641,1928
00:11:34:269761,2011
00:11:34:281921,1928
00:11:34:293968,1957
00:11:34:305741,2013
00:11:34:317876,1918
00:11:34:329795,1982
00:11:34:341687,1996
00:11:34:353703,1914
00:11:34:365937,2002
00:11:34:377944,1974
00:11:34:389777,1917
00:11:34:400530,2013
00:11:34:412567,1951
00:11:34:424864,1935
00:11:34:436785,2017
00:11:34:448978,1930
00:11:34:460639,1960
00:11:34:472425,2014
00:11:34:484444,1918
00:11:34:496450,1987
00:11:34:508501,1994
00:11:34:520693,1914
00:11:34:532513,2004
00:11:34:544978,1996
00:11:34:556859,1898
00:11:34:568635,1967
00:11:34:579972,1969
00:11:34:591871,1905
00:11:34:603995,1999
00:11:34:615821,1948
00:11:34:627833,1935
00:11:34:639713,2010
00:11:34:651480,1923
00:11:34:663454,1971
00:11:34:675477,1998
00:11:34:687921,1917
00:11:34:699926,2003
00:11:34:711740,1961
00:11:34:723941,1927
00:11:34:735627,2012
00:11:34:746530,1932
00:11:34:758613,1960
00:11:34:770973,2004
00:11:34:782895,1919
00:11:34:794670,1993
00:11:34:806951,1972
00:11:34:818844,1920
00:11:34:830885,2011
00:11:34:842847,1936
00:11:34:854955,1945
00:11:34:866967,2013
00:11:34:878717,1937
00:11:34:890944,1902
00:11:34:902830,1991
00:11:34:913735,1909
00:11:34:925946,1956
00:11:34:937920,1986
00:11:34:949974,1914
00:11:34:961974,1999
00:11:34:974108,1948
00:11:34:985881,1934
00:11:34:997978,2007
00:11:35:009958,1919
00:11:35:021837,1977
00:11:35:033636,1973
00:11:35:045962,1919
00:11:35:057936,2004
00:11:35:069565,1932
00:11:35:080712,1958
00:11:35:092527,1999
00:11:35:104860,1914
00:11:35:116920,1996
00:11:35:128964,1962
00:11:35:140926,1927
00:11:35:152615,2004
00:11:35:164437,1921
00:11:35:176459,1968
00:11:35:188944,1996
00:11:35:200674,1911
00:11:35:212767,1984
00:11:35:224973,1956
00:11:35:236819,1924
00:11:35:248056,1996
00:11:35:259941,1914
00:11:35:271770,1976
00:11:35:283964,1960
00:11:35:295938,1918
00:11:35:307921,1998
00:11:35:319975,1917
00:11:35:331905,1966
00:11:35:343942,1971
00:11:35:355683,1918
00:11:35:367862,1999
00:11:35:379712,1925
00:11:35:391639,1959
00:11:35:403865,1987
00:11:35:414970,1917
00:11:35:426866,1999
00:11:35:438733,1934
00:11:35:450782,1958
00:11:35:462945,1995
00:11:35:474611,1916
00:11:35:486839,1999
00:11:35:499089,1962
00:11:35:511241,1932
00:11:35:522855,1996
00:11:35:534659,1919
00:11:35:546971,1990
00:11:35:558776,1946
00:11:35:570728,1937
00:11:35:582009,1994
00:11:35:593689,1919
00:11:35:605972,1993
00:11:35:617804,1939
00:11:35:629941,1945
00:11:35:641940,1993
00:11:35:653534,1919
00:11:35:665482,1995
00:11:35:677488,1935
00:11:35:689550,1960
00:11:35:701835,1990
00:11:35:713550,1920
00:11:35:725942,1997
00:11:35:737937,1932
00:11:35:748960,1965
00:11:35:760591,1972
00:11:35:772949,1920
00:11:35:784865,2001
00:11:35:796945,1931
00:11:35:808938,1953
00:11:35:820929,1979
00:11:35:832785,1924
00:11:35:844823,1995
00:11:35:856961,1922
00:11:35:868757,1981
00:11:35:880757,1959
00:11:35:892802,1937
00:11:35:904962,1993
00:11:35:915643,1922
00:11:35:927756,1994
00:11:35:939962,1932
00:11:35:951794,1960
00:11:35:964037,1973
00:11:35:976073,1923
00:11:35:987636,1995
00:11:35:999611,1922
00:11:36:011574,1978
00:11:36:024020,1956
00:11:36:035750,1943
00:11:36:047915,1994
00:11:36:059928,1922
00:11:36:071699,1996
00:11:36:083950,1949
00:11:36:094843,1944
00:11:36:106963,1987
00:11:36:118865,1923
00:11:36:130838,1994
00:11:36:142848,1922
00:11:36:154648,1980
00:11:36:166524,1945
00:11:36:178472,1956
00:11:36:190973,1983
00:11:36:202833,1923
00:11:36:214821,1993
00:11:36:227223,1922
00:11:36:238915,1985
00:11:36:250854,1949
00:11:36:262005,1953
00:11:36:273660,1975
00:11:36:285661,1922
00:11:36:297865,1993
00:11:36:309816,1920
00:11:36:321697,1981
00:11:36:333688,1941
00:11:36:345820,1957
00:11:36:357869,1992
00:11:36:369990,1903
00:11:36:381795,1952
00:11:36:393576,1932
00:11:36:405938,1940
00:11:36:417973,1958
00:11:36:428974,1917
00:11:36:440964,1983
00:11:36:452962,1914
00:11:36:464947,1985
00:11:36:476888,1922
00:11:36:488828,1963
00:11:36:500961,1944
00:11:36:512813,1944
00:11:36:525198,1978
00:11:36:536978,1921
00:11:36:548879,1988
00:11:36:560638,1919
00:11:36:572714,1986
00:11:36:584997,1928
00:11:36:596903,1962
00:11:36:607990,1953
00:11:36:619980,1940
00:11:36:631809,1989
00:11:36:643953,1903
00:11:36:655554,1959
00:11:36:667488,1932
00:11:36:679527,1948
00:11:36:691887,1959
00:11:36:704033,1928
00:11:36:715710,1975
00:11:36:728008,1917
00:11:36:739970,1984
00:11:36:751909,1918
00:11:36:764010,1982
00:11:36:774981,1928
00:11:36:787093,1970
00:11:36:798975,1942
00:11:36:810932,1953
00:11:36:822951,1959
00:11:36:834640,1929
00:11:36:846634,1983
00:11:36:859022,1923
00:11:36:870893,1988
00:11:36:882677,1921
00:11:36:894861,1986
00:11:36:906977,1956
00:11:36:918718,1904
00:11:36:931052,1966
00:11:36:941980,1912
00:11:36:953721,1975
00:11:36:965998,1914
00:11:36:977809,1976
00:11:36:990013,1921
00:11:37:002015,1966
00:11:37:013965,1934
00:11:37:025930,1961
00:11:37:038022,1948
00:11:37:050120,1946
00:11:37:062033,1958
00:11:37:073605,1930
00:11:37:085898,1977
00:11:37:097711,1926
00:11:37:109663,1984
00:11:37:120643,1922
00:11:37:132741,1985
00:11:37:145017,1924
00:11:37:156512,1982
00:11:37:168555,1937
00:11:37:180501,1909
00:11:37:192779,1961
00:11:37:205041,1920
00:11:37:217252,1972
00:11:37:228840,1917
00:11:37:240704,1976
00:11:37:252751,1919
00:11:37:265258,1978
00:11:37:276946,1920
00:11:37:288020,1979
00:11:37:300018,1922
00:11:37:311882,1973
00:11:37:324037,1929
00:11:37:335872,1970
00:11:37:348058,1935
00:11:37:359608,1963
00:11:37:371627,1937
00:11:37:383873,1956
00:11:37:395676,1949
00:11:37:408023,1941
00:11:37:419813,1967
00:11:37:431595,1773
00:11:37:443538,1440
00:11:37:454521,1063
00:11:37:466603,580
00:11:37:478758,43
00:11:37:490686,14
00:11:37:502747,0
00:11:37:514556,0
00:11:37:526631,0
00:11:37:538516,0
00:11:37:550478,0
00:11:37:562543,0
00:11:37:574862,0
00:11:37:587020,0
00:11:37:598783,0
00:11:37:610727,0
00:11:37:622979,0
00:11:37:633713,0
00:11:37:645910,0
00:11:37:657678,0
00:11:37:669580,0
00:11:37:681529,0
00:11:37:693749,0
00:11:37:705823,0
00:11:37:717700,0
00:11:37:730272,0
00:11:37:741825,1
00:11:37:753921,0
00:11:37:766163,1
00:11:37:778088,0
00:11:37:789830,0
00:11:37:801078,0
00:11:37:813270,0
00:11:37:824719,0
00:11:37:836810,0
00:11:37:849157,0
00:11:37:860887,0
00:11:37:872761,0
00:11:37:884900,0
00:11:37:897069,0
00:11:37:908841,0
00:11:37:920788,0
00:11:37:933294,0
00:11:37:945107,0
00:11:37:957191,0
00:11:37:968350,0
00:11:37:980427,0
00:11:37:991747,0
00:11:38:004075,0
00:11:38:016322,0
00:11:38:028167,0
00:11:38:039808,0
00:11:38:052167,0
00:11:38:063820,0
00:11:38:075801,0
00:11:38:087835,0
00:11:38:100300,0
00:11:38:112345,0
00:11:38:123994,0
00:11:38:135191,0
00:11:38:146795,0
00:11:38:158726,0
00:11:38:170607,0
00:11:38:182576,0
00:11:38:194736,0
00:11:38:206890,0
00:11:38:219352,0
00:11:38:231142,0
00:11:38:242748,0
00:11:38:254808,0
00:11:38:267293,0
00:11:38:279109,0
00:11:38:290927,0
00:11:38:302339,0
00:11:38:313794,1
00:11:38:325856,1
00:11:38:337871,1
00:11:38:350291,0
00:11:38:362338,0
00:11:38:374010,0
00:11:38:385959,0
00:11:38:397979,0
00:11:38:410322,0
00:11:38:422305,0
00:11:38:433857,0
00:11:38:445919,0
00:11:38:458319,0
00:11:38:469297,0
00:11:38:480775,0
00:11:38:492900,0
00:11:38:505123,0
00:11:38:516792,0
00:11:38:528628,0
00:11:38:540592,0
00:11:38:552596,0
00:11:38:564620,1
00:11:38:576563,0
00:11:38:589056,0
00:11:38:601337,0
00:11:38:613348,0
00:11:38:625276,0
00:11:38:636859,0
00:11:38:647941,0
00:11:38:659715,0
00:11:38:671619,0
00:11:38:683598,0
00:11:38:696309,0
00:11:38:708439,0
00:11:38:720286,0
00:11:38:732328,0
00:11:38:744201,0
00:11:38:755791,0
00:11:38:768331,1
00:11:38:780338,0
00:11:38:792171,0
00:11:38:804334,0
00:11:38:815338,0
00:11:38:826921,0
00:11:38:839060,1
00:11:38:851338,0
00:11:38:863311,0
00:11:38:874834,0
00:11:38:886933,0
00:11:38:899311,0
00:11:38:911055,0
00:11:38:923089,0
00:11:38:935375,0
00:11:38:946833,1
00:11:38:958876,0
00:11:38:970924,0
00:11:38:982364,0
00:11:38:993735,0
00:11:39:006025,0
00:11:39:018317,0
00:11:39:029824,0
00:11:39:042151,0
00:11:39:053956,0
00:11:39:065826,0
00:11:39:077917,0
00:11:39:089771,0
00:11:39:102064,0
00:11:39:113826,0
00:11:39:125880,0
00:11:39:137176,1
00:11:39:149242,0
00:11:39:160649,0
00:11:39:172573,0
00:11:39:184629,0
00:11:39:196954,0
00:11:39:209330,0
00:11:39:221339,0
00:11:39:232906,0
00:11:39:245218,0
00:11:39:257112,0
00:11:39:269339,1
00:11:39:281338,0
00:11:39:293179,0
00:11:39:304181,0
00:11:39:315851,0
00:11:39:328062,0
00:11:39:339967,0
00:11:39:352240,0
00:11:39:364325,0
00:11:39:376333,0
00:11:39:388354,0
00:11:39:400085,1
00:11:39:412317,0
00:11:39:424193,0
00:11:39:435871,0
00:11:39:448261,0
00:11:39:460335,0
00:11:39:471340,0
00:11:39:483163,0
00:11:39:495311,0
00:11:39:507111,0
00:11:39:519116,0
00:11:39:530941,0
00:11:39:543402,0
00:11:39:554943,0
00:11:39:566933,0
00:11:39:579333,0
00:11:39:591442,0
00:11:39:603090,0
00:11:39:615322,1
00:11:39:627199,0
00:11:39:638109,0
00:11:39:650492,0
00:11:39:661710,0
00:11:39:673693,1
00:11:39:685610,0
00:11:39:698014,0
00:11:39:710335,1
00:11:39:722322,0
00:11:39:734372,0
00:11:39:746346,0
00:11:39:757679,0
00:11:39:769816,0
00:11:39:782062,1
00:11:39:793980,0
00:11:39:805386,0
00:11:39:817308,0
00:11:39:829100,0
00:11:39:841211,0
00:11:39:853226,0
00:11:39:865337,0
00:11:39:876872,0
00:11:39:888929,0
00:11:39:901136,0
00:11:39:912894,0
00:11:39:924885,0
00:11:39:936675,0
00:11:39:948678,0
00:11:39:959591,0
00:11:39:971705,1
00:11:39:983714,0
00:11:39:995760,1
00:11:40:007720,0
00:11:40:020362,0
00:11:40:031969,0
00:11:40:044128,0
00:11:40:056177,0
00:11:40:067814,0
00:11:40:079735,0
00:11:40:092052,1
00:11:40:104210,0
00:11:40:115818,0
00:11:40:127364,0
00:11:40:139345,0
00:11:40:151358,0
00:11:40:162757,0
00:11:40:174702,0
00:11:40:186711,0
00:11:40:198981,0
00:11:40:211334,0
00:11:40:223317,0
00:11:40:234841,0
00:11:40:247110,0
00:11:40:259338,0
00:11:40:271380,0
00:11:40:282386,1
00:11:40:294344,0
00:11:40:306217,0
00:11:40:318130,0
00:11:40:330365,0
00:11:40:342364,0
00:11:40:353953,0
00:11:40:366308,0
00:11:40:378395,0
00:11:40:390397,0
00:11:40:402399,0
00:11:40:414198,0
00:11:40:426261,0
00:11:40:437754,0
00:11:40:449333,0
00:11:40:461049,0
00:11:40:472968,0
00:11:40:485180,0
00:11:40:497375,0
00:11:40:509353,0
00:11:40:520965,0
00:11:40:532833,0
00:11:40:545349,0
00:11:40:556793,0
00:11:40:568822,0
00:11:40:581312,0
00:11:40:593138,0
00:11:40:605280,0
00:11:40:616356,0
00:11:40:627974,0
00:11:40:639973,0
00:11:40:652222,0
00:11:40:663807,0
00:11:40:675676,0
00:11:40:687665,0
00:11:40:700096,0
00:11:40:712237,0
00:11:40:724316,0
00:11:40:736402,0
00:11:40:748396,0
00:11:40:760142,0
00:11:40:771377,0
00:11:40:783464,0
00:11:40:794969,0
00:11:40:807193,0
00:11:40:819456,0
00:11:40:831511,0
00:11:40:843273,0
00:11:40:855405,0
00:11:40:867235,0
00:11:40:879042,0
00:11:40:891237,0
00:11:40:903384,0
00:11:40:914978,0
00:11:40:926384,0
00:11:40:938434,0
00:11:40:950464,0
00:11:40:962527,0
00:11:40:974011,0
00:11:40:986281,0
00:11:40:998185,0
00:11:41:010082,0
00:11:41:022388,0
00:11:41:033779,0
00:11:41:046376,0
00:11:41:058467,0
00:11:41:069931,0
00:11:41:081935,0
00:11:41:093430,0
00:11:41:105324,0
00:11:41:117185,0
00:11:41:129231,0
00:11:41:141479,0
00:11:41:153166,0
00:11:41:164738,0
00:11:41:176692,0
00:11:41:188672,0
00:11:41:201069,0
00:11:41:213212,0
00:11:41:225430,0
00:11:41:236871,0
00:11:41:248449,0
00:11:41:260445,0
00:11:41:272436,0
00:11:41:284225,0
00:11:41:296411,0
00:11:41:308472,0
00:11:41:319901,0
00:11:41:331886,0
00:11:41:344278,0
00:11:41:355929,0
00:11:41:368059,0
00:11:41:379849,0
00:11:41:391893,0
00:11:41:404081,0
00:11:41:415383,0
00:11:41:427272,0
00:11:41:438905,0
00:11:41:451288,0
00:11:41:463425,0
00:11:41:474930,0
00:11:41:487179,0
00:11:41:499290,0
00:11:41:511456,0
00:11:41:523052,1
00:11:41:535129,0
00:11:41:547252,1
00:11:41:559118,0
00:11:41:570832,0
00:11:41:582486,0
00:11:41:594017,0
00:11:41:606247,0
00:11:41:618494,0
00:11:41:630431,0
00:11:41:642415,0
00:11:41:654211,0
00:11:41:665849,0
00:11:41:677745,0
00:11:41:689704,0
00:11:41:702017,0
00:11:41:714022,0
00:11:41:726259,1
00:11:41:738423,0
00:11:41:749521,0
00:11:41:761255,0
00:11:41:773525,0
00:11:41:785429,0
00:11:41:797180,0
00:11:41:809441,0
00:11:41:821426,0
00:11:41:833020,0
00:11:41:845296,0
00:11:41:857436,0
00:11:41:869232,0
00:11:41:880895,0
00:11:41:893065,0
00:11:41:905025,0
00:11:41:915975,0
00:11:41:928423,1
00:11:41:940288,0
