00:25:23:463428,92
00:25:23:473069,92
00:25:23:484846,93
00:25:23:496864,93
00:25:23:508907,92
00:25:23:519802,93
00:25:23:531822,94
00:25:23:543868,94
00:25:23:555717,94
00:25:23:567730,95
00:25:23:579875,95
00:25:23:591795,95
00:25:23:603719,95
00:25:23:615885,97
00:25:23:627918,104
00:25:23:639857,108
00:25:23:652332,128
00:25:23:663958,152
00:25:23:675898,157
00:25:23:687896,163
00:25:23:699930,167
00:25:23:712105,170
00:25:23:723051,168
00:25:23:735391,167
00:25:23:747381,183
00:25:23:759315,185
00:25:23:771467,168
00:25:23:783096,149
00:25:23:795274,135
00:25:23:807176,122
00:25:23:819186,113
00:25:23:831004,135
00:25:23:843339,180
00:25:23:855326,97
00:25:23:867252,103
00:25:23:879514,114
00:25:23:891366,127
00:25:23:903139,145
00:25:23:914272,159
00:25:23:926196,171
00:25:23:938186,180
00:25:23:950080,187
00:25:23:962069,187
00:25:23:974261,182
00:25:23:986098,190
00:25:23:998049,211
00:25:24:009923,204
00:25:24:021898,188
00:25:24:033813,168
00:25:24:046112,145
00:25:24:058049,128
00:25:24:069983,113
00:25:24:082080,188
00:25:24:094149,143
00:25:24:106487,86
00:25:24:117015,106
00:25:24:128965,122
00:25:24:140925,140
00:25:24:152966,154
00:25:24:164889,167
00:25:24:176884,178
00:25:24:189336,185
00:25:24:201351,186
00:25:24:212970,183
00:25:24:225122,188
00:25:24:237162,211
00:25:24:248999,208
00:25:24:261291,192
00:25:24:273307,172
00:25:24:285000,151
00:25:24:297360,132
00:25:24:308394,118
00:25:24:320477,109
00:25:24:332182,160
00:25:24:344001,179
00:25:24:356379,87
00:25:24:368185,101
00:25:24:380205,116
00:25:24:392246,133
00:25:24:404377,148
00:25:24:416359,163
00:25:24:428217,175
00:25:24:440381,182
00:25:24:452361,184
00:25:24:464411,182
00:25:24:476235,183
00:25:24:488227,205
00:25:24:499060,210
00:25:24:510926,195
00:25:24:522881,173
00:25:24:535079,153
00:25:24:548196,133
00:25:24:559383,120
00:25:24:571063,110
00:25:24:583629,137
00:25:24:595190,197
00:25:24:607192,100
00:25:24:619357,97
00:25:24:631335,114
00:25:24:643256,130
00:25:24:655152,145
00:25:24:666915,159
00:25:24:678899,171
00:25:24:689962,179
00:25:24:701893,182
00:25:24:713894,181
00:25:24:726240,182
00:25:24:738407,202
00:25:24:750392,211
00:25:24:762406,197
00:25:24:774341,177
00:25:24:786241,156
00:25:24:798068,136
00:25:24:810031,122
00:25:24:821958,111
00:25:24:833946,119
00:25:24:846231,194
00:25:24:858401,126
00:25:24:869985,91
00:25:24:882112,110
00:25:24:893037,125
00:25:24:905412,140
00:25:24:917142,155
00:25:24:929278,168
00:25:24:941615,175
00:25:24:953674,179
00:25:24:965013,181
00:25:24:977173,180
00:25:24:989054,195
00:25:25:000949,210
00:25:25:012914,198
00:25:25:024912,180
00:25:25:037112,159
00:25:25:049394,139
00:25:25:061322,122
00:25:25:073271,110
00:25:25:084267,111
00:25:25:096276,180
00:25:25:108470,150
00:25:25:121613,88
00:25:25:132374,107
00:25:25:144249,122
00:25:25:156382,136
00:25:25:168433,151
00:25:25:180308,164
00:25:25:192441,172
00:25:25:204257,177
00:25:25:216463,179
00:25:25:228525,177
00:25:25:240199,188
00:25:25:252285,209
00:25:25:264010,181
00:25:25:276174,161
00:25:25:287064,141
00:25:25:299016,124
00:25:25:311113,111
00:25:25:323318,108
00:25:25:335118,161
00:25:25:346990,174
00:25:25:358970,91
00:25:25:371044,104
00:25:25:383019,120
00:25:25:395222,133
00:25:25:406985,147
00:25:25:419381,160
00:25:25:431109,170
00:25:25:443317,175
00:25:25:455268,176
00:25:25:467246,176
00:25:25:479251,183
00:25:25:490170,205
00:25:25:502169,202
00:25:25:513965,183
00:25:25:525937,163
00:25:25:538323,143
00:25:25:550313,125
00:25:25:562231,112
00:25:25:574334,107
00:25:25:586438,141
00:25:25:598353,190
00:25:25:610473,98
00:25:25:622503,100
00:25:25:634226,118
00:25:25:646297,132
00:25:25:658389,144
00:25:25:670287,155
00:25:25:681438,166
00:25:25:693267,172
00:25:25:705356,175
00:25:25:717293,174
00:25:25:729287,177
00:25:25:741338,200
00:25:25:753090,203
00:25:25:765481,186
00:25:25:777392,165
00:25:25:789389,144
00:25:25:801431,125
00:25:25:813429,112
00:25:25:825354,105
00:25:25:837254,126
00:25:25:849356,193
00:25:25:861330,114
00:25:25:872217,96
00:25:25:884292,114
00:25:25:896335,128
00:25:25:908529,141
00:25:25:920152,152
00:25:25:932295,163
00:25:25:944488,170
00:25:25:956524,173
00:25:25:968308,172
00:25:25:980133,174
00:25:25:992042,195
00:25:26:003989,205
00:25:26:016020,186
00:25:26:028080,163
00:25:26:040121,143
00:25:26:052218,128
00:25:26:063272,121
00:25:26:075177,123
00:25:26:087136,137
00:25:26:099176,153
00:25:26:111230,148
00:25:26:123356,141
00:25:26:135302,147
00:25:26:147488,157
00:25:26:159366,162
00:25:26:171244,160
00:25:26:183340,153
00:25:26:195134,151
00:25:26:207388,168
00:25:26:219348,172
00:25:26:231328,154
00:25:26:243740,132
00:25:26:255746,118
00:25:26:266737,113
00:25:26:278121,119
00:25:26:290361,139
00:25:26:302751,164
00:25:26:314245,141
00:25:26:326492,131
00:25:26:338483,143
00:25:26:350162,153
00:25:26:362183,158
00:25:26:374089,156
00:25:26:386077,149
00:25:26:398149,146
00:25:26:410083,163
00:25:26:422078,167
00:25:26:434372,150
00:25:26:446160,115
00:25:26:458325,111
00:25:26:469230,119
00:25:26:481161,157
00:25:26:493775,169
00:25:26:505116,121
00:25:26:517055,130
00:25:26:529035,146
00:25:26:541315,155
00:25:26:553515,159
00:25:26:565620,157
00:25:26:577675,149
00:25:26:589377,147
00:25:26:601541,165
00:25:26:613495,165
00:25:26:625236,146
00:25:26:637096,127
00:25:26:662112,115
00:25:26:664355,110
00:25:26:672531,120
00:25:26:684498,163
00:25:26:696581,163
00:25:26:708525,119
00:25:26:720588,132
00:25:26:732576,146
00:25:26:744236,156
00:25:26:756538,160
00:25:26:768550,155
00:25:26:780336,148
00:25:26:792499,148
00:25:26:804396,166
00:25:26:816490,164
00:25:26:828527,144
00:25:26:840876,125
00:25:26:852627,113
00:25:26:864451,110
00:25:26:875315,123
00:25:26:887338,170
00:25:26:899353,156
00:25:26:911376,118
00:25:26:923371,132
00:25:26:935346,146
00:25:26:947344,156
00:25:26:959338,160
00:25:26:971321,155
00:25:26:983300,147
00:25:26:995482,148
00:25:27:007183,166
00:25:27:019416,162
00:25:27:031436,142
00:25:27:043480,123
00:25:27:055701,112
00:25:27:067486,110
00:25:27:078539,125
00:25:27:090559,175
00:25:27:102166,150
00:25:27:114170,117
00:25:27:126126,134
00:25:27:138230,148
00:25:27:150045,157
00:25:27:162315,159
00:25:27:174085,154
00:25:27:186660,146
00:25:27:198421,148
00:25:27:210444,167
00:25:27:222395,161
00:25:27:234426,140
00:25:27:246867,122
00:25:27:257267,112
00:25:27:269589,111
00:25:27:281253,128
00:25:27:293582,176
00:25:27:305540,146
00:25:27:317409,118
00:25:27:330822,134
00:25:27:341395,147
00:25:27:353350,157
00:25:27:365626,158
00:25:27:377612,153
00:25:27:389894,145
00:25:27:401716,149
00:25:27:413761,168
00:25:27:425755,159
00:25:27:437733,138
00:25:27:449727,120
00:25:27:460570,110
00:25:27:472277,110
00:25:27:484212,132
00:25:27:496174,182
00:25:27:508109,136
00:25:27:520089,118
00:25:27:532069,136
00:25:27:544536,149
00:25:27:556893,157
00:25:27:568547,158
00:25:27:580957,152
00:25:27:592837,144
00:25:27:604793,150
00:25:27:616565,157
00:25:27:628965,136
00:25:27:640702,119
00:25:27:651818,110
00:25:27:663545,112
00:25:27:675512,135
00:25:27:687418,181
00:25:27:699339,133
00:25:27:711363,120
00:25:27:723538,137
00:25:27:735623,149
00:25:27:747759,157
00:25:27:759795,157
00:25:27:771773,151
00:25:27:783741,143
00:25:27:795877,151
00:25:27:807855,167
00:25:27:819562,155
00:25:27:831763,134
00:25:27:843752,118
00:25:27:854364,109
00:25:27:866269,111
00:25:27:878794,140
00:25:27:890764,183
00:25:27:902854,127
00:25:27:914872,120
00:25:27:926967,138
00:25:27:938716,150
00:25:27:950865,157
00:25:27:962897,156
00:25:27:974708,148
00:25:27:986600,142
00:25:27:998674,156
00:25:28:010526,174
00:25:28:022436,156
00:25:28:034519,133
00:25:28:046869,119
00:25:28:057368,118
00:25:28:069589,130
00:25:28:081874,152
00:25:28:093790,163
00:25:28:105846,153
00:25:28:117788,152
00:25:28:129916,157
00:25:28:141811,154
00:25:28:153745,140
00:25:28:166239,127
00:25:28:177554,131
00:25:28:189613,141
00:25:28:201675,129
00:25:28:213640,116
00:25:28:225724,113
00:25:28:237675,123
00:25:28:248906,149
00:25:28:260521,163
00:25:28:272595,152
00:25:28:284492,149
00:25:28:296426,152
00:25:28:308408,150
00:25:28:320924,138
00:25:28:332963,124
00:25:28:344515,125
00:25:28:356512,137
00:25:28:368623,128
00:25:28:380589,115
00:25:28:392589,110
00:25:28:404655,121
00:25:28:416632,146
00:25:28:427632,162
00:25:28:439693,152
00:25:28:452059,147
00:25:28:484218,151
00:25:28:486987,150
00:25:28:489217,138
00:25:28:499558,123
00:25:28:511512,121
00:25:28:523449,135
00:25:28:535546,128
00:25:28:547834,114
00:25:28:559831,109
00:25:28:571544,118
00:25:28:583938,144
00:25:28:594744,162
00:25:28:606967,151
00:25:28:618675,146
00:25:28:630852,149
00:25:28:642860,149
00:25:28:654692,140
00:25:28:667384,123
00:25:28:678755,118
00:25:28:690864,131
00:25:28:703279,128
00:25:28:714629,114
00:25:28:726557,107
00:25:28:738493,116
00:25:28:750467,141
00:25:28:762494,161
00:25:28:773546,152
00:25:28:785581,149
00:25:28:797653,149
00:25:28:809785,140
00:25:28:821813,124
00:25:28:834154,115
00:25:28:846236,128
00:25:28:858142,127
00:25:28:869803,114
00:25:28:882265,106
00:25:28:894124,114
00:25:28:905976,139
00:25:28:918010,162
00:25:28:930366,153
00:25:28:941380,143
00:25:28:952993,147
00:25:28:965013,148
00:25:28:976716,141
00:25:28:989225,124
00:25:29:000995,114
00:25:29:012596,126
00:25:29:024483,127
00:25:29:036471,115
00:25:29:048958,106
00:25:29:060697,112
00:25:29:072691,136
00:25:29:085480,170
00:25:29:096748,156
00:25:29:108984,138
00:25:29:120377,147
00:25:29:132356,150
00:25:29:144395,143
00:25:29:155802,128
00:25:29:167894,117
00:25:29:179736,127
00:25:29:191803,131
00:25:29:203755,118
00:25:29:215707,108
00:25:29:227819,111
00:25:29:239698,132
00:25:29:251793,160
00:25:29:264639,158
00:25:29:275936,144
00:25:29:287371,147
00:25:29:299313,149
00:25:29:311375,142
00:25:29:323373,128
00:25:29:335315,116
00:25:29:346927,124
00:25:29:358761,129
00:25:29:370626,117
00:25:29:382642,107
00:25:29:395026,110
00:25:29:406935,130
00:25:29:418821,170
00:25:29:430785,163
00:25:29:442652,135
00:25:29:454178,145
00:25:29:467142,150
00:25:29:478098,146
00:25:29:490181,132
00:25:29:502628,118
00:25:29:514172,127
00:25:29:526144,134
00:25:29:537573,120
00:25:29:549741,109
00:25:29:561957,109
00:25:29:573521,127
00:25:29:585646,155
00:25:29:597982,162
00:25:29:609612,145
00:25:29:621730,146
00:25:29:633398,150
00:25:29:645577,145
00:25:29:657304,132
00:25:29:669659,118
00:25:29:681328,127
00:25:29:693490,135
00:25:29:705486,121
00:25:29:717374,111
00:25:29:729237,115
00:25:29:741002,138
00:25:29:753008,166
00:25:29:765055,167
00:25:29:776990,158
00:25:29:788868,155
00:25:29:801593,145
00:25:29:813433,123
00:25:29:824403,104
00:25:29:836471,112
00:25:29:848244,115
00:25:29:860259,108
00:25:29:872203,113
00:25:29:884347,135
00:25:29:896381,164
00:25:29:908595,167
00:25:29:920387,158
00:25:29:932394,156
00:25:29:943793,146
00:25:29:955907,125
00:25:29:968291,109
00:25:29:979637,115
00:25:29:992524,109
00:25:30:004734,112
00:25:30:015205,132
00:25:30:027167,163
00:25:30:039429,168
00:25:30:051461,157
00:25:30:063431,155
00:25:30:075401,147
00:25:30:087386,125
00:25:30:099371,103
00:25:30:111385,107
00:25:30:123442,114
00:25:30:135518,108
00:25:30:147649,110
00:25:30:159638,130
00:25:30:171564,161
00:25:30:184698,168
00:25:30:195621,157
00:25:30:207376,155
00:25:30:219647,147
00:25:30:230605,128
00:25:30:242388,105
00:25:30:254630,106
00:25:30:266668,115
00:25:30:278651,108
00:25:30:290313,109
00:25:30:302628,127
00:25:30:314668,159
00:25:30:326440,170
00:25:30:338756,158
00:25:30:350664,155
00:25:30:362693,148
00:25:30:374699,130
00:25:30:386688,106
00:25:30:398683,104
00:25:30:410466,114
00:25:30:421404,108
00:25:30:433397,108
00:25:30:445484,125
00:25:30:457373,156
00:25:30:469444,170
00:25:30:481381,158
00:25:30:494330,154
00:25:30:505672,150
00:25:30:517225,132
00:25:30:529182,108
00:25:30:541389,102
00:25:30:553631,115
00:25:30:565376,109
00:25:30:577522,108
00:25:30:589278,123
00:25:30:601604,153
00:25:30:613597,170
00:25:30:624542,159
00:25:30:636397,155
00:25:30:648287,150
00:25:30:660648,134
00:25:30:672714,110
00:25:30:684688,102
00:25:30:696564,115
00:25:30:708699,110
00:25:30:720893,107
00:25:30:732458,120
00:25:30:744648,150
00:25:30:756999,170
00:25:30:768357,160
00:25:30:780718,155
00:25:30:792586,151
00:25:30:805614,136
00:25:30:815370,112
00:25:30:827539,102
00:25:30:839661,115
00:25:30:851405,111
00:25:30:863766,107
00:25:30:875651,118
00:25:30:887428,148
00:25:30:899648,171
00:25:30:911652,162
00:25:30:923615,155
00:25:30:935694,152
00:25:30:947613,138
00:25:30:959605,114
00:25:30:971193,101
00:25:30:983643,114
00:25:30:995521,111
00:25:31:007281,107
00:25:31:018215,117
00:25:31:030108,144
00:25:31:042559,169
00:25:31:054578,162
00:25:31:066462,155
00:25:31:079220,152
00:25:31:090318,139
00:25:31:102730,116
00:25:31:114735,106
00:25:31:126468,120
00:25:31:138692,108
00:25:31:150946,122
00:25:31:162999,153
00:25:31:174709,176
00:25:31:186735,171
00:25:31:198693,163
00:25:31:209345,147
00:25:31:221507,118
00:25:31:233652,93
00:25:31:245724,98
00:25:31:257446,104
00:25:31:269613,110
00:25:31:281372,132
00:25:31:293333,166
00:25:31:305268,177
00:25:31:317594,166
00:25:31:329325,157
00:25:31:341290,135
00:25:31:353184,104
00:25:31:365528,92
00:25:31:377298,103
00:25:31:389490,105
00:25:31:401410,117
00:25:31:412810,146
00:25:31:424728,175
00:25:31:436694,172
00:25:31:448365,163
00:25:31:460437,150
00:25:31:472758,123
00:25:31:484802,94
00:25:31:496741,96
00:25:31:508656,103
00:25:31:520281,106
00:25:31:532206,127
00:25:31:544332,161
00:25:31:556718,177
00:25:31:568418,168
00:25:31:580766,158
00:25:31:592809,138
00:25:31:604775,107
00:25:31:615641,90
00:25:31:627582,100
00:25:31:639684,103
00:25:31:651626,113
00:25:31:663611,141
00:25:31:675704,172
00:25:31:687385,173
00:25:31:699555,164
00:25:31:711653,152
00:25:31:723615,127
00:25:31:735474,97
00:25:31:747649,93
00:25:31:759679,102
00:25:31:771505,105
00:25:31:783716,123
00:25:31:795572,155
00:25:31:807370,175
00:25:31:818760,167
00:25:31:830822,160
00:25:31:843032,144
00:25:31:854679,113
00:25:31:867000,90
00:25:31:879017,99
00:25:31:890290,103
00:25:31:902747,110
00:25:31:915011,135
00:25:31:927536,168
00:25:31:938764,174
00:25:31:950763,165
00:25:31:963014,155
00:25:31:974664,131
00:25:31:986784,100
00:25:31:998749,93
00:25:32:009376,104
00:25:32:021285,104
00:25:32:033234,119
00:25:32:045213,151
00:25:32:057590,177
00:25:32:069353,170
00:25:32:081702,162
00:25:32:093600,146
00:25:32:105910,118
00:25:32:131641,91
00:25:32:153950,97
00:25:32:174748,103
00:25:32:177225,108
00:25:32:198047,130
00:25:32:198705,164
00:25:32:199156,176
00:25:32:201597,165
00:25:32:212745,157
00:25:32:224753,135
00:25:32:236710,103
00:25:32:248440,89
00:25:32:260814,101
00:25:32:272745,103
00:25:32:284858,115
00:25:32:296757,145
00:25:32:308853,171
00:25:32:320769,162
00:25:32:332908,150
00:25:32:344781,123
00:25:32:356997,96
00:25:32:368538,99
00:25:32:380849,105
00:25:32:392850,109
00:25:32:404748,136
00:25:32:415335,173
00:25:32:427637,184
00:25:32:439639,173
00:25:32:451385,151
00:25:32:463630,114
00:25:32:475725,84
00:25:32:487477,88
00:25:32:499864,99
00:25:32:511513,120
00:25:32:523302,158
00:25:32:535256,184
00:25:32:547383,178
00:25:32:559425,162
00:25:32:571334,130
00:25:32:583733,91
00:25:32:595633,83
00:25:32:607572,96
00:25:32:619007,110
00:25:32:631122,141
00:25:32:643031,177
00:25:32:654690,181
00:25:32:667042,169
00:25:32:679080,145
00:25:32:690387,106
00:25:32:702829,81
00:25:32:714786,91
00:25:32:726599,102
00:25:32:738746,127
00:25:32:750819,165
00:25:32:762787,184
00:25:32:774809,175
00:25:32:787080,156
00:25:32:798350,121
00:25:32:810256,86
00:25:32:821251,85
00:25:32:833314,97
00:25:32:845243,114
00:25:32:857442,150
00:25:32:869642,182
00:25:32:881612,179
00:25:32:893354,165
00:25:32:905624,138
00:25:32:917593,97
00:25:32:929381,82
00:25:32:941586,94
00:25:32:953614,106
00:25:32:965631,134
00:25:32:977619,172
00:25:32:989397,183
00:25:33:001631,172
00:25:33:013414,151
00:25:33:024307,113
00:25:33:036220,81
00:25:33:048440,88
00:25:33:060752,99
00:25:33:072712,120
00:25:33:085108,158
00:25:33:096826,183
00:25:33:108785,176
00:25:33:120841,160
00:25:33:132718,129
00:25:33:145038,90
00:25:33:156904,83
00:25:33:168404,95
00:25:33:180963,109
00:25:33:193036,142
00:25:33:205068,179
00:25:33:217043,182
00:25:33:227619,168
00:25:33:239629,144
00:25:33:251436,105
00:25:33:263630,81
00:25:33:275725,93
00:25:33:287610,103
00:25:33:299645,127
00:25:33:311611,166
00:25:33:323631,184
00:25:33:335583,174
00:25:33:347581,156
00:25:33:359531,121
00:25:33:371481,84
00:25:33:383868,86
00:25:33:395680,98
00:25:33:407652,114
00:25:33:419649,150
00:25:33:430842,182
00:25:33:442900,179
00:25:33:454440,165
00:25:33:466890,100
00:25:33:478794,91
00:25:33:490436,99
00:25:33:503094,104
00:25:33:514604,132
00:25:33:526334,176
00:25:33:538313,191
00:25:33:550751,175
00:25:33:562922,142
00:25:33:574886,95
00:25:33:586888,74
00:25:33:598825,87
00:25:33:610494,112
00:25:33:622356,155
00:25:33:633303,189
00:25:33:645321,185
00:25:33:657333,160
00:25:33:669220,116
00:25:33:681315,77
00:25:33:693364,81
00:25:33:705599,99
00:25:33:717584,133
00:25:33:729410,177
00:25:33:741550,190
00:25:33:753590,173
00:25:33:765531,138
00:25:33:777538,91
00:25:33:789514,74
00:25:33:801509,90
00:25:33:813556,115
00:25:33:825601,159
00:25:33:836912,191
00:25:33:848482,184
00:25:33:860888,158
00:25:33:872872,113
00:25:33:884835,76
00:25:33:896826,84
00:25:33:908870,102
00:25:33:920914,137
00:25:33:932472,181
00:25:33:944873,190
00:25:33:956873,172
00:25:33:968599,134
00:25:33:980907,88
00:25:33:992902,76
00:25:34:004879,92
00:25:34:016536,118
00:25:34:028379,163
00:25:34:039356,191
00:25:34:051433,183
00:25:34:063865,154
00:25:34:075609,108
00:25:34:087745,74
00:25:34:099714,84
00:25:34:111646,104
00:25:34:123682,141
00:25:34:135683,183
00:25:34:147667,189
00:25:34:159411,169
00:25:34:187959,131
00:25:34:189152,84
00:25:34:195716,76
00:25:34:207646,93
00:25:34:219643,121
00:25:34:231668,166
00:25:34:242897,191
00:25:34:254715,179
00:25:34:266731,151
00:25:34:278880,104
00:25:34:290671,74
00:25:34:303032,86
00:25:34:314850,106
00:25:34:326734,146
00:25:34:338879,186
00:25:34:350864,189
00:25:34:362926,168
00:25:34:375171,127
00:25:34:386877,82
00:25:34:398911,78
00:25:34:410586,96
00:25:34:422831,125
00:25:34:434941,170
00:25:34:445718,191
00:25:34:457575,178
00:25:34:469664,148
00:25:34:481736,103
00:25:34:493569,84
00:25:34:505654,91
00:25:34:517572,105
00:25:34:529391,147
00:25:34:541392,191
00:25:34:553600,193
00:25:34:565747,161
00:25:34:577640,108
00:25:34:589666,68
00:25:34:601646,78
00:25:34:613669,110
00:25:34:625748,162
00:25:34:637702,186
00:25:34:648630,147
00:25:34:660425,91
00:25:34:672504,66
00:25:34:684886,86
00:25:34:696930,124
00:25:34:708907,177
00:25:34:720914,197
00:25:34:732921,176
00:25:34:744932,130
00:25:34:756921,77
00:25:34:768608,70
00:25:34:780815,96
00:25:34:792913,141
00:25:34:804910,189
00:25:34:817664,194
00:25:34:828985,165
00:25:34:839724,112
00:25:34:851565,69
00:25:34:863687,77
00:25:34:875723,108
00:25:34:887626,158
00:25:34:899680,195
00:25:34:911713,187
00:25:34:923952,149
00:25:34:935705,95
00:25:34:947640,67
00:25:34:959756,84
00:25:34:971627,121
00:25:34:983774,174
00:25:34:995554,198
00:25:35:007634,178
00:25:35:019477,134
00:25:35:030397,80
00:25:35:042400,69
00:25:35:054644,93
00:25:35:066575,136
00:25:35:078972,187
00:25:35:090521,195
00:25:35:102905,167
00:25:35:114952,116
00:25:35:126735,70
00:25:35:138867,76
00:25:35:150908,104
00:25:35:162911,153
00:25:35:174973,195
00:25:35:186892,189
00:25:35:198907,153
00:25:35:210932,98
00:25:35:222898,67
00:25:35:233687,83
00:25:35:245695,118
00:25:35:257640,171
00:25:35:269724,197
00:25:35:281682,181
00:25:35:293745,138
00:25:35:305627,84
00:25:35:317685,69
00:25:35:329604,91
00:25:35:341748,132
00:25:35:353679,184
00:25:35:365993,195
00:25:35:378016,169
00:25:35:389724,122
00:25:35:401791,78
00:25:35:413508,76
00:25:35:425008,103
00:25:35:436896,156
00:25:35:448770,201
00:25:35:460621,191
00:25:35:472960,142
00:25:35:484958,82
00:25:35:496907,65
00:25:35:508934,95
00:25:35:520578,151
00:25:35:532457,199
00:25:35:544416,192
00:25:35:556626,145
00:25:35:568482,84
00:25:35:580597,65
00:25:35:592761,94
00:25:35:604870,148
00:25:35:616803,198
00:25:35:627674,193
00:25:35:640968,148
00:25:35:651731,86
00:25:35:663785,65
00:25:35:675848,92
00:25:35:687691,146
00:25:35:699733,197
00:25:35:711702,194
00:25:35:723712,151
00:25:35:735747,89
00:25:35:747745,64
00:25:35:759777,90
00:25:35:771702,142
00:25:35:783749,194
00:25:35:795712,196
00:25:35:807620,154
00:25:35:819692,64
00:25:35:831014,88
00:25:35:843189,138
00:25:35:854845,193
00:25:35:867014,197
00:25:35:879224,158
00:25:35:890914,95
00:25:35:902817,63
00:25:35:914528,86
00:25:35:926810,135
00:25:35:938590,191
00:25:35:950813,198
00:25:35:962853,160
00:25:35:974634,98
00:25:35:986971,64
00:25:35:998964,84
00:25:36:010989,133
00:25:36:021654,190
00:25:36:033487,199
00:25:36:045439,163
00:25:36:057553,101
00:25:36:069514,63
00:25:36:081767,83
00:25:36:093724,129
00:25:36:105785,187
00:25:36:117777,199
00:25:36:129640,165
00:25:36:141818,103
00:25:36:154867,64
00:25:36:165840,82
00:25:36:177786,126
00:25:36:189723,185
00:25:36:202316,200
00:25:36:213775,168
00:25:36:224950,110
00:25:36:237036,71
00:25:36:254053,80
00:25:36:274817,122
00:25:36:296411,186
00:25:36:317429,205
00:25:36:317859,163
00:25:36:318225,94
00:25:36:321050,61
00:25:36:333044,90
00:25:36:344490,152
00:25:36:357034,203
00:25:36:368660,189
00:25:36:380870,129
00:25:36:392990,68
00:25:36:404767,70
00:25:36:415552,118
00:25:36:427573,184
00:25:36:439483,204
00:25:36:451498,164
00:25:36:463587,95
00:25:36:475517,61
00:25:36:487677,89
00:25:36:499509,151
00:25:36:511885,203
00:25:36:523685,190
00:25:36:535502,130
00:25:36:547508,68
00:25:36:559863,70
00:25:36:571619,117
00:25:36:584013,184
00:25:36:595861,205
00:25:36:607713,165
00:25:36:619078,96
00:25:36:630862,62
00:25:36:642963,89
00:25:36:654837,150
00:25:36:667070,203
00:25:36:678794,190
00:25:36:690714,131
00:25:36:703256,70
00:25:36:715245,71
00:25:36:726806,116
00:25:36:739015,183
00:25:36:751057,205
00:25:36:763012,166
00:25:36:774721,96
00:25:36:787040,61
00:25:36:798927,89
00:25:36:809793,150
00:25:36:821806,203
00:25:36:833829,191
00:25:36:845782,132
00:25:36:857703,70
00:25:36:869534,70
00:25:36:881531,115
00:25:36:893526,181
00:25:36:905503,205
00:25:36:917543,167
00:25:36:929511,97
00:25:36:941863,61
00:25:36:953835,89
00:25:36:965836,148
00:25:36:977881,202
00:25:36:989815,135
00:25:37:001865,83
00:25:37:014043,79
00:25:37:024649,99
00:25:37:036564,160
00:25:37:048564,207
00:25:37:060854,180
00:25:37:073033,107
00:25:37:084863,57
00:25:37:097007,83
00:25:37:108995,154
00:25:37:120896,205
00:25:37:132876,183
00:25:37:144819,110
00:25:37:156827,58
00:25:37:168748,83
00:25:37:180775,152
00:25:37:192607,206
00:25:37:204879,185
00:25:37:215649,114
00:25:37:228029,60
00:25:37:239883,81
00:25:37:251741,149
00:25:37:263654,205
00:25:37:275866,188
00:25:37:287761,118
00:25:37:299848,60
00:25:37:311845,79
00:25:37:323858,145
00:25:37:335855,203
00:25:37:347842,190
00:25:37:360021,121
00:25:37:371841,60
00:25:37:383842,77
00:25:37:395798,142
00:25:37:406822,202
00:25:37:419075,192
00:25:37:430883,125
00:25:37:443031,62
00:25:37:454904,75
00:25:37:467071,139
00:25:37:479038,201
00:25:37:490846,194
00:25:37:502855,128
00:25:37:514874,63
00:25:37:526657,74
00:25:37:538575,136
00:25:37:550524,200
00:25:37:562937,196
00:25:37:575051,132
00:25:37:587029,65
00:25:37:598994,72
00:25:37:609669,132
00:25:37:621932,198
00:25:37:633789,198
00:25:37:645858,136
00:25:37:657867,67
00:25:37:669811,70
00:25:37:681810,128
00:25:37:694444,196
00:25:37:705838,199
00:25:37:717872,140
00:25:37:729734,74
00:25:37:741831,70
00:25:37:753819,125
00:25:37:765872,197
00:25:37:777845,200
00:25:37:789858,130
00:25:37:801041,62
00:25:37:812887,77
00:25:37:825035,151
00:25:37:836913,208
00:25:37:848683,180
00:25:37:860612,99
00:25:37:872554,58
00:25:37:884511,101
00:25:37:896609,179
00:25:37:908654,208
00:25:37:921063,153
00:25:37:932606,74
00:25:37:945033,65
00:25:37:957003,128
00:25:37:968837,199
00:25:37:980837,195
00:25:37:992831,123
00:25:38:003877,60
00:25:38:015883,83
00:25:38:027581,158
00:25:38:039563,209
00:25:38:051566,175
00:25:38:064050,92
00:25:38:075838,57
00:25:38:087773,106
00:25:38:099858,184
00:25:38:111866,206
00:25:38:123873,147
00:25:38:135835,69
00:25:38:147906,68
00:25:38:159806,135
00:25:38:171872,192
00:25:38:183820,115
00:25:38:194692,58
00:25:38:206842,88
00:25:38:219091,165
00:25:38:230990,209
00:25:38:243070,169
00:25:38:254884,87
00:25:38:267071,59
00:25:38:279020,112
00:25:38:291049,189
00:25:38:302965,203
00:25:38:315066,140
00:25:38:326928,65
00:25:38:339126,72
00:25:38:351083,141
00:25:38:363077,205
00:25:38:374833,187
00:25:38:386914,113
00:25:38:397858,71
00:25:38:409719,83
00:25:38:422086,147
00:25:38:434107,209
00:25:38:445882,178
00:25:38:457881,91
00:25:38:469870,56
00:25:38:481970,116
00:25:38:493907,195
00:25:38:505861,194
00:25:38:517863,116
00:25:38:529710,56
00:25:38:541606,94
00:25:38:553595,178
00:25:38:565838,206
00:25:38:577627,143
00:25:38:588754,64
00:25:38:601145,76
00:25:38:612778,155
00:25:38:625136,210
00:25:38:636927,167
00:25:38:648837,80
00:25:38:661122,62
00:25:38:673026,130
00:25:38:685148,203
00:25:38:697111,188
00:25:38:709078,104
00:25:38:721013,56
00:25:38:732913,106
00:25:38:744833,189
00:25:38:756979,203
00:25:38:768826,130
00:25:38:781133,60
00:25:38:791987,85
00:25:38:804099,168
00:25:38:815929,209
00:25:38:827962,156
00:25:38:839959,72
00:25:38:851848,68
00:25:38:863978,143
00:25:38:875991,207
00:25:38:887879,179
00:25:38:900117,92
00:25:38:911957,59
00:25:38:923931,119
00:25:38:936155,197
00:25:38:947511,197
00:25:38:960119,117
00:25:38:972141,57
00:25:38:983123,95
00:25:38:995424,179
00:25:39:006995,207
00:25:39:019011,146
00:25:39:030683,74
00:25:39:042610,71
00:25:39:054673,142
00:25:39:066698,209
00:25:39:079143,175
00:25:39:090973,83
00:25:39:103120,63
00:25:39:115087,139
00:25:39:126929,207
00:25:39:138996,172
00:25:39:150652,82
00:25:39:163102,65
00:25:39:175029,142
00:25:39:186098,208
00:25:39:197908,171
00:25:39:209766,80
00:25:39:222054,66
00:25:39:234083,144
00:25:39:245972,208
00:25:39:258009,168
00:25:39:269921,78
00:25:39:282045,68
00:25:39:294027,148
00:25:39:305959,210
00:25:39:317994,167
00:25:39:329808,76
00:25:39:342129,69
00:25:39:353951,210
00:25:39:365898,165
00:25:39:377003,75
00:25:39:389116,70
00:25:39:401054,151
00:25:39:413020,210
00:25:39:425127,163
00:25:39:437072,73
00:25:39:448884,71
00:25:39:461448,154
00:25:39:473109,209
00:25:39:485197,159
00:25:39:497153,71
00:25:39:509096,73
00:25:39:521101,157
00:25:39:532729,211
00:25:39:544705,159
00:25:39:556424,71
00:25:39:568775,74
00:25:39:580055,158
00:25:39:591753,210
00:25:39:603856,156
00:25:39:615950,83
00:25:39:627946,72
00:25:39:640021,127
00:25:39:651855,204
00:25:39:664122,179
00:25:39:676160,84
00:25:39:687920,63
00:25:39:700172,148
00:25:39:712009,208
00:25:39:723942,152
00:25:39:736044,65
00:25:39:748150,84
00:25:39:759985,177
00:25:39:770959,202
00:25:39:783147,122
00:25:39:794800,58
00:25:39:806737,110
00:25:39:819175,197
00:25:39:830983,187
00:25:39:843188,93
00:25:39:855131,62
00:25:39:867068,141
00:25:39:878973,209
00:25:39:891136,163
00:25:39:903070,71
00:25:39:915191,77
00:25:39:926980,169
00:25:39:939193,207
00:25:39:951180,133
00:25:39:962105,59
00:25:39:973792,102
00:25:39:986002,192
00:25:39:997820,194
00:25:40:009872,103
00:25:40:022035,60
00:25:40:033712,130
00:25:40:045666,206
00:25:40:057660,171
00:25:40:070992,78
00:25:40:081917,72
00:25:40:094144,159
00:25:40:106143,208
00:25:40:117992,143
00:25:40:129822,63
00:25:40:141970,93
00:25:40:154026,186
00:25:40:165167,199
00:25:40:176903,120
00:25:40:189142,68
00:25:40:201218,100
00:25:40:213186,188
00:25:40:225120,195
00:25:40:237050,101
00:25:40:248848,60
00:25:40:261060,140
00:25:40:273100,207
00:25:40:285117,148
00:25:40:297379,63
00:25:40:309464,97
00:25:40:321371,192
00:25:40:333183,189
00:25:40:345203,93
00:25:40:356787,66
00:25:40:368815,153
00:25:40:379812,208
00:25:40:391914,139
00:25:40:404165,61
00:25:40:416051,107
00:25:40:428146,197
00:25:40:439951,183
00:25:40:452081,86
00:25:40:464158,71
00:25:40:476157,162
00:25:40:487816,207
00:25:40:500172,130
00:25:40:512215,116
00:25:40:524160,202
00:25:40:535747,174
00:25:40:547666,78
00:25:40:559652,77
00:25:40:570895,171
00:25:40:583170,204
00:25:40:595125,120
00:25:40:606987,60
00:25:40:619350,125
00:25:40:631301,205
00:25:40:643389,166
00:25:40:655132,72
00:25:40:667064,84
00:25:40:679180,180
00:25:40:691164,200
00:25:40:703126,118
00:25:40:715091,68
00:25:40:727066,111
00:25:40:739088,199
00:25:40:751080,179
00:25:40:762996,79
00:25:40:774171,80
00:25:40:786086,178
00:25:40:797938,193
00:25:40:809852,98
00:25:40:822202,67
00:25:40:834186,158
00:25:40:846005,204
00:25:40:858209,123
00:25:40:870144,61
00:25:40:882187,134
00:25:40:893874,207
00:25:40:905894,148
00:25:40:917843,64
00:25:40:929723,110
00:25:40:941688,200
00:25:40:953654,170
00:25:40:965688,74
00:25:40:976665,88
00:25:40:989142,186
00:25:41:001049,189
00:25:41:013019,92
00:25:41:025009,72
00:25:41:036775,166
00:25:41:048721,202
00:25:41:060767,114
00:25:41:073109,63
00:25:41:085158,142
00:25:41:097008,207
00:25:41:109118,139
00:25:41:121054,62
00:25:41:133169,118
00:25:41:145195,203
00:25:41:157106,162
00:25:41:168916,70
00:25:41:180172,95
00:25:41:192134,192
00:25:41:204144,184
00:25:41:216064,92
00:25:41:227995,72
00:25:41:240007,163
00:25:41:252142,202
00:25:41:264251,111
00:25:41:276283,67
00:25:41:287932,157
00:25:41:300235,201
00:25:41:312171,112
00:25:41:324288,66
00:25:41:336300,154
00:25:41:347782,202
00:25:41:360071,115
00:25:41:371090,65
00:25:41:383054,152
00:25:41:394829,203
00:25:41:408023,118
00:25:41:419116,65
00:25:41:431204,149
00:25:41:443168,203
00:25:41:455191,121
00:25:41:466906,64
00:25:41:479212,145
00:25:41:490905,204
00:25:41:503199,124
00:25:41:515154,63
00:25:41:527036,142
00:25:41:538792,204
00:25:41:550677,127
00:25:41:561820,63
00:25:41:574070,139
00:25:41:586249,205
00:25:41:598190,131
00:25:41:609929,63
00:25:41:621987,137
00:25:41:634257,205
00:25:41:646093,134
00:25:41:658040,63
00:25:41:670001,133
00:25:41:682242,142
00:25:41:694091,67
00:25:41:706087,119
00:25:41:718012,203
00:25:41:729877,146
00:25:41:742274,66
00:25:41:754107,132
00:25:41:765249,202
00:25:41:777161,126
00:25:41:789241,65
00:25:41:801201,150
00:25:41:813120,200
00:25:41:825106,110
00:25:41:837098,71
00:25:41:849029,166
00:25:41:861065,192
00:25:41:872844,93
00:25:41:884974,80
00:25:41:896938,181
00:25:41:908993,182
00:25:41:921183,81
00:25:41:932952,93
00:25:41:945213,192
00:25:41:957218,167
00:25:41:967961,72
00:25:41:980253,108
00:25:41:992227,199
00:25:42:004242,152
00:25:42:016215,66
00:25:42:028146,125
00:25:42:039783,203
00:25:42:051722,134
00:25:42:064075,64
00:25:42:076145,142
00:25:42:087934,201
00:25:42:100245,117
00:25:42:112093,68
00:25:42:124152,160
00:25:42:136205,197
00:25:42:148267,110
00:25:42:159178,71
00:25:42:171125,157
00:25:42:183041,197
00:25:42:195226,99
00:25:42:207049,82
00:25:42:219344,183
00:25:42:231157,170
00:25:42:243138,72
00:25:42:255178,111
00:25:42:267146,198
00:25:42:279145,137
00:25:42:291419,67
00:25:42:303200,148
00:25:42:315164,196
00:25:42:326969,101
00:25:42:338699,80
00:25:42:351222,181
00:25:42:362124,175
00:25:42:374228,76
00:25:42:386059,109
00:25:42:398268,198
00:25:42:409980,142
00:25:42:422267,67
00:25:42:434308,145
00:25:42:446127,197
00:25:42:458081,106
00:25:42:470056,79
00:25:42:482238,178
00:25:42:494244,177
00:25:42:506102,78
00:25:42:518323,106
00:25:42:529951,197
00:25:42:541795,144
00:25:42:552729,67
00:25:42:565073,142
00:25:42:577112,199
00:25:42:589273,118
00:25:42:601192,72
00:25:42:613166,139
00:25:42:625184,200
00:25:42:637185,110
00:25:42:648926,78
00:25:42:661213,177
00:25:42:673156,167
00:25:42:685136,72
00:25:42:697213,123
00:25:42:709129,197
00:25:42:721109,116
00:25:42:733138,77
00:25:42:745351,176
00:25:42:756534,174
00:25:42:767923,76
00:25:42:779956,119
00:25:42:791982,198
00:25:42:804309,121
00:25:42:816204,74
00:25:42:828285,172
00:25:42:840135,178
00:25:42:852144,78
00:25:42:864240,198
00:25:42:876274,127
00:25:42:888047,72
00:25:42:900271,167
00:25:42:912317,182
00:25:42:924327,81
00:25:42:936288,108
00:25:42:948270,197
00:25:42:960314,133
00:25:42:970930,71
00:25:42:983645,162
00:25:42:995185,186
00:25:43:007023,96
00:25:43:019261,82
00:25:43:031028,166
00:25:43:042781,183
00:25:43:054830,81
00:25:43:066801,113
00:25:43:079137,193
00:25:43:091081,115
00:25:43:103169,79
00:25:43:115212,179
00:25:43:127118,160
00:25:43:139322,72
00:25:43:151293,142
00:25:43:162226,191
00:25:43:174304,94
00:25:43:186035,100
00:25:43:197863,193
00:25:43:209970,135
00:25:43:222303,74
00:25:43:234306,167
00:25:43:246189,175
00:25:43:258027,77
00:25:43:270312,125
00:25:43:282298,195
00:25:43:294262,108
00:25:43:306288,87
00:25:43:318323,186
00:25:43:330125,152
00:25:43:342409,72
00:25:43:353122,152
00:25:43:366281,186
00:25:43:377228,87
00:25:43:389717,108
00:25:43:401132,195
00:25:43:413247,132
00:25:43:425178,75
00:25:43:437303,135
00:25:43:449135,194
00:25:43:461174,102
00:25:43:473167,96
00:25:43:485136,189
00:25:43:497141,128
00:25:43:509157,78
00:25:43:521160,174
00:25:43:532954,158
00:25:43:544800,75
00:25:43:556733,152
00:25:43:567839,181
00:25:43:580302,84
00:25:43:592040,123
00:25:43:603909,193
00:25:43:616173,104
00:25:43:628152,97
00:25:43:640373,191
00:25:43:652311,132
00:25:43:664265,79
00:25:43:676203,175
00:25:43:687935,159
00:25:43:699830,74
00:25:43:711750,150
00:25:43:723755,181
00:25:43:736160,84
00:25:43:748198,122
00:25:43:758857,193
00:25:43:771117,105
00:25:43:782917,96
00:25:43:795233,190
00:25:43:807148,139
00:25:43:819186,77
00:25:43:831177,132
00:25:43:842997,193
00:25:43:855064,101
00:25:43:867070,101
00:25:43:879093,187
00:25:43:890998,114
00:25:43:903055,92
00:25:43:915473,185
00:25:43:927400,129
00:25:43:939393,84
00:25:43:951422,179
00:25:43:962020,144
00:25:43:974081,79
00:25:43:986123,169
00:25:43:997916,159
00:25:44:009997,78
00:25:44:022009,156
00:25:44:034032,79
00:25:44:045855,141
00:25:44:057906,181
00:25:44:070020,85
00:25:44:082642,127
00:25:44:094709,189
00:25:44:106690,96
00:25:44:118631,112
00:25:44:130372,190
00:25:44:142706,107
00:25:44:154400,98
00:25:44:165428,189
00:25:44:177347,128
00:25:44:189494,82
00:25:44:201169,175
00:25:44:213175,148
00:25:44:225151,82
00:25:44:237218,170
00:25:44:249323,148
00:25:44:261631,80
00:25:44:273580,169
00:25:44:285737,151
00:25:44:297528,80
00:25:44:309494,168
00:25:44:321518,154
00:25:44:333490,79
00:25:44:345485,165
00:25:44:356110,156
00:25:44:367983,80
00:25:44:380265,164
00:25:44:392206,158
00:25:44:404212,80
00:25:44:416387,162
00:25:44:428703,160
00:25:44:440637,79
00:25:44:452670,160
00:25:44:464770,162
00:25:44:476724,80
00:25:44:488367,158
00:25:44:500919,165
00:25:44:512621,80
00:25:44:524526,155
00:25:44:536292,169
00:25:44:548284,89
00:25:44:558906,105
00:25:44:571032,187
00:25:44:583121,125
00:25:44:595066,94
00:25:44:607044,181
00:25:44:619244,113
00:25:44:631342,102
00:25:44:643326,184
00:25:44:655346,106
00:25:44:667344,111
00:25:44:679320,185
00:25:44:691207,100
00:25:44:703351,121
00:25:44:715371,182
00:25:44:726928,93
00:25:44:738944,129
00:25:44:749958,179
00:25:44:762120,89
00:25:44:774360,139
00:25:44:786326,174
00:25:44:798387,85
00:25:44:809959,148
00:25:44:822389,167
00:25:44:834423,82
00:25:44:846215,157
00:25:44:858393,160
00:25:44:870061,82
00:25:44:882366,165
00:25:44:894085,158
00:25:44:906386,81
00:25:44:918377,148
00:25:44:930173,171
00:25:44:942408,85
00:25:44:953332,157
00:25:44:966205,151
00:25:44:977058,86
00:25:44:988980,172
00:25:45:000916,133
00:25:45:012880,95
00:25:45:024909,181
00:25:45:036915,114
00:25:45:048874,110
00:25:45:060877,181
00:25:45:072944,98
00:25:45:085261,129
00:25:45:097097,175
00:25:45:108996,88
00:25:45:121205,149
00:25:45:133069,162
00:25:45:145228,85
00:25:45:156368,166
00:25:45:168016,144
00:25:45:180422,90
00:25:45:192382,177
00:25:45:204093,102
00:25:45:216355,184
00:25:45:228405,111
00:25:45:240392,108
00:25:45:252293,182
00:25:45:264379,100
00:25:45:276393,135
00:25:45:288004,169
00:25:45:300410,88
00:25:45:312397,161
00:25:45:325496,143
00:25:45:336432,93
00:25:45:347363,179
00:25:45:359346,115
00:25:45:371342,115
00:25:45:383135,178
00:25:45:395379,93
00:25:45:407040,144
00:25:45:418945,162
00:25:45:430979,87
00:25:45:443375,169
00:25:45:455348,135
00:25:45:467675,99
00:25:45:479352,180
00:25:45:491051,107
00:25:45:503244,124
00:25:45:515380,175
00:25:45:527220,90
00:25:45:538977,151
00:25:45:549895,158
00:25:45:561892,83
00:25:45:574082,146
00:25:45:586318,165
00:25:45:598455,89
00:25:45:610043,166
00:25:45:622416,127
00:25:45:634233,107
00:25:45:646238,176
00:25:45:658453,97
00:25:45:669941,143
00:25:45:682205,156
00:25:45:694114,90
00:25:45:706393,172
00:25:45:718394,121
00:25:45:730020,114
00:25:45:740922,175
00:25:45:753041,94
00:25:45:765433,150
00:25:45:777412,150
00:25:45:789495,93
00:25:45:801398,176
00:25:45:813385,114
00:25:45:825661,121
00:25:45:837686,172
00:25:45:849071,91
00:25:45:861396,158
00:25:45:873414,150
00:25:45:885467,89
00:25:45:897490,171
00:25:45:909438,126
00:25:45:921293,116
00:25:45:933149,171
00:25:45:944218,94
00:25:45:956380,158
00:25:45:967995,137
00:25:45:980102,105
00:25:45:992690,174
00:25:46:004655,99
00:25:46:016431,147
00:25:46:028328,149
00:25:46:039959,97
00:25:46:051944,174
00:25:46:063910,107
00:25:46:076114,134
00:25:46:088034,160
00:25:46:100412,93
00:25:46:112383,170
00:25:46:124362,118
00:25:46:136363,120
00:25:46:147416,168
00:25:46:159370,92
00:25:46:171339,163
00:25:46:183653,138
00:25:46:195485,90
00:25:46:207138,172
00:25:46:219411,124
00:25:46:231271,119
00:25:46:243309,163
00:25:46:255078,93
00:25:46:267160,164
00:25:46:279401,120
00:25:46:291055,122
00:25:46:303302,163
00:25:46:315460,95
00:25:46:327169,168
00:25:46:338282,119
00:25:46:350033,126
00:25:46:361973,162
00:25:46:374052,168
00:25:46:386411,116
00:25:46:398458,128
00:25:46:410228,160
00:25:46:422432,95
00:25:46:434438,169
00:25:46:446326,114
00:25:46:457897,131
00:25:46:470480,163
00:25:46:482469,92
00:25:46:494091,165
00:25:46:505963,124
00:25:46:517029,124
00:25:46:528988,159
00:25:46:540987,98
00:25:46:552965,168
00:25:46:565090,110
00:25:46:577338,140
00:25:46:589578,146
00:25:46:601723,105
00:25:46:613366,169
00:25:46:625758,100
00:25:46:637705,155
00:25:46:649225,131
00:25:46:661030,118
00:25:46:673029,165
00:25:46:685582,98
00:25:46:697318,167
00:25:46:708494,117
00:25:46:720438,134
00:25:46:732125,154
00:25:46:744503,101
00:25:46:756505,171
00:25:46:768167,107
00:25:46:780459,118
00:25:46:792572,172
00:25:46:804515,100
00:25:46:816541,159
00:25:46:828367,117
00:25:46:840455,133
00:25:46:852211,148
00:25:46:864502,106
00:25:46:876752,166
00:25:46:887229,101
00:25:46:899572,159
00:25:46:911513,122
00:25:46:923536,129
00:25:46:935494,152
00:25:46:947066,104
00:25:46:959113,167
00:25:46:971339,103
00:25:46:983409,155
00:25:46:995484,126
00:25:47:007253,125
00:25:47:019508,155
00:25:47:031165,102
00:25:47:043039,169
00:25:47:054942,108
00:25:47:066982,114
00:25:47:078329,172
00:25:47:090188,103
00:25:47:102466,154
00:25:47:114554,117
00:25:47:126750,135
00:25:47:138166,142
00:25:47:150554,113
00:25:47:162549,160
00:25:47:174476,102
00:25:47:186575,163
00:25:47:198506,109
00:25:47:210103,148
00:25:47:222756,130
00:25:47:234103,125
00:25:47:246117,153
00:25:47:257054,106
00:25:47:269514,164
00:25:47:281325,102
00:25:47:293407,157
00:25:47:305461,118
00:25:47:317521,138
00:25:47:329101,148
00:25:47:341544,100
00:25:47:353326,167
00:25:47:365442,107
00:25:47:377435,154
00:25:47:389551,119
00:25:47:401274,139
00:25:47:413205,137
00:25:47:425472,121
00:25:47:437484,154
00:25:47:448101,108
00:25:47:460499,162
00:25:47:472528,104
00:25:47:484537,160
00:25:47:496412,113
00:25:47:508342,147
00:25:47:520073,130
00:25:47:532023,128
00:25:47:544029,147
00:25:47:555946,112
00:25:47:568050,161
00:25:47:580466,105
00:25:47:592567,165
00:25:47:604570,145
00:25:47:616539,134
00:25:47:627480,127
00:25:47:639517,144
00:25:47:651291,116
00:25:47:663767,156
00:25:47:675747,109
00:25:47:687328,160
00:25:47:699361,107
00:25:47:711445,160
00:25:47:723703,111
00:25:47:735476,151
00:25:47:747302,120
00:25:47:759464,139
00:25:47:771137,134
00:25:47:783183,127
00:25:47:795455,147
00:25:47:807208,116
00:25:47:818277,156
00:25:47:830169,108
00:25:47:842582,163
00:25:47:854269,100
00:25:47:866161,134
00:25:47:878121,155
00:25:47:890188,113
00:25:47:902119,151
00:25:47:914088,108
00:25:47:926087,155
00:25:47:938191,107
00:25:47:950234,156
00:25:47:962258,109
00:25:47:974104,155
00:25:47:986205,112
00:25:47:998251,149
00:25:48:009131,120
00:25:48:021128,143
00:25:48:033048,127
00:25:48:045041,135
00:25:48:057079,136
00:25:48:069006,127
00:25:48:081181,143
00:25:48:093103,119
00:25:48:105030,150
00:25:48:117040,60
00:25:48:129036,39
00:25:48:141065,58
00:25:48:153048,188
00:25:48:165147,168
00:25:48:177074,93
00:25:48:189321,91
00:25:48:200052,91
00:25:48:212121,91
00:25:48:224026,91
00:25:48:235961,91
00:25:48:248034,91
00:25:48:276894,91
00:25:48:277524,92
00:25:48:284358,92
00:25:48:296399,91
00:25:48:308774,91
00:25:48:320520,91
00:25:48:332178,92
00:25:48:344507,92
00:25:48:356456,92
00:25:48:368246,92
00:25:48:379499,92
00:25:48:391533,92
00:25:48:403618,91
00:25:48:415524,91
00:25:48:427229,92
00:25:48:439546,92
00:25:48:451340,92
00:25:48:463353,92
00:25:48:475433,92
00:25:48:487410,92
00:25:48:499356,92
00:25:48:511265,92
00:25:48:523077,92
00:25:48:535331,92
00:25:48:547127,93
00:25:48:559082,93
00:25:48:570066,93
00:25:48:582190,92
00:25:48:594431,91
00:25:48:606379,92
00:25:48:618625,92
00:25:48:630341,93
00:25:48:642460,93
00:25:48:654488,93
00:25:48:666432,93
00:25:48:678397,92
00:25:48:690202,92
00:25:48:702257,93
00:25:48:714162,93
00:25:48:726441,92
00:25:48:738487,92
00:25:48:750430,93
00:25:48:761511,93
00:25:48:773129,92
00:25:48:785433,92
00:25:48:797308,93
00:25:48:809266,93
00:25:48:821828,93
00:25:48:833814,93
00:25:48:845994,92
00:25:48:857645,92
00:25:48:869838,92
00:25:48:881669,93
00:25:48:893351,92
00:25:48:905623,93
00:25:48:917779,93
00:25:48:929302,93
00:25:48:941300,93
00:25:48:952515,93
00:25:48:964606,93
00:25:48:976294,93
00:25:48:988719,92
00:25:49:000215,93
00:25:49:012370,93
00:25:49:024237,93
00:25:49:036465,93
00:25:49:048120,93
00:25:49:060117,93
00:25:49:072111,93
00:25:49:084104,93
00:25:49:096077,93
00:25:49:108104,93
00:25:49:120402,93
00:25:49:131125,93
00:25:49:143858,93
00:25:49:155550,93
00:25:49:167428,93
00:25:49:179566,93
00:25:49:191546,92
00:25:49:203683,93
00:25:49:215170,93
00:25:49:227443,93
00:25:49:239640,93
00:25:49:251218,93
00:25:49:263517,93
00:25:49:275700,93
00:25:49:287428,92
00:25:49:299625,92
00:25:49:311709,93
00:25:49:322870,92
00:25:49:334311,92
00:25:49:346675,93
00:25:49:358665,93
00:25:49:370183,93
00:25:49:382268,94
00:25:49:394357,93
00:25:49:406389,93
00:25:49:418437,93
00:25:49:430409,93
00:25:49:442209,93
00:25:49:454176,93
00:25:49:466202,93
00:25:49:478197,93
00:25:49:490348,93
00:25:49:501539,92
00:25:49:513492,93
00:25:49:525390,93
00:25:49:537267,93
00:25:49:549241,93
00:25:49:561144,93
00:25:49:573185,93
00:25:49:585596,93
00:25:49:597819,93
00:25:49:609496,93
00:25:49:621477,93
00:25:49:633390,93
00:25:49:645342,93
00:25:49:657249,92
00:25:49:669744,93
00:25:49:681435,93
00:25:49:692321,93
00:25:49:704760,94
00:25:49:716639,94
00:25:49:728267,93
00:25:49:740597,93
00:25:49:752480,93
00:25:49:764723,92
00:25:49:776391,92
00:25:49:788463,93
00:25:49:800226,93
00:25:49:812354,93
00:25:49:824415,93
00:25:49:836647,93
00:25:49:848397,93
00:25:49:860745,93
00:25:49:871800,94
00:25:49:883890,93
00:25:49:895666,93
00:25:49:907687,93
00:25:49:919830,93
00:25:49:931340,93
00:25:49:943754,93
00:25:49:955862,92
00:25:49:967493,93
00:25:49:979734,93
00:25:49:991396,93
00:25:50:003696,93
00:25:50:015372,93
00:25:50:027649,93
00:25:50:039479,93
00:25:50:051163,92
00:25:50:062048,92
00:25:50:074526,93
00:25:50:086419,93
00:25:50:098646,92
00:25:50:110713,93
00:25:50:122821,93
00:25:50:134328,93
00:25:50:146503,93
00:25:50:158747,93
00:25:50:170264,93
00:25:50:182654,93
00:25:50:194834,94
00:25:50:206669,94
00:25:50:218622,94
00:25:50:230768,93
00:25:50:242975,93
00:25:50:253604,93
00:25:50:265884,93
00:25:50:277907,93
00:25:50:289281,93
00:25:50:301283,93
00:25:50:313276,93
00:25:50:325330,93
00:25:50:337696,93
00:25:50:349995,93
00:25:50:361854,93
00:25:50:373705,93
00:25:50:385598,93
00:25:50:397958,93
00:25:50:409440,93
00:25:50:421466,94
00:25:50:432914,93
00:25:50:444363,93
00:25:50:456542,94
00:25:50:468886,93
00:25:50:480842,93
00:25:50:492244,92
00:25:50:504588,92
00:25:50:516670,93
00:25:50:528481,93
00:25:50:540720,93
00:25:50:552250,93
00:25:50:564165,93
00:25:50:576160,93
00:25:50:588738,93
00:25:50:600914,93
00:25:50:612668,93
00:25:50:623906,93
00:25:50:635936,93
00:25:50:647543,94
00:25:50:659970,93
00:25:50:671701,93
00:25:50:683921,93
00:25:50:695555,93
00:25:50:707734,94
