16:09:46:703776,8
16:09:46:715680,8
16:09:46:727588,8
16:09:46:739579,8
16:09:46:751562,8
16:09:46:763521,8
16:09:46:775504,9
16:09:46:787482,8
16:09:46:798431,8
16:09:46:810480,8
16:09:46:822454,8
16:09:46:834430,9
16:09:46:846536,8
16:09:46:858513,8
16:09:46:870612,8
16:09:46:882610,8
16:09:46:894701,9
16:09:46:906621,9
16:09:46:918562,9
16:09:46:930504,8
16:09:46:942531,9
16:09:46:954549,9
16:09:46:966527,9
16:09:46:978753,10
16:09:46:990526,12
16:09:47:001607,14
16:09:47:013481,21
16:09:47:025531,28
16:09:47:037903,33
16:09:47:050138,39
16:09:47:061907,46
16:09:47:073612,54
16:09:47:085963,63
16:09:47:098128,70
16:09:47:110038,77
16:09:47:122316,83
16:09:47:134278,85
16:09:47:146252,88
16:09:47:158147,87
16:09:47:170210,88
16:09:47:182285,91
16:09:47:193228,90
16:09:47:205257,87
16:09:47:216876,85
16:09:47:228792,81
16:09:47:240750,78
16:09:47:252881,76
16:09:47:264855,70
16:09:47:276846,63
16:09:47:288821,58
16:09:47:300840,52
16:09:47:312811,46
16:09:47:324883,39
16:09:47:337056,33
16:09:47:348939,27
16:09:47:360733,22
16:09:47:372807,19
16:09:47:384839,15
16:09:47:396036,11
16:09:47:407705,11
16:09:47:419901,12
16:09:47:431993,11
16:09:47:443935,6
16:09:47:456075,3
16:09:47:468025,5
16:09:47:479780,13
16:09:47:492092,15
16:09:47:504092,21
16:09:47:516080,27
16:09:47:528065,32
16:09:47:540105,38
16:09:47:552074,47
16:09:47:564063,55
16:09:47:576076,62
16:09:47:588185,69
16:09:47:599201,74
16:09:47:611193,78
16:09:47:622922,80
16:09:47:635082,81
16:09:47:647178,82
16:09:47:659143,85
16:09:47:671184,86
16:09:47:683208,85
16:09:47:694980,83
16:09:47:706866,81
16:09:47:718774,79
16:09:47:730850,75
16:09:47:742827,73
16:09:47:754943,70
16:09:47:766870,65
16:09:47:778860,60
16:09:47:790848,53
16:09:47:802101,47
16:09:47:814068,42
16:09:47:825940,35
16:09:47:838106,30
16:09:47:850085,25
16:09:47:862062,19
16:09:47:874065,17
16:09:47:886043,15
16:09:47:898166,13
16:09:47:910062,12
16:09:47:922021,11
16:09:47:934326,9
16:09:47:946313,5
16:09:47:958323,6
16:09:47:969986,10
16:09:47:982071,15
16:09:47:992962,17
16:09:48:004872,21
16:09:48:017100,25
16:09:48:029176,31
16:09:48:040962,38
16:09:48:052874,45
16:09:48:064916,52
16:09:48:076878,59
16:09:48:088846,64
16:09:48:100866,70
16:09:48:113145,74
16:09:48:124998,76
16:09:48:136895,76
16:09:48:149124,78
16:09:48:161117,82
16:09:48:173147,83
16:09:48:184885,81
16:09:48:196108,80
16:09:48:208289,78
16:09:48:220073,77
16:09:48:232342,74
16:09:48:244334,72
16:09:48:256079,70
16:09:48:268088,66
16:09:48:280116,60
16:09:48:292124,55
16:09:48:304090,49
16:09:48:316098,43
16:09:48:328097,37
16:09:48:339997,31
16:09:48:352109,26
16:09:48:364083,22
16:09:48:376017,17
16:09:48:386889,15
16:09:48:398856,14
16:09:48:410931,12
16:09:48:422911,12
16:09:48:434872,9
16:09:48:446943,6
16:09:48:458913,6
16:09:48:470891,9
16:09:48:482914,13
16:09:48:494898,16
16:09:48:507188,19
16:09:48:519221,24
16:09:48:530889,29
16:09:48:542949,36
16:09:48:555130,42
16:09:48:565984,55
16:09:48:578094,61
16:09:48:590105,67
16:09:48:602099,70
16:09:48:614085,73
16:09:48:626084,74
16:09:48:638089,77
16:09:48:650121,79
16:09:48:662092,80
16:09:48:674096,80
16:09:48:686116,79
16:09:48:698185,78
16:09:48:710116,76
16:09:48:721930,74
16:09:48:733934,71
16:09:48:746087,70
16:09:48:758100,67
16:09:48:768908,62
16:09:48:780931,56
16:09:48:792870,51
16:09:48:804912,45
16:09:48:816895,39
16:09:48:828905,33
16:09:48:840961,28
16:09:48:852854,23
16:09:48:864870,20
16:09:48:876904,16
16:09:48:889108,14
16:09:48:901160,13
16:09:48:913201,13
16:09:48:925113,11
16:09:48:937154,6
16:09:48:949375,6
16:09:48:960138,7
16:09:48:972126,11
16:09:48:984128,16
16:09:48:996130,18
16:09:49:008053,22
16:09:49:020019,28
16:09:49:031901,33
16:09:49:044087,39
16:09:49:056156,45
16:09:49:067966,52
16:09:49:080131,57
16:09:49:092145,63
16:09:49:104145,67
16:09:49:115957,69
16:09:49:127967,72
16:09:49:139956,75
16:09:49:150955,76
16:09:49:162945,78
16:09:49:174948,79
16:09:49:186959,78
16:09:49:198894,76
16:09:49:210954,75
16:09:49:222686,74
16:09:49:234628,71
16:09:49:246606,69
16:09:49:258684,67
16:09:49:270596,62
16:09:49:282713,58
16:09:49:294654,52
16:09:49:306621,47
16:09:49:318620,41
16:09:49:330615,35
16:09:49:341659,30
16:09:49:354023,25
16:09:49:366190,21
16:09:49:378072,18
16:09:49:390180,15
16:09:49:402191,13
16:09:49:414166,13
16:09:49:426171,12
16:09:49:438314,8
16:09:49:450457,6
16:09:49:462246,7
16:09:49:474265,10
16:09:49:486286,15
16:09:49:498261,17
16:09:49:510420,20
16:09:49:522138,26
16:09:49:533828,31
16:09:49:544992,37
16:09:49:557011,43
16:09:49:568838,50
16:09:49:581023,55
16:09:49:592947,60
16:09:49:604944,65
16:09:49:616927,68
16:09:49:628947,69
16:09:49:640957,72
16:09:49:652908,76
16:09:49:664891,77
16:09:49:676621,76
16:09:49:688635,75
16:09:49:700618,74
16:09:49:712623,73
16:09:49:724671,71
16:09:49:735604,68
16:09:49:747664,67
16:09:49:759594,64
16:09:49:771590,58
16:09:49:783709,53
16:09:49:795601,48
16:09:49:807637,42
16:09:49:819591,36
16:09:49:831642,31
16:09:49:843586,26
16:09:49:855607,21
16:09:49:867601,18
16:09:49:879594,16
16:09:49:891673,14
16:09:49:903642,13
16:09:49:915600,12
16:09:49:926775,9
16:09:49:938832,6
16:09:49:951043,7
16:09:49:963009,9
16:09:49:974964,14
16:09:49:987031,16
16:09:49:998920,19
16:09:50:011073,23
16:09:50:023227,28
16:09:50:034895,34
16:09:50:046950,40
16:09:50:058980,46
16:09:50:070845,52
16:09:50:082988,57
16:09:50:095072,62
16:09:50:107026,65
16:09:50:118442,67
16:09:50:130497,70
16:09:50:142440,73
16:09:50:154254,74
16:09:50:166449,76
16:09:50:178358,76
16:09:50:190175,74
16:09:50:202227,73
16:09:50:214043,72
16:09:50:226235,70
16:09:50:238168,68
16:09:50:250210,66
16:09:50:262014,64
16:09:50:274201,60
16:09:50:286136,55
16:09:50:298163,49
16:09:50:310175,44
16:09:50:321285,38
16:09:50:333183,33
16:09:50:344929,28
16:09:50:357029,22
16:09:50:369050,19
16:09:50:380976,16
16:09:50:392947,15
16:09:50:404988,14
16:09:50:417057,12
16:09:50:428959,11
16:09:50:440998,7
16:09:50:452995,7
16:09:50:465045,8
16:09:50:476985,12
16:09:50:489009,16
16:09:50:501063,17
16:09:50:513050,22
16:09:50:524201,27
16:09:50:536072,32
16:09:50:548075,38
16:09:50:560435,44
16:09:50:572132,50
16:09:50:584206,55
16:09:50:596208,59
16:09:50:608277,63
16:09:50:620197,66
16:09:50:632023,69
16:09:50:644201,71
16:09:50:656044,73
16:09:50:667814,74
16:09:50:680102,75
16:09:50:692087,74
16:09:50:704325,73
16:09:50:716229,72
16:09:50:726977,68
16:09:50:739015,66
16:09:50:750984,65
16:09:50:763045,61
16:09:50:774968,56
16:09:50:787043,51
16:09:50:798996,46
16:09:50:811001,40
16:09:50:823220,34
16:09:50:835056,29
16:09:50:847033,24
16:09:50:859053,20
16:09:50:871003,17
16:09:50:882994,15
16:09:50:895323,14
16:09:50:907059,12
16:09:50:919046,11
16:09:50:930270,7
16:09:50:942246,6
16:09:50:954242,7
16:09:50:966480,10
16:09:50:978230,15
16:09:50:990210,16
16:09:51:002112,19
16:09:51:014218,24
16:09:51:026473,29
16:09:51:038233,35
16:09:51:050212,41
16:09:51:062215,47
16:09:51:074208,53
16:09:51:086223,58
16:09:51:098131,61
16:09:51:110225,63
16:09:51:120993,67
16:09:51:132979,70
16:09:51:145014,71
16:09:51:156970,73
16:09:51:169105,74
16:09:51:180979,73
16:09:51:193025,72
16:09:51:204985,71
16:09:51:217021,70
16:09:51:229022,68
16:09:51:241100,66
16:09:51:253062,65
16:09:51:265080,62
16:09:51:277027,57
16:09:51:289276,52
16:09:51:301022,47
16:09:51:313076,42
16:09:51:324200,36
16:09:51:336170,30
16:09:51:348504,25
16:09:51:360346,21
16:09:51:372419,18
16:09:51:384493,16
16:09:51:396625,14
16:09:51:408053,13
16:09:51:420270,12
16:09:51:432215,9
16:09:51:444484,6
16:09:51:456249,7
16:09:51:468244,9
16:09:51:480140,13
16:09:51:492100,16
16:09:51:504044,18
16:09:51:516217,23
16:09:51:527048,27
16:09:51:539018,33
16:09:51:551048,39
16:09:51:563034,45
16:09:51:575031,50
16:09:51:587039,54
16:09:51:599112,59
16:09:51:611137,62
16:09:51:623039,65
16:09:51:635019,68
16:09:51:647099,70
16:09:51:659131,72
16:09:51:671024,73
16:09:51:683067,72
16:09:51:695019,71
16:09:51:707065,70
16:09:51:718953,70
16:09:51:730012,69
16:09:51:742494,65
16:09:51:754247,62
16:09:51:766241,59
16:09:51:778149,53
16:09:51:790285,46
16:09:51:802224,36
16:09:51:814280,31
16:09:51:826246,28
16:09:51:838162,27
16:09:51:850338,27
16:09:51:862126,26
16:09:51:874122,20
16:09:51:886176,17
16:09:51:898344,23
16:09:51:909912,26
16:09:51:921009,31
16:09:51:933085,37
16:09:51:945145,44
16:09:51:957170,48
16:09:51:969059,52
16:09:51:981060,55
16:09:51:993263,57
16:09:52:005117,60
16:09:52:017068,63
16:09:52:029033,68
16:09:52:040974,70
16:09:52:053386,69
16:09:52:065101,65
16:09:52:077101,62
16:09:52:089088,59
16:09:52:101324,53
16:09:52:113359,46
16:09:52:124472,41
16:09:52:136237,35
16:09:52:148276,30
16:09:52:160295,28
16:09:52:172295,27
16:09:52:184187,27
16:09:52:196318,26
16:09:52:208373,19
16:09:52:220393,16
16:09:52:232332,21
16:09:52:244022,26
16:09:52:255785,29
16:09:52:267742,35
16:09:52:279746,41
16:09:52:291785,47
16:09:52:303840,52
16:09:52:314784,54
16:09:52:326805,56
16:09:52:338774,58
16:09:52:350707,61
16:09:52:362808,67
16:09:52:374773,69
16:09:52:386714,68
16:09:52:398766,66
16:09:52:410715,62
16:09:52:422882,59
16:09:52:434829,54
16:09:52:446844,48
16:09:52:458765,42
16:09:52:470865,37
16:09:52:482833,31
16:09:52:495113,28
16:09:52:507680,26
16:09:52:518340,27
16:09:52:530044,26
16:09:52:542264,20
16:09:52:554395,15
16:09:52:566133,19
16:09:52:578378,25
16:09:52:590068,28
16:09:52:602321,33
16:09:52:614316,40
16:09:52:626241,45
16:09:52:638136,50
16:09:52:650164,53
16:09:52:662423,55
16:09:52:674418,57
16:09:52:686394,59
16:09:52:698389,65
16:09:52:710550,69
16:09:52:721021,68
16:09:52:733295,66
16:09:52:744982,62
16:09:52:757153,60
16:09:52:769187,55
16:09:52:781363,48
16:09:52:793377,43
16:09:52:805338,38
16:09:52:817423,32
16:09:52:829491,28
16:09:52:841478,26
16:09:52:853473,26
16:09:52:865619,27
16:09:52:877475,16
16:09:52:889487,18
16:09:52:901489,24
16:09:52:912451,27
16:09:52:924314,32
16:09:52:936244,38
16:09:52:948427,44
16:09:52:960336,48
16:09:52:972272,52
16:09:52:984246,54
16:09:52:996681,56
16:09:53:008691,58
16:09:53:021062,63
16:09:53:032638,68
16:09:53:044658,67
16:09:53:056471,66
16:09:53:068337,62
16:09:53:080324,59
16:09:53:092705,56
16:09:53:103129,50
16:09:53:115221,44
16:09:53:127190,38
16:09:53:139129,33
16:09:53:151142,29
16:09:53:163499,27
16:09:53:175494,26
16:09:53:187485,26
16:09:53:199544,24
16:09:53:211682,16
16:09:53:223526,16
16:09:53:235544,22
16:09:53:247468,26
16:09:53:259464,30
16:09:53:271506,36
16:09:53:283506,42
16:09:53:294673,47
16:09:53:306624,50
16:09:53:318307,54
16:09:53:330284,56
16:09:53:342684,57
16:09:53:354641,61
16:09:53:366292,66
16:09:53:378273,67
16:09:53:390243,66
16:09:53:402242,63
16:09:53:414245,60
16:09:53:426768,57
16:09:53:438722,50
16:09:53:451134,45
16:09:53:463086,39
16:09:53:473372,34
16:09:53:485385,29
16:09:53:497368,27
16:09:53:509441,26
16:09:53:521788,26
16:09:53:533358,25
16:09:53:545583,18
16:09:53:557531,16
16:09:53:569327,21
16:09:53:581511,26
16:09:53:593969,29
16:09:53:605797,35
16:09:53:617887,41
16:09:53:629951,46
16:09:53:641560,50
16:09:53:653548,53
16:09:53:664160,55
16:09:53:676210,56
16:09:53:688359,60
16:09:53:700661,66
16:09:53:712726,67
16:09:53:724379,66
16:09:53:736574,63
16:09:53:748461,59
16:09:53:760730,58
16:09:53:772706,52
16:09:53:784678,46
16:09:53:796710,41
16:09:53:808727,36
16:09:53:820499,30
16:09:53:832746,27
16:09:53:844718,26
16:09:53:855264,27
16:09:53:867217,26
16:09:53:879559,20
16:09:53:891575,16
16:09:53:903572,19
16:09:53:915563,25
16:09:53:927545,28
16:09:53:939544,34
16:09:53:951566,40
16:09:53:963570,45
16:09:53:975558,52
16:09:53:987575,54
16:09:53:999594,56
16:09:54:011569,58
16:09:54:023571,64
16:09:54:035367,67
16:09:54:046603,66
16:09:54:058754,65
16:09:54:070348,61
16:09:54:082757,58
16:09:54:094764,54
16:09:54:106787,47
16:09:54:118712,42
16:09:54:130779,38
16:09:54:142754,32
16:09:54:154732,28
16:09:54:166743,26
16:09:54:178705,26
16:09:54:190627,26
16:09:54:202677,22
16:09:54:214680,16
16:09:54:226712,19
16:09:54:237583,25
16:09:54:249584,27
16:09:54:261572,32
16:09:54:273691,38
16:09:54:285578,44
16:09:54:297598,48
16:09:54:309585,51
16:09:54:321571,53
16:09:54:333587,56
16:09:54:345584,57
16:09:54:357557,62
16:09:54:369556,66
16:09:54:381580,65
16:09:54:394028,64
16:09:54:405912,60
16:09:54:417157,58
16:09:54:429089,55
16:09:54:441026,49
16:09:54:452734,44
16:09:54:464735,39
16:09:54:476679,33
16:09:54:488647,29
16:09:54:500770,26
16:09:54:512742,26
16:09:54:524692,27
16:09:54:536542,24
16:09:54:549068,16
16:09:54:560768,17
16:09:54:572542,23
16:09:54:584645,27
16:09:54:595819,31
16:09:54:607542,37
16:09:54:619586,42
16:09:54:631572,47
16:09:54:643578,50
16:09:54:655637,53
16:09:54:667566,55
16:09:54:679588,57
16:09:54:691588,60
16:09:54:703594,66
16:09:54:715624,66
16:09:54:727602,64
16:09:54:739764,61
16:09:54:751598,58
16:09:54:762798,55
16:09:54:775118,49
16:09:54:787004,43
16:09:54:798766,39
16:09:54:810529,34
16:09:54:822280,29
16:09:54:834261,26
16:09:54:846262,25
16:09:54:858274,26
16:09:54:870237,25
16:09:54:882354,17
16:09:54:894265,16
16:09:54:906384,21
16:09:54:918382,26
16:09:54:930414,29
16:09:54:941226,35
16:09:54:953357,40
16:09:54:965343,45
16:09:54:977235,48
16:09:54:989270,51
16:09:55:001320,54
16:09:55:013296,55
16:09:55:025308,58
16:09:55:037313,64
16:09:55:049266,65
16:09:55:061282,62
16:09:55:073389,56
16:09:55:085415,53
16:09:55:097651,47
16:09:55:108894,41
16:09:55:120724,37
16:09:55:132467,34
16:09:55:144738,33
16:09:55:156643,34
16:09:55:168734,34
16:09:55:180770,25
16:09:55:192745,28
16:09:55:204771,34
16:09:55:216699,39
16:09:55:228703,45
16:09:55:240454,48
16:09:55:252414,49
16:09:55:264393,50
16:09:55:276521,50
16:09:55:288249,55
16:09:55:300006,62
16:09:55:311647,61
16:09:55:323734,56
16:09:55:335746,52
16:09:55:347667,47
16:09:55:359618,40
16:09:55:371800,36
16:09:55:383757,33
16:09:55:395678,32
16:09:55:407692,33
16:09:55:419800,34
16:09:55:431924,25
16:09:55:444089,26
16:09:55:455978,33
16:09:55:467223,37
16:09:55:478725,43
16:09:55:490743,46
16:09:55:502739,49
16:09:55:514780,50
16:09:55:526804,50
16:09:55:538819,53
16:09:55:550787,61
16:09:55:562788,61
16:09:55:574747,57
16:09:55:586590,52
16:09:55:598690,48
16:09:55:610494,41
16:09:55:622850,36
16:09:55:634298,33
16:09:55:646194,31
16:09:55:657673,33
16:09:55:669413,34
16:09:55:681603,26
16:09:55:693629,25
16:09:55:705660,32
16:09:55:717454,36
16:09:55:729778,41
16:09:55:741677,46
16:09:55:753641,48
16:09:55:765687,49
16:09:55:777827,49
16:09:55:789652,51
16:09:55:802032,60
16:09:55:814094,61
16:09:55:825173,57
16:09:55:837433,53
16:09:55:848784,48
16:09:55:860864,41
16:09:55:872927,37
16:09:55:884775,34
16:09:55:896705,32
16:09:55:908838,32
16:09:55:920802,34
16:09:55:932797,27
16:09:55:944794,24
16:09:55:956747,31
16:09:55:968656,35
16:09:55:980254,40
16:09:55:992443,45
16:09:56:004473,47
16:09:56:016464,49
16:09:56:027642,49
16:09:56:039553,50
16:09:56:051625,58
16:09:56:063658,62
16:09:56:075657,58
16:09:56:087722,53
16:09:56:099849,49
16:09:56:111688,42
16:09:56:123765,37
16:09:56:135653,34
16:09:56:147742,31
16:09:56:159275,32
16:09:56:171170,29
16:09:56:183468,23
16:09:56:195461,30
16:09:56:207186,35
16:09:56:218748,39
16:09:56:230748,44
16:09:56:243059,47
16:09:56:254816,48
16:09:56:266858,49
16:09:56:278813,49
16:09:56:290621,56
16:09:56:302854,61
16:09:56:314810,58
16:09:56:326314,53
16:09:56:338243,50
16:09:56:350365,43
16:09:56:362479,38
16:09:56:374469,35
16:09:56:386172,32
16:09:56:397833,32
16:09:56:409728,33
16:09:56:421794,31
16:09:56:433755,23
16:09:56:445647,29
16:09:56:457767,34
16:09:56:469807,38
16:09:56:482100,43
16:09:56:494108,46
16:09:56:505196,48
16:09:56:517359,49
16:09:56:529234,49
16:09:56:541229,54
16:09:56:553297,61
16:09:56:565261,59
16:09:56:577192,53
16:09:56:588725,50
16:09:56:601140,44
16:09:56:612833,38
16:09:56:624603,35
16:09:56:636778,32
16:09:56:648608,32
16:09:56:660830,33
16:09:56:672670,31
16:09:56:684711,23
16:09:56:696501,27
16:09:56:708473,33
16:09:56:720153,37
16:09:56:732187,42
16:09:56:744485,45
16:09:56:756190,47
16:09:56:767669,49
16:09:56:779689,49
16:09:56:791924,52
16:09:56:803534,60
16:09:56:815746,59
16:09:56:827776,54
16:09:56:840057,51
16:09:56:852113,45
16:09:56:863572,39
16:09:56:875403,36
16:09:56:887491,33
16:09:56:899443,31
16:09:56:911557,32
16:09:56:923233,32
16:09:56:935232,25
16:09:56:947344,25
16:09:56:958460,32
16:09:56:970474,36
16:09:56:982391,41
16:09:56:994413,44
16:09:57:006345,47
16:09:57:018411,48
16:09:57:030474,48
16:09:57:041986,51
16:09:57:054066,59
16:09:57:066098,60
16:09:57:078038,55
16:09:57:090438,51
16:09:57:102410,46
16:09:57:114568,39
16:09:57:126512,36
16:09:57:137776,33
16:09:57:149699,31
16:09:57:161823,32
16:09:57:173672,33
16:09:57:185839,25
16:09:57:198037,25
16:09:57:210119,32
16:09:57:222109,35
16:09:57:233465,40
16:09:57:245356,44
16:09:57:257498,47
16:09:57:269521,48
16:09:57:281485,50
16:09:57:293265,58
16:09:57:305367,60
16:09:57:317522,56
16:09:57:328848,51
16:09:57:340874,47
16:09:57:352867,40
16:09:57:364855,37
16:09:57:376843,34
16:09:57:388893,31
16:09:57:400570,32
16:09:57:411995,33
16:09:57:423977,27
16:09:57:435961,24
16:09:57:447985,31
16:09:57:459981,35
16:09:57:472024,39
16:09:57:484044,44
16:09:57:495940,46
16:09:57:507957,48
16:09:57:519471,49
16:09:57:531366,49
16:09:57:543379,56
16:09:57:555452,60
16:09:57:567391,58
16:09:57:579412,52
16:09:57:590988,47
16:09:57:603021,40
16:09:57:614991,36
16:09:57:627005,36
16:09:57:638983,37
16:09:57:650994,40
16:09:57:663043,34
16:09:57:674977,31
16:09:57:687493,39
16:09:57:698551,42
16:09:57:710608,45
16:09:57:722484,47
16:09:57:734464,45
16:09:57:746391,44
16:09:57:758423,52
16:09:57:770242,56
16:09:57:782343,50
16:09:57:794267,45
16:09:57:806393,39
16:09:57:818350,36
16:09:57:830432,35
16:09:57:842358,36
16:09:57:854340,39
16:09:57:866346,31
16:09:57:877838,31
16:09:57:889928,39
16:09:57:901707,42
16:09:57:913945,45
16:09:57:925874,46
16:09:57:938761,45
16:09:57:950798,44
16:09:57:961278,52
16:09:57:973263,56
16:09:57:985536,50
16:09:57:997389,44
16:09:58:009554,38
16:09:58:021556,35
16:09:58:033119,34
16:09:58:045289,36
16:09:58:057327,38
16:09:58:068483,31
16:09:58:080900,32
16:09:58:092683,39
16:09:58:105251,42
16:09:58:116727,45
16:09:58:129587,46
16:09:58:140511,45
16:09:58:152281,44
16:09:58:164375,52
16:09:58:176272,55
16:09:58:188261,49
16:09:58:200341,44
16:09:58:212263,38
16:09:58:224550,35
16:09:58:236347,34
16:09:58:247901,36
16:09:58:259770,38
16:09:58:271929,30
16:09:58:283889,32
16:09:58:296565,39
16:09:58:308543,42
16:09:58:320247,45
16:09:58:331281,45
16:09:58:343562,44
16:09:58:355364,44
16:09:58:367324,53
16:09:58:379419,55
16:09:58:391397,48
16:09:58:403560,37
16:09:58:415224,35
16:09:58:427373,35
16:09:58:438758,37
16:09:58:450806,38
16:09:58:463579,29
16:09:58:475556,33
16:09:58:487544,39
16:09:58:499558,42
16:09:58:510469,45
16:09:58:522349,46
16:09:58:534135,44
16:09:58:546335,44
16:09:58:558267,53
16:09:58:570206,54
16:09:58:582516,48
16:09:58:594300,43
16:09:58:606400,37
16:09:58:617898,35
16:09:58:629827,35
16:09:58:642561,37
16:09:58:654776,37
16:09:58:666317,29
16:09:58:678563,33
16:09:58:690581,39
16:09:58:701470,43
16:09:58:713315,45
16:09:58:725309,46
16:09:58:737309,44
16:09:58:749339,44
16:09:58:761295,54
16:09:58:773250,53
16:09:58:785277,47
16:09:58:797583,42
16:09:58:809341,37
16:09:58:821553,34
16:09:58:833522,34
16:09:58:845573,37
16:09:58:857275,37
16:09:58:869423,29
16:09:58:881610,34
16:09:58:893572,39
16:09:58:904635,43
16:09:58:916348,45
16:09:58:928290,45
16:09:58:940277,44
16:09:58:952429,45
16:09:58:964421,54
16:09:58:976542,53
16:09:58:988568,47
16:09:59:000238,42
16:09:59:012351,36
16:09:59:024498,35
16:09:59:036573,35
16:09:59:048391,37
16:09:59:060447,36
16:09:59:072516,28
16:09:59:084232,34
16:09:59:096401,39
16:09:59:107591,43
16:09:59:119594,45
16:09:59:131583,46
16:09:59:143502,44
16:09:59:155501,45
16:09:59:167328,54
16:09:59:179378,52
16:09:59:191587,46
16:09:59:203627,41
16:09:59:215619,36
16:09:59:227630,34
16:09:59:239628,35
16:09:59:251633,37
16:09:59:263637,36
16:09:59:275653,28
16:09:59:287249,35
16:09:59:298210,39
16:09:59:310122,43
16:09:59:322120,45
16:09:59:334085,45
16:09:59:346073,43
16:09:59:358143,45
16:09:59:370211,54
16:09:59:382614,51
16:09:59:394633,45
16:09:59:406680,41
16:09:59:418650,35
16:09:59:430588,34
16:09:59:442642,34
16:09:59:454612,37
16:09:59:466397,35
16:09:59:478597,28
16:09:59:489281,35
16:09:59:501629,43
16:09:59:513354,44
16:09:59:525649,45
16:09:59:537520,43
16:09:59:549644,46
16:09:59:561643,55
16:09:59:573475,52
16:09:59:585635,44
16:09:59:597639,39
16:09:59:609248,35
16:09:59:621376,37
16:09:59:633628,41
16:09:59:645524,41
16:09:59:657525,34
16:09:59:669396,40
16:09:59:681648,44
16:09:59:692654,45
16:09:59:704685,44
16:09:59:716662,40
16:09:59:728531,45
16:09:59:740205,51
16:09:59:752240,44
16:09:59:764202,38
16:09:59:776652,34
16:09:59:788678,36
16:09:59:800665,40
16:09:59:812706,41
16:09:59:824677,33
16:09:59:836608,39
16:09:59:848594,43
16:09:59:860531,45
16:09:59:872562,44
16:09:59:884661,40
16:09:59:895239,43
16:09:59:907390,50
16:09:59:919621,44
16:09:59:931253,38
16:09:59:943648,34
16:09:59:955657,35
16:09:59:967529,39
16:09:59:979435,41
16:09:59:991586,34
16:10:00:003416,38
16:10:00:015544,42
16:10:00:027395,45
16:10:00:039607,44
16:10:00:051636,40
16:10:00:063643,41
16:10:00:075450,51
16:10:00:086578,45
16:10:00:098647,39
16:10:00:110503,34
16:10:00:138465,34
16:10:00:139596,38
16:10:00:146355,41
16:10:00:158669,34
16:10:00:170569,37
16:10:00:182663,42
16:10:00:194648,45
16:10:00:206681,44
16:10:00:218727,40
16:10:00:230682,40
16:10:00:242743,50
16:10:00:254282,46
16:10:00:266185,39
16:10:00:278124,35
16:10:00:289122,35
16:10:00:301099,38
16:10:00:313144,41
16:10:00:325108,34
16:10:00:337206,36
16:10:00:349066,42
16:10:00:361065,44
16:10:00:373235,44
16:10:00:385085,41
16:10:00:397136,40
16:10:00:409098,49
16:10:00:421109,47
16:10:00:433172,40
16:10:00:445281,35
16:10:00:457193,34
16:10:00:469208,37
16:10:00:481148,42
16:10:00:492162,36
16:10:00:504120,35
16:10:00:516299,41
16:10:00:528370,44
16:10:00:540690,44
16:10:00:552697,41
16:10:00:564761,39
16:10:00:576611,48
16:10:00:588674,41
16:10:00:600689,35
16:10:00:612437,34
16:10:00:624676,37
16:10:00:636593,41
16:10:00:648558,36
16:10:00:660330,34
16:10:00:672212,41
16:10:00:683534,44
16:10:00:695680,44
16:10:00:707584,42
16:10:00:719409,39
16:10:00:731651,47
16:10:00:743918,49
16:10:00:755722,41
16:10:00:767709,36
16:10:00:779673,34
16:10:00:791715,36
16:10:00:803692,41
16:10:00:815699,37
16:10:00:827714,33
16:10:00:839657,40
16:10:00:851685,44
16:10:00:863694,44
16:10:00:875710,42
16:10:00:886642,38
16:10:00:898701,46
16:10:00:910667,49
16:10:00:922735,41
16:10:00:934724,37
16:10:00:946716,34
16:10:00:958708,36
16:10:00:970709,41
16:10:00:982534,38
16:10:00:994656,32
16:10:01:006697,40
16:10:01:018719,43
16:10:01:030330,44
16:10:01:042707,43
16:10:01:054541,39
16:10:01:066553,44
16:10:01:078674,49
16:10:01:089705,42
16:10:01:101601,37
16:10:01:113713,34
16:10:01:125686,36
16:10:01:137700,40
16:10:01:149720,39
16:10:01:161600,32
16:10:01:173709,39
16:10:01:185517,42
16:10:01:197704,44
16:10:01:209702,42
16:10:01:221705,39
16:10:01:233294,44
16:10:01:245481,51
16:10:01:257946,44
16:10:01:269806,37
16:10:01:280545,34
16:10:01:292511,37
16:10:01:304704,45
16:10:01:316751,41
16:10:01:328574,38
16:10:01:340764,44
16:10:01:352695,45
16:10:01:364821,42
16:10:01:376603,37
16:10:01:388809,43
16:10:01:400712,45
16:10:01:412763,37
16:10:01:424315,34
16:10:01:436381,36
16:10:01:448721,43
16:10:01:460509,41
16:10:01:471705,38
16:10:01:483705,44
16:10:01:495287,45
16:10:01:507263,42
16:10:01:519248,37
16:10:01:531209,42
16:10:01:543217,45
16:10:01:555588,37
16:10:01:567404,33
16:10:01:579725,35
16:10:01:591710,42
16:10:01:603777,42
16:10:01:615773,37
16:10:01:627989,43
16:10:01:639822,45
16:10:01:650767,42
16:10:01:662644,37
16:10:01:674860,45
16:10:01:686937,38
16:10:01:698576,34
16:10:01:710749,35
16:10:01:722436,41
16:10:01:734512,42
16:10:01:746536,37
16:10:01:758764,43
16:10:01:770721,45
16:10:01:782758,43
16:10:01:794751,37
16:10:01:806590,39
16:10:01:818723,46
16:10:01:830758,39
16:10:01:841768,34
16:10:01:853732,35
16:10:01:865764,41
16:10:01:877753,43
16:10:01:889991,37
16:10:01:901989,42
16:10:01:913952,45
16:10:01:926097,43
16:10:01:937739,37
16:10:01:949742,38
16:10:01:961683,46
16:10:01:973801,39
16:10:01:985992,34
16:10:01:997998,34
16:10:02:009956,40
16:10:02:020997,44
16:10:02:032372,36
16:10:02:044699,41
16:10:02:056381,44
16:10:02:068379,43
16:10:02:080631,38
16:10:02:092767,38
16:10:02:104814,46
16:10:02:116741,40
16:10:02:128738,35
16:10:02:140680,34
16:10:02:152807,39
16:10:02:164677,44
16:10:02:176877,37
16:10:02:189015,41
16:10:02:199756,44
16:10:02:211786,43
16:10:02:223830,38
16:10:02:235895,37
16:10:02:247791,46
16:10:02:260030,40
16:10:02:271854,35
16:10:02:283778,33
16:10:02:295664,38
16:10:02:308019,44
16:10:02:319939,37
16:10:02:332011,40
16:10:02:344001,44
16:10:02:356008,44
16:10:02:367451,39
16:10:02:379533,36
16:10:02:390569,45
16:10:02:402729,41
16:10:02:414784,36
16:10:02:426865,33
16:10:02:438759,38
16:10:02:450754,44
16:10:02:462830,38
16:10:02:474621,39
16:10:02:486637,44
16:10:02:498789,44
16:10:02:510757,40
16:10:02:522593,36
16:10:02:534331,45
16:10:02:546707,42
16:10:02:558628,35
16:10:02:569467,33
16:10:02:581512,37
16:10:02:593634,43
16:10:02:605793,38
16:10:02:617804,39
16:10:02:629791,44
16:10:02:641500,44
16:10:02:653419,40
16:10:02:665808,35
16:10:02:677588,45
16:10:02:689812,44
16:10:02:701810,36
16:10:02:714042,33
16:10:02:725371,39
16:10:02:737495,47
16:10:02:749378,42
16:10:02:760482,44
16:10:02:772517,45
16:10:02:784530,41
16:10:02:796570,40
16:10:02:808509,40
16:10:02:820612,33
16:10:02:832613,34
16:10:02:844502,43
16:10:02:856331,45
16:10:02:868341,41
16:10:02:880406,45
16:10:02:892584,44
16:10:02:904284,38
16:10:02:916261,35
16:10:02:928280,42
16:10:02:940331,37
16:10:02:951246,33
16:10:02:963257,36
16:10:02:975315,45
16:10:02:987248,42
16:10:02:999296,43
16:10:03:011261,45
16:10:03:023367,42
16:10:03:035322,34
16:10:03:047222,38
16:10:03:059206,41
16:10:03:071324,34
16:10:03:083216,33
16:10:03:095318,41
16:10:03:107270,47
16:10:03:119354,41
16:10:03:130330,44
16:10:03:142340,45
16:10:03:154649,39
16:10:03:166739,34
16:10:03:178865,42
16:10:03:190766,38
16:10:03:202516,33
16:10:03:214782,35
16:10:03:226778,44
16:10:03:238858,43
16:10:03:250815,42
16:10:03:262805,46
16:10:03:274758,43
16:10:03:286657,35
16:10:03:298850,37
16:10:03:310596,42
16:10:03:321891,35
16:10:03:334033,33
16:10:03:346077,39
16:10:03:357811,46
16:10:03:369707,40
16:10:03:381718,44
16:10:03:393806,45
16:10:03:405855,40
16:10:03:417729,33
16:10:03:429568,41
16:10:03:441840,39
16:10:03:453808,33
16:10:03:465826,34
16:10:03:477695,43
16:10:03:489821,45
16:10:03:500719,41
16:10:03:512746,45
16:10:03:524672,44
16:10:03:536515,36
16:10:03:548750,35
16:10:03:560614,42
16:10:03:572697,36
16:10:03:584721,32
16:10:03:596765,37
16:10:03:608770,46
16:10:03:620782,41
16:10:03:632638,43
16:10:03:644740,46
16:10:03:656729,42
16:10:03:668810,34
16:10:03:680872,39
16:10:03:691884,40
16:10:03:703497,34
16:10:03:716064,33
16:10:03:727822,41
16:10:03:739707,46
16:10:03:751815,40
16:10:03:763867,44
16:10:03:775870,44
16:10:03:787834,38
16:10:03:799817,34
16:10:03:811843,42
16:10:03:824074,37
16:10:03:836083,33
16:10:03:847814,36
16:10:03:860036,45
16:10:03:871885,43
16:10:03:882728,42
16:10:03:894721,42
16:10:03:906561,34
16:10:03:918767,38
16:10:03:930805,46
16:10:03:942727,36
16:10:03:954733,32
16:10:03:966739,39
16:10:03:978835,49
16:10:03:990623,45
16:10:04:002816,47
16:10:04:014736,44
16:10:04:026823,35
16:10:04:038566,35
16:10:04:050710,38
16:10:04:061830,33
16:10:04:073728,35
16:10:04:085758,45
16:10:04:097844,46
16:10:04:109440,45
16:10:04:121424,46
16:10:04:133874,39
16:10:04:145576,32
16:10:04:157822,39
16:10:04:169885,35
16:10:04:222163,33
16:10:04:261101,40
16:10:04:262103,48
16:10:04:262606,43
16:10:04:262865,46
16:10:04:263087,43
16:10:04:263304,33
16:10:04:264308,36
16:10:04:276393,37
16:10:04:288345,32
16:10:04:300332,36
16:10:04:312356,47
16:10:04:324627,45
16:10:04:336690,45
16:10:04:348738,45
16:10:04:360637,37
16:10:04:372779,33
16:10:04:384631,39
16:10:04:396719,34
16:10:04:408869,33
16:10:04:420771,43
16:10:04:431894,47
16:10:04:444009,44
16:10:04:455875,46
16:10:04:468127,41
16:10:04:480138,32
16:10:04:492136,37
16:10:04:504133,36
16:10:04:516130,32
16:10:04:528191,37
16:10:04:539876,48
16:10:04:551882,44
16:10:04:563884,46
16:10:04:575872,44
16:10:04:587900,34
16:10:04:599709,33
16:10:04:610723,38
16:10:04:622731,33
16:10:04:634727,34
16:10:04:646688,44
16:10:04:658765,46
16:10:04:670692,44
16:10:04:682736,46
16:10:04:694703,39
16:10:04:706826,31
16:10:04:718626,38
16:10:04:730754,35
16:10:04:742644,32
16:10:04:754550,40
16:10:04:766759,48
16:10:04:778767,43
16:10:04:789752,46
16:10:04:801899,43
16:10:04:814150,33
16:10:04:825920,35
16:10:04:837903,37
16:10:04:849891,32
16:10:04:862147,35
16:10:04:874168,46
16:10:04:886208,45
16:10:04:898145,45
16:10:04:910153,45
16:10:04:921726,37
16:10:04:933712,32
16:10:04:945652,39
16:10:04:957635,34
16:10:04:968594,32
16:10:04:980484,42
16:10:04:992665,47
16:10:05:004698,44
16:10:05:016514,41
16:10:05:028820,32
16:10:05:040691,40
16:10:05:052735,39
16:10:05:064923,31
16:10:05:076772,36
16:10:05:088703,49
16:10:05:100698,48
16:10:05:112774,47
16:10:05:124746,43
16:10:05:136739,31
16:10:05:148718,35
16:10:05:159928,35
16:10:05:171927,32
16:10:05:184214,43
16:10:05:196150,50
16:10:05:208150,47
16:10:05:220622,46
16:10:05:231509,36
16:10:05:243788,31
16:10:05:255776,36
16:10:05:267949,32
16:10:05:279932,36
16:10:05:291906,48
16:10:05:303934,47
16:10:05:315905,47
16:10:05:327999,42
16:10:05:339904,31
16:10:05:350721,35
16:10:05:362783,34
16:10:05:374720,33
16:10:05:386734,43
16:10:05:398710,49
16:10:05:410725,47
16:10:05:422752,46
16:10:05:434427,35
16:10:05:446358,31
16:10:05:458356,36
16:10:05:470355,31
16:10:05:482386,37
16:10:05:494322,49
16:10:05:506406,46
16:10:05:518407,47
16:10:05:530378,41
16:10:05:541359,30
16:10:05:553409,35
16:10:05:565483,33
16:10:05:577386,32
16:10:05:589366,44
16:10:05:601567,49
16:10:05:613534,47
16:10:05:625381,46
16:10:05:637422,34
16:10:05:649453,31
16:10:05:661572,35
16:10:05:673606,32
16:10:05:685407,38
16:10:05:697412,49
16:10:05:709413,46
16:10:05:720512,46
16:10:05:732557,40
16:10:05:744656,30
16:10:05:756533,34
16:10:05:768585,32
16:10:05:780575,33
16:10:05:792609,44
16:10:05:804620,48
16:10:05:816595,46
16:10:05:828587,45
16:10:05:840590,33
16:10:05:852553,31
16:10:05:864577,35
16:10:05:876611,32
16:10:05:888606,38
16:10:05:900573,49
16:10:05:911688,46
16:10:05:923664,46
16:10:05:935642,39
16:10:05:947658,29
16:10:05:959686,35
16:10:05:971656,33
16:10:05:983727,33
16:10:05:995686,45
16:10:06:007681,48
16:10:06:019539,46
16:10:06:031424,44
16:10:06:043370,33
16:10:06:055399,34
16:10:06:067479,37
16:10:06:079563,31
16:10:06:090634,39
16:10:06:102598,51
16:10:06:114622,47
16:10:06:126627,34
16:10:06:138569,30
16:10:06:150600,33
16:10:06:162600,32
16:10:06:174576,43
16:10:06:186569,51
16:10:06:198567,48
16:10:06:210560,44
16:10:06:222577,30
16:10:06:234590,31
16:10:06:246521,32
16:10:06:258577,34
16:10:06:270619,47
16:10:06:281678,50
16:10:06:293660,48
16:10:06:305701,40
16:10:06:317681,28
16:10:06:329664,32
16:10:06:341637,31
16:10:06:353672,37
16:10:06:365660,50
16:10:06:377626,49
16:10:06:389651,47
16:10:06:401673,36
16:10:06:413677,29
16:10:06:425662,33
16:10:06:437629,31
16:10:06:449679,41
16:10:06:460692,50
16:10:06:472617,48
16:10:06:484586,44
16:10:06:496620,31
16:10:06:508632,30
16:10:06:520595,33
16:10:06:532533,33
16:10:06:544624,46
16:10:06:556602,50
16:10:06:568525,48
16:10:06:580647,41
16:10:06:592670,28
16:10:06:604651,32
16:10:06:616677,31
16:10:06:628595,36
16:10:06:640609,49
16:10:06:651664,49
16:10:06:663655,47
16:10:06:675665,36
16:10:06:687620,28
16:10:06:699689,33
16:10:06:711693,31
16:10:06:723676,40
16:10:06:735665,50
16:10:06:747650,48
16:10:06:759580,45
16:10:06:771668,32
16:10:06:783806,29
16:10:06:795745,32
16:10:06:807682,32
16:10:06:819723,44
16:10:06:830633,50
16:10:06:842670,48
16:10:06:854837,42
16:10:06:866666,29
16:10:06:878690,31
16:10:06:890700,32
16:10:06:902758,35
16:10:06:914659,48
16:10:06:926699,49
16:10:06:938678,48
16:10:06:950644,38
16:10:06:962693,29
16:10:06:974679,38
16:10:06:986649,32
16:10:06:998702,34
16:10:07:010655,50
16:10:07:021716,51
16:10:07:033577,47
16:10:07:045752,33
16:10:07:057721,28
16:10:07:069582,31
16:10:07:081475,34
16:10:07:093460,49
16:10:07:105562,52
16:10:07:117564,48
16:10:07:129508,33
16:10:07:141707,27
16:10:07:153675,31
16:10:07:165594,33
16:10:07:177521,48
16:10:07:189600,51
16:10:07:200556,48
16:10:07:212650,35
16:10:07:224714,27
16:10:07:236613,33
16:10:07:248698,47
16:10:07:260729,52
16:10:07:272682,48
16:10:07:284636,35
16:10:07:296683,26
16:10:07:308711,31
16:10:07:320715,32
16:10:07:332681,47
16:10:07:344724,52
16:10:07:356650,48
16:10:07:368721,36
16:10:07:379724,26
16:10:07:391766,31
16:10:07:403702,32
16:10:07:415775,45
16:10:07:427676,52
16:10:07:439782,48
16:10:07:451768,37
16:10:07:463709,26
16:10:07:475741,30
16:10:07:487689,31
16:10:07:499771,45
16:10:07:511752,52
16:10:07:523699,48
16:10:07:535700,38
16:10:07:547778,26
16:10:07:558763,30
16:10:07:570633,31
16:10:07:582719,44
16:10:07:594780,52
16:10:07:606730,49
16:10:07:618695,39
16:10:07:630688,27
16:10:07:642683,30
16:10:07:654688,31
16:10:07:666670,42
16:10:07:678706,52
16:10:07:690738,49
16:10:07:702704,40
16:10:07:714736,26
16:10:07:726816,30
16:10:07:738755,31
16:10:07:749792,42
16:10:07:761788,52
16:10:07:773782,49
16:10:07:785733,41
16:10:07:797720,28
16:10:07:828375,35
16:10:07:829610,31
16:10:07:833770,37
16:10:07:845751,53
16:10:07:857778,52
16:10:07:869760,42
16:10:07:881758,27
16:10:07:893736,29
16:10:07:905695,32
16:10:07:917772,46
16:10:07:929765,54
16:10:07:940728,49
16:10:07:952943,33
16:10:07:964731,25
16:10:07:977508,30
16:10:07:988679,37
16:10:08:000658,52
16:10:08:012785,52
16:10:08:024790,43
16:10:08:036644,27
16:10:08:048709,28
16:10:08:060698,31
16:10:08:072631,45
16:10:08:084722,54
16:10:08:096673,49
16:10:08:108617,34
16:10:08:120758,25
16:10:08:131764,29
16:10:08:143681,36
16:10:08:155784,52
16:10:08:167786,52
16:10:08:179787,43
16:10:08:191776,27
16:10:08:203687,28
16:10:08:215500,31
16:10:08:227646,45
16:10:08:239652,54
16:10:08:251479,49
16:10:08:263661,34
16:10:08:275651,25
16:10:08:287701,29
16:10:08:299542,36
16:10:08:311602,52
16:10:08:322495,52
16:10:08:334556,44
16:10:08:346558,27
16:10:08:358493,31
16:10:08:370497,44
16:10:08:382499,54
16:10:08:394564,49
16:10:08:406665,35
16:10:08:418599,24
16:10:08:430540,29
16:10:08:442511,36
16:10:08:454575,52
16:10:08:466505,52
16:10:08:478545,44
16:10:08:490724,27
16:10:08:502717,27
16:10:08:513786,31
16:10:08:525822,44
16:10:08:537724,53
16:10:08:549784,49
16:10:08:561752,35
16:10:08:573682,27
16:10:08:585722,30
16:10:08:597698,34
16:10:08:609788,51
16:10:08:621783,54
16:10:08:633735,43
16:10:08:645762,26
16:10:08:657785,27
16:10:08:669810,33
16:10:08:681789,50
16:10:08:693777,54
16:10:08:704760,43
16:10:08:716720,25
16:10:08:728772,26
16:10:08:740759,33
16:10:08:752656,50
16:10:08:764733,54
16:10:08:776693,44
16:10:08:788791,26
16:10:08:800780,26
16:10:08:812716,32
16:10:08:824774,49
16:10:08:836794,54
16:10:08:848722,45
16:10:08:860760,26
16:10:08:872730,25
16:10:08:884771,32
16:10:08:895864,48
16:10:08:907783,55
16:10:08:919834,46
16:10:08:931802,27
16:10:08:943880,25
16:10:08:955799,31
16:10:08:967794,47
16:10:08:979839,54
16:10:08:991877,46
16:10:09:003771,28
16:10:09:015923,25
16:10:09:027785,30
16:10:09:039840,46
16:10:09:051843,55
16:10:09:063807,47
16:10:09:074733,28
16:10:09:086721,24
16:10:09:098809,30
16:10:09:110732,45
16:10:09:122739,55
16:10:09:134745,48
16:10:09:146724,29
16:10:09:158772,24
16:10:09:170767,30
16:10:09:182799,44
16:10:09:194737,55
16:10:09:206790,48
16:10:09:218762,30
16:10:09:230788,23
16:10:09:242689,29
16:10:09:254692,43
16:10:09:265820,55
16:10:09:277838,49
16:10:09:289842,32
16:10:09:301873,30
16:10:09:313810,32
16:10:09:325845,35
16:10:09:337826,54
16:10:09:349632,53
16:10:09:361833,36
16:10:09:380570,23
16:10:09:385642,29
16:10:09:397743,43
16:10:09:409753,56
16:10:09:421727,49
16:10:09:433729,28
16:10:09:445766,32
16:10:09:456818,50
16:10:09:469499,55
16:10:09:480706,42
16:10:09:492830,24
16:10:09:504802,26
16:10:09:516962,37
16:10:09:528958,54
16:10:09:540945,52
16:10:09:553112,34
16:10:09:564799,22
16:10:09:576968,29
16:10:09:588956,44
16:10:09:601127,56
16:10:09:613127,47
16:10:09:624856,27
16:10:09:635706,23
16:10:09:647679,32
16:10:09:659662,51
16:10:09:671660,55
16:10:09:683960,41
16:10:09:696128,23
16:10:09:708130,26
16:10:09:719968,38
16:10:09:732163,55
16:10:09:743913,51
16:10:09:756100,33
16:10:09:767976,22
16:10:09:780144,29
16:10:09:792097,45
16:10:09:804135,56
16:10:09:816394,46
16:10:09:827247,26
16:10:09:839143,24
16:10:09:851134,34
16:10:09:863177,52
16:10:09:874965,54
16:10:09:887008,39
16:10:09:898994,22
16:10:09:910992,26
16:10:09:923027,39
16:10:09:934962,55
16:10:09:946968,51
16:10:09:959144,32
16:10:09:970949,28
16:10:09:982982,30
16:10:09:995113,39
16:10:10:007164,56
16:10:10:018435,50
16:10:10:029971,28
16:10:10:042209,23
16:10:10:053980,34
16:10:10:065971,54
16:10:10:078211,54
16:10:10:090066,34
16:10:10:102264,21
16:10:10:113979,30
16:10:10:126137,49
16:10:10:138202,56
16:10:10:149788,41
16:10:10:161827,22
16:10:10:173997,26
16:10:10:186200,42
16:10:10:197014,56
16:10:10:208982,47
16:10:10:220991,25
16:10:10:232716,23
16:10:10:245052,36
16:10:10:256938,55
16:10:10:269221,52
16:10:10:281202,31
16:10:10:293210,21
16:10:10:305188,31
16:10:10:317230,51
16:10:10:329132,55
16:10:10:340987,38
16:10:10:353060,21
16:10:10:364969,28
16:10:10:376960,45
16:10:10:388180,56
16:10:10:400101,45
16:10:10:412161,23
16:10:10:423974,24
16:10:10:436172,39
16:10:10:448117,56
16:10:10:460137,50
16:10:10:471994,28
16:10:10:484155,22
16:10:10:496181,33
16:10:10:508181,53
16:10:10:520028,54
16:10:10:531894,35
16:10:10:544213,21
16:10:10:556170,29
16:10:10:566984,56
16:10:10:579217,42
16:10:10:591286,23
16:10:10:603189,26
16:10:10:615220,41
16:10:10:627238,57
16:10:10:639035,47
16:10:10:651053,23
16:10:10:662727,24
16:10:10:675049,41
16:10:10:687153,58
16:10:10:699062,46
16:10:10:711151,23
16:10:10:723005,24
16:10:10:735018,42
16:10:10:747001,58
16:10:10:758221,46
16:10:10:769951,22
16:10:10:781847,24
16:10:10:794007,42
16:10:10:805999,57
16:10:10:818163,45
16:10:10:830182,22
16:10:10:842119,24
16:10:10:854018,43
16:10:10:866174,57
16:10:10:878200,45
16:10:10:890166,22
16:10:10:902199,24
16:10:10:914098,43
16:10:10:926030,57
16:10:10:937003,44
16:10:10:949389,22
16:10:10:960875,24
16:10:10:972669,43
16:10:10:984645,57
16:10:10:996629,44
16:10:11:008628,21
16:10:11:020598,24
16:10:11:032647,44
16:10:11:044598,57
16:10:11:056630,44
16:10:11:068733,22
16:10:11:080672,25
16:10:11:092601,44
16:10:11:104596,57
16:10:11:116598,43
16:10:11:127679,22
16:10:11:139714,25
16:10:11:151715,45
16:10:11:163618,57
16:10:11:175588,43
16:10:11:187583,24
16:10:11:199715,27
16:10:11:211656,40
16:10:11:223844,58
16:10:11:236199,45
16:10:11:248098,21
16:10:11:260197,25
16:10:11:272056,48
16:10:11:284093,57
16:10:11:296228,37
16:10:11:306985,19
16:10:11:319187,31
16:10:11:330987,53
16:10:11:343051,53
16:10:11:355048,29
16:10:11:366825,20
16:10:11:378934,37
16:10:11:390943,57
16:10:11:403200,48
16:10:11:415171,23
16:10:11:427017,23
16:10:11:439103,45
16:10:11:451049,58
16:10:11:463010,40
16:10:11:475088,19
16:10:11:487176,28
16:10:11:498245,51
16:10:11:510213,55
16:10:11:522104,32
16:10:11:533901,19
16:10:11:546252,34
16:10:11:558156,56
16:10:11:569864,50
16:10:11:582205,25
16:10:11:593966,21
16:10:11:606216,41
16:10:11:618202,57
16:10:11:630154,43
16:10:11:642145,20
16:10:11:653996,26
16:10:11:666148,49
16:10:11:677109,35
16:10:11:688893,19
16:10:11:700908,31
16:10:11:713119,54
16:10:11:725111,52
16:10:11:737079,28
16:10:11:748893,23
16:10:11:761047,34
16:10:11:773098,56
16:10:11:785261,50
16:10:11:797103,23
16:10:11:809284,23
16:10:11:821170,47
16:10:11:833231,57
16:10:11:845221,34
16:10:11:856440,18
16:10:11:868297,35
16:10:11:880225,57
16:10:11:892194,47
16:10:11:904328,21
16:10:11:916286,24
16:10:11:927876,49
16:10:11:940128,56
16:10:11:952308,31
16:10:11:964014,18
16:10:11:976050,37
16:10:11:988336,57
16:10:12:000224,44
16:10:12:012161,20
16:10:12:024169,26
16:10:12:036087,51
16:10:12:046943,55
16:10:12:058961,29
16:10:12:070936,19
16:10:12:083290,39
16:10:12:095205,58
16:10:12:107124,43
16:10:12:119221,19
16:10:12:131285,28
16:10:12:143126,52
16:10:12:155139,54
16:10:12:166936,27
16:10:12:179136,20
16:10:12:191174,42
16:10:12:203320,58
16:10:12:215288,40
16:10:12:227280,18
16:10:12:238305,30
16:10:12:250168,54
16:10:12:262502,52
16:10:12:274319,26
16:10:12:286493,22
16:10:12:298550,42
16:10:12:310425,58
16:10:12:322533,38
16:10:12:334568,17
16:10:12:346336,34
16:10:12:358212,58
16:10:12:370143,45
16:10:12:382142,19
16:10:12:394122,28
16:10:12:406320,54
16:10:12:418186,51
16:10:12:429082,22
16:10:12:441295,23
16:10:12:452977,50
16:10:12:465091,56
16:10:12:477206,28
16:10:12:489125,19
16:10:12:501186,43
16:10:12:513091,58
16:10:12:525311,35
16:10:12:537241,17
16:10:12:549161,36
16:10:12:561292,58
16:10:12:573308,43
16:10:12:585228,18
16:10:12:597319,29
16:10:12:609303,55
16:10:12:620325,49
16:10:12:632241,21
16:10:12:644202,24
16:10:12:656206,51
16:10:12:668320,55
16:10:12:680316,26
16:10:12:692266,20
16:10:12:704330,45
16:10:12:716157,57
16:10:12:728176,33
16:10:12:740289,17
16:10:12:752753,38
16:10:12:764312,58
16:10:12:776154,23
16:10:12:788301,29
16:10:12:799404,48
16:10:12:811347,55
16:10:12:823301,27
16:10:12:835325,21
16:10:12:847318,48
16:10:12:859283,56
16:10:12:871238,27
16:10:12:883341,20
16:10:12:895302,47
16:10:12:907175,56
16:10:12:919410,28
16:10:12:931576,20
16:10:12:943542,46
16:10:12:955327,57
16:10:12:966949,29
16:10:12:979304,19
16:10:12:990082,45
16:10:13:002170,57
16:10:13:014340,30
16:10:13:026265,19
16:10:13:038137,44
16:10:13:050174,57
16:10:13:062328,31
16:10:13:074283,19
16:10:13:086207,43
16:10:13:098186,58
16:10:13:110530,32
16:10:13:122065,18
16:10:13:134317,42
16:10:13:146322,58
16:10:13:158206,33
16:10:13:169371,18
16:10:13:181230,41
16:10:13:193137,58
16:10:13:205384,34
16:10:13:217322,18
16:10:13:229322,40
16:10:13:241331,58
16:10:13:253336,36
16:10:13:265340,24
16:10:13:277279,31
16:10:13:289414,53
16:10:13:301566,49
16:10:13:313602,20
16:10:13:325393,29
16:10:13:337594,56
16:10:13:349351,44
16:10:13:360412,18
16:10:13:372292,34
16:10:13:384232,58
16:10:13:396212,39
16:10:13:408224,17
16:10:13:420337,38
16:10:13:432214,58
16:10:13:443993,34
16:10:13:455960,18
16:10:13:468433,43
16:10:13:480340,57
16:10:13:492243,29
16:10:13:504326,20
16:10:13:516272,47
16:10:13:528192,54
16:10:13:539307,25
16:10:13:551338,23
16:10:13:563101,52
16:10:13:574846,51
16:10:13:586803,21
16:10:13:598794,26
16:10:13:610804,55
16:10:13:622814,47
16:10:13:634769,18
16:10:13:646792,30
16:10:13:658831,57
16:10:13:670845,42
16:10:13:682781,17
16:10:13:694901,35
16:10:13:706949,58
16:10:13:719060,38
16:10:13:730086,20
16:10:13:742087,34
16:10:13:753826,57
16:10:13:765834,38
16:10:13:777782,17
16:10:13:789852,42
16:10:13:801781,57
16:10:13:813823,27
16:10:13:825779,21
16:10:13:838307,51
16:10:13:850247,50
16:10:13:862197,20
16:10:13:874259,30
16:10:13:886257,40
16:10:13:898124,17
16:10:13:909068,41
16:10:13:921211,57
16:10:13:933431,29
16:10:13:945621,20
16:10:13:957502,50
16:10:13:969444,51
16:10:13:981582,20
16:10:13:993603,28
16:10:14:005484,56
16:10:14:017590,41
16:10:14:029366,17
16:10:14:041296,39
16:10:14:053342,57
16:10:14:065188,30
16:10:14:077356,20
16:10:14:089511,49
16:10:14:100369,52
16:10:14:112261,21
16:10:14:124341,27
16:10:14:136309,56
16:10:14:148577,43
16:10:14:160401,23
16:10:14:172328,30
16:10:14:184328,51
16:10:14:196253,47
16:10:14:208318,18
16:10:14:220351,35
16:10:14:232238,58
16:10:14:244651,32
16:10:14:256767,20
16:10:14:268596,50
16:10:14:280454,50
16:10:14:291401,19
16:10:14:303680,33
16:10:14:315546,57
16:10:14:327354,33
16:10:14:339038,19
16:10:14:351067,49
16:10:14:363283,51
16:10:14:375360,19
16:10:14:387265,30
16:10:14:399352,57
16:10:14:411652,36
16:10:14:423516,18
16:10:14:435534,47
16:10:14:447755,53
16:10:14:459950,21
16:10:14:471618,29
16:10:14:482355,57
16:10:14:494273,37
16:10:14:506246,17
16:10:14:518286,45
16:10:14:530189,54
16:10:14:542251,22
16:10:14:554226,27
16:10:14:566206,56
16:10:14:578499,41
16:10:14:590553,23
16:10:14:602596,32
16:10:14:614599,55
16:10:14:626562,40
16:10:14:638518,17
16:10:14:650456,46
16:10:14:661209,53
16:10:14:673362,20
16:10:14:685350,32
16:10:14:697225,57
16:10:14:709405,31
16:10:14:721388,20
16:10:14:733699,52
16:10:14:745652,46
16:10:14:757539,17
16:10:14:769327,40
16:10:14:781477,56
16:10:14:793704,24
16:10:14:805511,26
16:10:14:817613,56
16:10:14:829749,37
16:10:14:841680,18
16:10:14:852439,48
16:10:14:864419,51
16:10:14:876312,19
16:10:14:888309,34
16:10:14:900711,57
16:10:14:912709,29
16:10:14:924666,22
16:10:14:936689,53
16:10:14:948645,43
16:10:14:961195,16
16:10:14:972743,42
16:10:14:984697,25
16:10:14:996599,25
16:10:15:008620,54
16:10:15:020790,41
16:10:15:032393,18
16:10:15:043261,47
16:10:15:055374,50
16:10:15:067413,18
16:10:15:079789,38
16:10:15:091725,56
16:10:15:103763,23
16:10:15:116058,28
16:10:15:128155,57
16:10:15:139734,32
16:10:15:151688,21
16:10:15:163610,53
16:10:15:175374,42
16:10:15:187614,17
16:10:15:199742,47
16:10:15:211787,51
16:10:15:223997,18
16:10:15:235111,37
16:10:15:246789,56
16:10:15:258846,24
16:10:15:270846,28
16:10:15:282484,57
16:10:15:294629,33
16:10:15:306773,20
16:10:15:318694,53
16:10:15:330807,43
16:10:15:342689,17
16:10:15:354793,45
16:10:15:366679,52
16:10:15:378628,22
16:10:15:390697,30
16:10:15:401819,55
16:10:15:413731,34
16:10:15:425755,21
16:10:15:437746,53
16:10:15:449798,39
16:10:15:461737,19
16:10:15:473813,50
16:10:15:485672,45
16:10:15:498246,18
16:10:15:510072,46
16:10:15:522206,49
16:10:15:533418,18
16:10:15:545783,41
16:10:15:557372,53
16:10:15:568337,20
16:10:15:580334,36
16:10:15:592772,55
16:10:15:604857,23
16:10:15:616844,31
16:10:15:628863,56
16:10:15:640815,27
16:10:15:653116,27
16:10:15:664389,56
16:10:15:676781,33
16:10:15:688639,22
16:10:15:700721,54
16:10:15:712770,38
16:10:15:724902,19
16:10:15:735780,51
16:10:15:747817,44
16:10:15:759732,19
16:10:15:771730,41
16:10:15:783410,53
16:10:15:795719,21
16:10:15:807841,36
16:10:15:819776,54
16:10:15:831837,22
16:10:15:843815,35
16:10:15:855816,54
16:10:15:868123,22
16:10:15:879623,34
16:10:15:891851,55
16:10:15:902825,23
16:10:15:915181,33
16:10:15:927058,55
16:10:15:938411,23
16:10:15:950544,32
16:10:15:962707,55
16:10:15:974703,24
16:10:15:986697,32
16:10:15:999124,55
16:10:16:011179,25
16:10:16:022623,31
16:10:16:034398,56
16:10:16:046635,26
16:10:16:058452,30
16:10:16:070016,56
16:10:16:082188,29
16:10:16:093790,56
16:10:16:105763,31
16:10:16:117850,25
16:10:16:129854,50
16:10:16:141824,42
16:10:16:153853,20
16:10:16:165841,51
16:10:16:177829,39
16:10:16:189792,21
16:10:16:201803,53
16:10:16:213853,36
16:10:16:225035,22
16:10:16:236890,54
16:10:16:248867,33
16:10:16:260863,25
16:10:16:272866,55
16:10:16:284350,30
16:10:16:296507,27
16:10:16:308320,55
16:10:16:320295,27
16:10:16:332280,30
16:10:16:344272,55
16:10:16:356309,25
16:10:16:368277,33
16:10:16:380340,54
16:10:16:391885,23
16:10:16:403930,36
16:10:16:415889,53
16:10:16:427940,21
16:10:16:439890,39
16:10:16:451835,51
16:10:16:463937,23
16:10:16:475322,33
16:10:16:487507,54
16:10:16:499845,27
16:10:16:511675,32
16:10:16:523811,53
16:10:16:535580,22
16:10:16:547760,39
16:10:16:559229,49
16:10:16:571284,20
16:10:16:583181,45
16:10:16:595138,44
16:10:16:607193,20
16:10:16:619300,50
16:10:16:631424,37
16:10:16:643016,23
16:10:16:654971,54
16:10:16:666846,31
16:10:16:678871,29
16:10:16:690621,54
16:10:16:702744,25
16:10:16:715298,35
16:10:16:727159,52
16:10:16:739214,21
16:10:16:750174,42
16:10:16:762235,47
16:10:16:774188,20
16:10:16:786178,47
16:10:16:798445,43
16:10:16:810212,21
16:10:16:822199,44
16:10:16:834222,46
16:10:16:846192,20
16:10:16:857635,49
16:10:16:869600,37
16:10:16:882165,25
16:10:16:894175,53
16:10:16:906163,28
16:10:16:918170,33
16:10:16:930155,51
16:10:16:941177,22
16:10:16:953257,43
16:10:16:965223,44
16:10:16:977209,21
16:10:16:989009,50
16:10:17:001044,35
16:10:17:013170,27
16:10:17:025491,53
16:10:17:037407,25
16:10:17:049483,36
16:10:17:061512,50
16:10:17:073369,21
16:10:17:085487,45
16:10:17:097659,41
16:10:17:109741,22
16:10:17:121505,52
16:10:17:132239,35
16:10:17:144449,26
16:10:17:156199,46
16:10:17:168192,42
16:10:17:180210,51
16:10:17:192097,31
16:10:17:204008,31
16:10:17:215973,51
16:10:17:227954,22
16:10:17:239939,44
16:10:17:251950,41
16:10:17:264037,24
16:10:17:275976,52
16:10:17:287956,29
16:10:17:300084,33
16:10:17:311187,50
16:10:17:323099,22
16:10:17:335080,46
16:10:17:347150,39
16:10:17:359351,25
16:10:17:371471,52
16:10:17:383496,27
16:10:17:395521,36
16:10:17:407388,48
16:10:17:419774,21
16:10:17:431738,48
16:10:17:443446,39
16:10:17:455762,24
16:10:17:467756,44
16:10:17:479749,43
16:10:17:491738,22
16:10:17:503657,51
16:10:17:514479,29
16:10:17:526288,35
16:10:17:538379,48
16:10:17:550519,22
16:10:17:562538,49
16:10:17:574478,33
16:10:17:586353,30
16:10:17:598493,50
16:10:17:610509,23
16:10:17:622509,46
16:10:17:634073,38
16:10:17:646357,26
16:10:17:658422,51
16:10:17:670413,24
16:10:17:682496,41
16:10:17:693514,42
16:10:17:705492,24
16:10:17:717558,51
16:10:17:729364,27
16:10:17:741340,37
16:10:17:753094,48
16:10:17:765032,24
16:10:17:777032,40
16:10:17:789031,46
16:10:17:801038,22
16:10:17:813345,49
16:10:17:825484,30
16:10:17:837513,35
16:10:17:849509,47
16:10:17:861530,23
16:10:17:873525,50
16:10:17:884494,30
16:10:17:896729,35
16:10:17:908755,46
16:10:17:920757,23
16:10:17:932737,50
16:10:17:944089,29
16:10:17:956126,36
16:10:17:968503,46
16:10:17:980521,23
16:10:17:992504,50
16:10:18:004521,28
16:10:18:016518,37
16:10:18:028521,45
16:10:18:040470,23
16:10:18:052506,51
16:10:18:063529,31
16:10:18:075435,31
16:10:18:087519,51
16:10:18:099510,24
16:10:18:111514,45
16:10:18:123711,35
16:10:18:135776,31
16:10:18:147774,49
16:10:18:159751,23
16:10:18:171778,49
16:10:18:183772,30
16:10:18:195761,36
16:10:18:207766,44
16:10:18:219532,24
16:10:18:231325,50
16:10:18:242092,26
16:10:18:254095,42
16:10:18:266097,39
16:10:18:278340,28
16:10:18:290367,50
16:10:18:302549,47
16:10:18:314386,33
16:10:18:326364,33
16:10:18:338512,48
16:10:18:350539,23
16:10:18:362555,48
16:10:18:374391,32
16:10:18:386432,36
16:10:18:398545,44
16:10:18:410555,25
16:10:18:422527,50
16:10:18:433534,25
16:10:18:445520,45
16:10:18:457532,34
16:10:18:469837,34
16:10:18:481780,45
16:10:18:493778,25
16:10:18:505787,50
16:10:18:517785,26
16:10:18:529144,44
16:10:18:541111,36
16:10:18:553437,32
16:10:18:565384,46
16:10:18:577565,24
16:10:18:589525,49
16:10:18:601524,27
16:10:18:612523,42
16:10:18:624555,40
16:10:18:636402,25
16:10:18:648534,49
16:10:18:660527,30
16:10:18:672750,39
16:10:18:684559,40
16:10:18:696537,29
16:10:18:708630,48
16:10:18:720252,25
16:10:18:732330,49
16:10:18:744578,27
16:10:18:756636,42
16:10:18:768430,35
16:10:18:780551,33
16:10:18:791542,44
16:10:18:803405,26
16:10:18:815091,49
16:10:18:827447,25
16:10:18:839200,46
16:10:18:851550,31
16:10:18:863111,37
16:10:18:874994,40
16:10:18:886985,29
16:10:18:899005,48
16:10:18:910992,24
16:10:18:922966,43
16:10:18:935001,38
16:10:18:947137,31
16:10:18:958997,45
16:10:18:970075,26
16:10:18:982071,48
16:10:18:994149,26
16:10:19:005991,46
16:10:19:018190,29
16:10:19:030166,41
16:10:19:041971,36
16:10:19:054065,34
16:10:19:066087,43
16:10:19:078020,28
16:10:19:090124,47
16:10:19:102028,25
16:10:19:113969,48
16:10:19:126089,28
16:10:19:138501,43
16:10:19:149356,33
16:10:19:161551,36
16:10:19:173552,42
16:10:19:185556,25
16:10:19:197549,49
16:10:19:209574,28
16:10:19:221569,41
16:10:19:233548,33
16:10:19:245587,37
16:10:19:257576,38
16:10:19:269563,32
16:10:19:281582,43
16:10:19:293834,28
16:10:19:305844,46
16:10:19:317583,27
16:10:19:329555,47
16:10:19:340569,26
16:10:19:352166,45
16:10:19:364181,30
16:10:19:376444,42
16:10:19:388707,34
16:10:19:400689,36
16:10:19:412548,39
16:10:19:424578,45
16:10:19:436411,25
16:10:19:448157,47
16:10:19:460108,30
16:10:19:472085,40
16:10:19:484154,34
16:10:19:496069,37
16:10:19:508190,38
16:10:19:519085,34
16:10:19:531171,41
16:10:19:543476,31
16:10:19:555594,44
16:10:19:567177,29
16:10:19:579590,46
16:10:19:591833,28
16:10:19:603668,46
16:10:19:615233,27
16:10:19:627164,46
16:10:19:639332,28
16:10:19:651488,45
16:10:19:663674,29
16:10:19:675767,42
16:10:19:687175,29
16:10:19:698163,2
16:10:19:710152,0
16:10:19:722164,-5
16:10:19:734320,-7
16:10:19:746255,-6
16:10:19:758153,-8
16:10:19:770223,12
16:10:19:782138,67
16:10:19:794325,9
16:10:19:806130,0
16:10:19:818076,0
16:10:19:830161,-1
16:10:19:842324,-1
16:10:19:854334,0
16:10:19:865335,0
16:10:19:877263,0
16:10:19:889441,0
16:10:19:901261,0
16:10:19:913765,0
16:10:19:925625,0
16:10:19:937892,0
16:10:19:949694,-1
16:10:19:961843,0
16:10:19:974036,0
16:10:19:985362,0
16:10:19:997906,0
16:10:20:009778,0
16:10:20:021946,0
16:10:20:033240,0
16:10:20:045872,0
16:10:20:056833,0
16:10:20:068278,0
16:10:20:080841,0
16:10:20:092894,0
16:10:20:104861,0
16:10:20:116854,0
16:10:20:128840,0
16:10:20:140732,0
16:10:20:152358,0
16:10:20:164689,0
16:10:20:176735,0
16:10:20:188862,0
16:10:20:200830,0
16:10:20:212881,0
16:10:20:224870,0
16:10:20:235366,0
16:10:20:247681,0
16:10:20:259794,0
16:10:20:271502,0
16:10:20:283792,0
16:10:20:295678,0
16:10:20:307665,0
16:10:20:319925,0
16:10:20:331481,0
16:10:20:343341,0
16:10:20:355387,0
16:10:20:367645,0
16:10:20:379712,0
16:10:20:391243,0
16:10:20:403699,0
16:10:20:414497,0
16:10:20:426286,0
16:10:20:438465,0
16:10:20:450880,0
16:10:20:462368,0
16:10:20:474686,0
16:10:20:486568,0
16:10:20:498686,0
16:10:20:510860,0
16:10:20:522911,0
16:10:20:534234,0
16:10:20:546874,0
16:10:20:558871,0
16:10:20:570207,0
16:10:20:582689,0
16:10:20:593218,0
16:10:20:605563,0
16:10:20:617918,0
16:10:20:629868,0
16:10:20:641501,0
16:10:20:653455,0
16:10:20:665610,0
16:10:20:677686,0
16:10:20:689819,0
16:10:20:701848,0
16:10:20:713922,0
16:10:20:725672,0
16:10:20:737887,0
16:10:20:749511,0
16:10:20:760697,0
16:10:20:772832,0
16:10:20:784898,0
16:10:20:796889,0
16:10:20:808715,0
16:10:20:820633,0
16:10:20:832954,0
16:10:20:844880,0
16:10:20:856858,0
16:10:20:868919,0
16:10:20:880873,0
16:10:20:892625,0
16:10:20:904878,0
16:10:20:916885,0
16:10:20:928908,0
16:10:20:939736,0
16:10:20:951511,0
16:10:20:963881,0
16:10:20:975913,0
16:10:20:987754,0
16:10:20:999794,0
16:10:21:011885,0
16:10:21:023888,0
16:10:21:035224,0
16:10:21:047914,0
16:10:21:059999,0
16:10:21:071225,0
16:10:21:083880,0
16:10:21:095873,0
16:10:21:107766,0
16:10:21:119979,0
16:10:21:130943,0
16:10:21:142447,0
16:10:21:154652,0
16:10:21:166889,0
16:10:21:178667,0
16:10:21:190751,0
16:10:21:202934,0
16:10:21:214890,0
16:10:21:227029,0
16:10:21:238352,0
16:10:21:250949,0
16:10:21:262800,0
16:10:21:274949,0
16:10:21:286822,0
16:10:21:297876,0
16:10:21:309901,0
16:10:21:321881,0
16:10:21:334001,0
16:10:21:345913,0
16:10:21:357783,0
16:10:21:369987,0
16:10:21:382044,0
16:10:21:393785,0
16:10:21:406062,0
16:10:21:417904,0
16:10:21:430106,0
16:10:21:441969,0
16:10:21:453941,0
16:10:21:465915,0
16:10:21:476972,0
16:10:21:488889,0
16:10:21:500648,0
16:10:21:512648,0
16:10:21:524814,0
16:10:21:536258,0
16:10:21:548183,0
16:10:21:560172,0
16:10:21:572116,0
16:10:21:584152,0
16:10:21:596122,0
16:10:21:608129,0
16:10:21:620118,0
16:10:21:632113,0
16:10:21:644172,0
16:10:21:655212,0
16:10:21:667084,0
16:10:21:679175,0
16:10:21:691203,0
16:10:21:703176,0
16:10:21:715169,0
16:10:21:727245,0
16:10:21:739368,0
16:10:21:751161,0
16:10:21:763102,0
16:10:21:775193,0
16:10:21:787249,0
16:10:21:799535,0
16:10:21:811443,0
16:10:21:823245,0
16:10:21:834182,0
16:10:21:846202,0
16:10:21:858221,0
16:10:21:870195,0
16:10:21:882619,0
16:10:21:894521,0
16:10:21:906765,0
16:10:21:919063,0
16:10:21:930725,0
16:10:21:942954,0
16:10:21:954745,0
16:10:21:966975,0
16:10:21:979041,0
16:10:21:990817,0
16:10:22:003035,0
16:10:22:013958,0
16:10:22:025950,0
16:10:22:037755,0
16:10:22:049741,0
16:10:22:061886,0
16:10:22:073685,0
16:10:22:085854,0
16:10:22:097954,0
16:10:22:109979,0
16:10:22:121724,0
16:10:22:133845,0
16:10:22:145947,0
16:10:22:157914,0
16:10:22:169977,0
16:10:22:181829,0
16:10:22:193130,0
16:10:22:204794,0
16:10:22:216965,0
16:10:22:228505,0
16:10:22:240499,0
16:10:22:252840,0
16:10:22:264715,0
16:10:22:276898,0
16:10:22:289060,0
16:10:22:300966,0
16:10:22:313015,0
16:10:22:324987,0
16:10:22:336609,0
16:10:22:348978,0
16:10:22:360602,0
16:10:22:371847,0
16:10:22:384012,0
16:10:22:395836,0
16:10:22:407707,0
16:10:22:419915,0
16:10:22:432074,0
16:10:22:444006,0
16:10:22:455947,0
16:10:22:467936,0
16:10:22:479959,0
16:10:22:491569,0
16:10:22:503965,0
16:10:22:516002,0
16:10:22:527991,0
16:10:22:540026,0
16:10:22:551897,0
16:10:22:563006,0
16:10:22:574641,0
16:10:22:586839,0
16:10:22:598968,0
16:10:22:610993,0
16:10:22:623002,0
16:10:22:634990,0
16:10:22:646800,0
16:10:22:658989,0
16:10:22:670994,0
16:10:22:682768,0
16:10:22:694834,0
16:10:22:707091,0
16:10:22:718962,0
16:10:22:730429,0
16:10:22:741479,0
16:10:22:753550,0
16:10:22:765505,0
16:10:22:777856,0
16:10:22:790119,0
16:10:22:801987,0
16:10:22:813983,0
16:10:22:826004,0
16:10:22:838043,0
16:10:22:849837,0
16:10:22:861997,0
16:10:22:874026,0
16:10:22:885488,0
16:10:22:897427,0
16:10:22:909664,0
16:10:22:920683,0
16:10:22:932874,0
16:10:22:944790,0
16:10:22:957025,0
16:10:22:968864,0
16:10:22:980982,0
16:10:22:993031,0
16:10:23:005023,0
16:10:23:016989,0
16:10:23:029074,0
16:10:23:040904,0
16:10:23:052941,0
16:10:23:064760,0
16:10:23:076877,0
16:10:23:088813,0
16:10:23:099941,0
16:10:23:112024,0
16:10:23:123957,0
16:10:23:135997,0
16:10:23:148002,0
16:10:23:159852,0
16:10:23:172045,0
16:10:23:183903,0
16:10:23:195967,0
16:10:23:208029,0
16:10:23:219952,0
16:10:23:232067,0
16:10:23:244169,0
16:10:23:256036,0
16:10:23:267888,0
16:10:23:279060,0
16:10:23:290844,0
16:10:23:302903,0
16:10:23:315021,0
16:10:23:326997,0
16:10:23:339097,0
16:10:23:350864,0
16:10:23:362983,0
16:10:23:374991,0
16:10:23:387067,0
16:10:23:398894,0
16:10:23:410828,0
16:10:23:423026,0
16:10:23:435023,0
