00:33:38:889539,109
00:33:38:901739,111
00:33:38:913531,110
00:33:38:925319,109
00:33:38:937307,109
00:33:38:948440,109
00:33:38:960444,109
00:33:38:972710,109
00:33:38:984449,110
00:33:38:996308,109
00:33:39:008243,109
00:33:39:020308,108
00:33:39:032217,108
00:33:39:044332,109
00:33:39:056261,110
00:33:39:068393,110
00:33:39:080521,110
00:33:39:092305,109
00:33:39:104343,110
00:33:39:116542,110
00:33:39:128434,111
00:33:39:139325,111
00:33:39:151377,110
00:33:39:163736,110
00:33:39:175720,112
00:33:39:187736,115
00:33:39:199709,128
00:33:39:211440,148
00:33:39:223998,154
00:33:39:235946,160
00:33:39:247536,170
00:33:39:259678,181
00:33:39:271746,195
00:33:39:283772,204
00:33:39:295472,210
00:33:39:307393,217
00:33:39:318339,223
00:33:39:330398,231
00:33:39:342326,239
00:33:39:354726,241
00:33:39:366317,240
00:33:39:378725,239
00:33:39:390407,237
00:33:39:402479,235
00:33:39:414361,234
00:33:39:426614,233
00:33:39:438729,230
00:33:39:450487,222
00:33:39:462352,216
00:33:39:474337,212
00:33:39:486365,201
00:33:39:498541,189
00:33:39:509564,180
00:33:39:521782,168
00:33:39:533449,157
00:33:39:545468,149
00:33:39:557696,143
00:33:39:569300,134
00:33:39:581520,128
00:33:39:593612,125
00:33:39:605610,123
00:33:39:617486,120
00:33:39:629446,112
00:33:39:654493,107
00:33:39:655804,110
00:33:39:665583,119
00:33:39:677751,124
00:33:39:688539,127
00:33:39:700735,137
00:33:39:712621,147
00:33:39:724653,157
00:33:39:736829,168
00:33:39:748827,181
00:33:39:760680,193
00:33:39:772733,201
00:33:39:784671,209
00:33:39:796798,217
00:33:39:808414,220
00:33:39:820310,224
00:33:39:832211,232
00:33:39:844282,239
00:33:39:856706,240
00:33:39:868776,239
00:33:39:879805,238
00:33:39:891766,235
00:33:39:903709,234
00:33:39:915681,233
00:33:39:927469,228
00:33:39:939811,221
00:33:39:951729,219
00:33:39:963878,211
00:33:39:976115,201
00:33:39:987724,192
00:33:39:999685,181
00:33:40:011600,172
00:33:40:023389,161
00:33:40:035333,150
00:33:40:047358,143
00:33:40:058365,137
00:33:40:070300,130
00:33:40:082337,127
00:33:40:094369,126
00:33:40:106685,123
00:33:40:118797,114
00:33:40:130789,109
00:33:40:142590,110
00:33:40:154767,117
00:33:40:166570,126
00:33:40:178836,128
00:33:40:190566,136
00:33:40:202511,146
00:33:40:214426,154
00:33:40:226797,164
00:33:40:238798,178
00:33:40:249676,189
00:33:40:261806,197
00:33:40:273654,204
00:33:40:285508,212
00:33:40:297717,218
00:33:40:309684,221
00:33:40:321386,229
00:33:40:333352,235
00:33:40:345342,237
00:33:40:357658,237
00:33:40:369631,236
00:33:40:381546,235
00:33:40:393810,233
00:33:40:405637,232
00:33:40:417645,231
00:33:40:428815,229
00:33:40:440682,222
00:33:40:452468,216
00:33:40:464467,213
00:33:40:476880,203
00:33:40:488594,193
00:33:40:500804,184
00:33:40:512629,174
00:33:40:524666,163
00:33:40:536773,152
00:33:40:548686,142
00:33:40:560875,137
00:33:40:572661,131
00:33:40:584598,126
00:33:40:596655,126
00:33:40:607536,124
00:33:40:619475,118
00:33:40:631829,109
00:33:40:643804,109
00:33:40:655738,113
00:33:40:667691,123
00:33:40:679726,127
00:33:40:691694,132
00:33:40:703477,141
00:33:40:715904,150
00:33:40:727590,160
00:33:40:739676,174
00:33:40:751715,185
00:33:40:763702,193
00:33:40:775755,201
00:33:40:786817,210
00:33:40:798826,214
00:33:40:810712,218
00:33:40:822422,225
00:33:40:834315,232
00:33:40:846390,235
00:33:40:858464,236
00:33:40:870817,235
00:33:40:882822,234
00:33:40:894812,233
00:33:40:906538,231
00:33:40:918348,230
00:33:40:930348,230
00:33:40:942325,225
00:33:40:954327,217
00:33:40:965323,214
00:33:40:977737,207
00:33:40:989691,195
00:33:41:001688,186
00:33:41:013837,176
00:33:41:026066,166
00:33:41:037842,155
00:33:41:049594,145
00:33:41:061827,138
00:33:41:073785,133
00:33:41:085674,127
00:33:41:097833,125
00:33:41:109827,119
00:33:41:121697,110
00:33:41:133510,108
00:33:41:144824,111
00:33:41:156847,117
00:33:41:168528,127
00:33:41:180814,131
00:33:41:192814,138
00:33:41:204662,146
00:33:41:216759,156
00:33:41:228839,170
00:33:41:240751,181
00:33:41:252826,189
00:33:41:264861,196
00:33:41:276817,207
00:33:41:288576,213
00:33:41:300819,216
00:33:41:312675,221
00:33:41:323480,228
00:33:41:335358,234
00:33:41:347338,234
00:33:41:359374,233
00:33:41:371753,232
00:33:41:383681,232
00:33:41:395739,230
00:33:41:407585,229
00:33:41:419919,229
00:33:41:431863,224
00:33:41:443790,217
00:33:41:455936,214
00:33:41:468193,208
00:33:41:479744,196
00:33:41:491607,187
00:33:41:503858,179
00:33:41:514841,169
00:33:41:526551,157
00:33:41:538839,147
00:33:41:550676,138
00:33:41:562730,134
00:33:41:574836,129
00:33:41:586841,126
00:33:41:598627,124
00:33:41:610565,122
00:33:41:622839,111
00:33:41:634839,108
00:33:41:646549,109
00:33:41:658803,115
00:33:41:670874,125
00:33:41:682851,129
00:33:41:693875,135
00:33:41:705908,144
00:33:41:717717,153
00:33:41:729695,165
00:33:41:741702,179
00:33:41:753669,187
00:33:41:765695,194
00:33:41:777891,203
00:33:41:790110,211
00:33:41:802097,215
00:33:41:813634,218
00:33:41:825392,226
00:33:41:837409,233
00:33:41:849347,233
00:33:41:861790,233
00:33:41:872937,232
00:33:41:884834,231
00:33:41:896847,231
00:33:41:908529,229
00:33:41:920618,228
00:33:41:932861,225
00:33:41:945077,218
00:33:41:957119,213
00:33:41:968711,210
00:33:41:980867,201
00:33:41:992901,190
00:33:42:004701,182
00:33:42:016875,172
00:33:42:028695,161
00:33:42:040769,151
00:33:42:052849,141
00:33:42:063933,136
00:33:42:075849,132
00:33:42:087614,127
00:33:42:099756,125
00:33:42:111716,124
00:33:42:123782,116
00:33:42:135716,108
00:33:42:147697,109
00:33:42:159840,114
00:33:42:171677,123
00:33:42:183696,128
00:33:42:195515,133
00:33:42:207514,140
00:33:42:219937,149
00:33:42:231908,161
00:33:42:242868,175
00:33:42:254891,184
00:33:42:266898,192
00:33:42:278914,202
00:33:42:290734,208
00:33:42:302891,211
00:33:42:314941,215
00:33:42:326464,222
00:33:42:338402,233
00:33:42:350410,232
00:33:42:362747,231
00:33:42:374938,231
00:33:42:386909,230
00:33:42:398858,228
00:33:42:410748,228
00:33:42:422910,227
00:33:42:433723,221
00:33:42:445712,214
00:33:42:457721,212
00:33:42:469682,203
00:33:42:481782,192
00:33:42:493985,183
00:33:42:506017,174
00:33:42:518238,164
00:33:42:529541,154
00:33:42:541800,144
00:33:42:553919,136
00:33:42:565736,133
00:33:42:577608,128
00:33:42:589924,125
00:33:42:601696,123
00:33:42:613963,118
00:33:42:625145,109
00:33:42:637155,109
00:33:42:648764,111
00:33:42:660911,119
00:33:42:672941,128
00:33:42:684767,131
00:33:42:696928,139
00:33:42:708768,148
00:33:42:720914,158
00:33:42:732908,171
00:33:42:744927,181
00:33:42:757098,189
00:33:42:768726,198
00:33:42:780840,206
00:33:42:792911,211
00:33:42:804765,214
00:33:42:816820,220
00:33:42:827567,229
00:33:42:839463,232
00:33:42:851435,233
00:33:42:863850,232
00:33:42:875775,230
00:33:42:887703,229
00:33:42:899818,229
00:33:42:911811,228
00:33:42:923803,227
00:33:42:935752,223
00:33:42:947745,215
00:33:42:959970,211
00:33:42:971945,206
00:33:42:983933,196
00:33:42:995864,187
00:33:43:007634,178
00:33:43:018930,167
00:33:43:030662,157
00:33:43:042932,147
00:33:43:054932,138
00:33:43:066666,134
00:33:43:078784,130
00:33:43:090931,126
00:33:43:102936,124
00:33:43:114956,121
00:33:43:126661,112
00:33:43:138933,109
00:33:43:150930,110
00:33:43:162817,117
00:33:43:174940,126
00:33:43:186775,129
00:33:43:198911,136
00:33:43:210956,145
00:33:43:222271,155
00:33:43:233739,168
00:33:43:245773,177
00:33:43:257774,184
00:33:43:269972,193
00:33:43:281752,203
00:33:43:293601,209
00:33:43:306173,213
00:33:43:317722,217
00:33:43:329526,225
00:33:43:341406,231
00:33:43:353790,231
00:33:43:365769,230
00:33:43:377759,230
00:33:43:389779,229
00:33:43:401764,227
00:33:43:412843,227
00:33:43:425030,226
00:33:43:436973,222
00:33:43:448629,216
00:33:43:460776,212
00:33:43:472828,209
00:33:43:484810,198
00:33:43:496943,188
00:33:43:508893,180
00:33:43:520969,160
00:33:43:532536,149
00:33:43:544948,140
00:33:43:556957,134
00:33:43:568671,131
00:33:43:580959,128
00:33:43:593184,125
00:33:43:604899,122
00:33:43:615956,115
00:33:43:627934,109
00:33:43:639923,110
00:33:43:651857,115
00:33:43:663972,125
00:33:43:675969,128
00:33:43:687729,133
00:33:43:699801,141
00:33:43:712031,151
00:33:43:724139,164
00:33:43:736111,175
00:33:43:748169,183
00:33:43:760198,191
00:33:43:772023,201
00:33:43:784260,207
00:33:43:795978,211
00:33:43:806764,215
00:33:43:818785,223
00:33:43:830525,229
00:33:43:842430,231
00:33:43:854460,231
00:33:43:866948,230
00:33:43:878961,228
00:33:43:890918,227
00:33:43:902956,226
00:33:43:914593,226
00:33:43:926627,224
00:33:43:938967,214
00:33:43:950966,205
00:33:43:962809,200
00:33:43:974968,188
00:33:43:986860,177
00:33:43:997980,169
00:33:44:009875,161
00:33:44:021788,156
00:33:44:033632,153
00:33:44:045775,153
00:33:44:057944,151
00:33:44:069638,136
00:33:44:081846,133
00:33:44:093616,144
00:33:44:105605,155
00:33:44:117586,163
00:33:44:129770,173
00:33:44:141832,181
00:33:44:153761,188
00:33:44:165833,197
00:33:44:178081,201
00:33:44:189014,201
00:33:44:200956,205
00:33:44:212851,220
00:33:44:225288,226
00:33:44:236869,225
00:33:44:248764,224
00:33:44:260788,222
00:33:44:272985,213
00:33:44:284823,205
00:33:44:296967,199
00:33:44:309001,187
00:33:44:320925,176
00:33:44:332560,167
00:33:44:344442,160
00:33:44:356498,153
00:33:44:368801,150
00:33:44:380057,151
00:33:44:391930,150
00:33:44:403838,135
00:33:44:415714,130
00:33:44:427804,141
00:33:44:439833,153
00:33:44:451780,159
00:33:44:463957,170
00:33:44:475844,178
00:33:44:487751,185
00:33:44:499794,194
00:33:44:512094,200
00:33:44:524237,200
00:33:44:536002,202
00:33:44:548147,216
00:33:44:560211,227
00:33:44:571944,226
00:33:44:582927,224
00:33:44:596557,222
00:33:44:606702,215
00:33:44:619000,206
00:33:44:630916,200
00:33:44:642968,188
00:33:44:655049,178
00:33:44:667073,169
00:33:44:678982,161
00:33:44:690765,155
00:33:44:703022,151
00:33:44:714830,152
00:33:44:726720,139
00:33:44:738862,130
00:33:44:751025,138
00:33:44:762752,150
00:33:44:774778,157
00:33:44:785685,167
00:33:44:798075,176
00:33:44:809720,183
00:33:44:821746,191
00:33:44:833515,199
00:33:44:845541,201
00:33:44:857778,202
00:33:44:869584,213
00:33:44:881757,226
00:33:44:893842,226
00:33:44:905741,224
00:33:44:917724,223
00:33:44:929652,217
00:33:44:941745,208
00:33:44:954131,202
00:33:44:965858,191
00:33:44:976661,179
00:33:44:988549,170
00:33:45:000547,162
00:33:45:012562,155
00:33:45:024724,151
00:33:45:036991,150
00:33:45:048862,152
00:33:45:060675,142
00:33:45:073069,129
00:33:45:084891,135
00:33:45:097043,148
00:33:45:108956,156
00:33:45:120930,166
00:33:45:133036,175
00:33:45:145250,183
00:33:45:156228,192
00:33:45:167611,198
00:33:45:179941,199
00:33:45:202702,201
00:33:45:203710,212
00:33:45:215981,225
00:33:45:228102,226
00:33:45:239999,224
00:33:45:251854,223
00:33:45:264075,219
00:33:45:276373,209
00:33:45:287623,204
00:33:45:300002,194
00:33:45:311783,182
00:33:45:323789,173
00:33:45:335543,165
00:33:45:346548,157
00:33:45:358917,152
00:33:45:371012,150
00:33:45:383128,152
00:33:45:395046,146
00:33:45:406787,132
00:33:45:419064,134
00:33:45:431307,146
00:33:45:443272,156
00:33:45:454891,164
00:33:45:467089,173
00:33:45:479305,182
00:33:45:491071,189
00:33:45:503281,196
00:33:45:515325,200
00:33:45:525797,201
00:33:45:537708,208
00:33:45:549845,222
00:33:45:562002,225
00:33:45:573964,224
00:33:45:586054,223
00:33:45:598067,219
00:33:45:609969,209
00:33:45:621850,204
00:33:45:633876,195
00:33:45:645784,183
00:33:45:657859,174
00:33:45:669850,166
00:33:45:681838,158
00:33:45:693994,152
00:33:45:705108,149
00:33:45:716884,151
00:33:45:728950,148
00:33:45:741066,132
00:33:45:753070,131
00:33:45:764934,143
00:33:45:777056,154
00:33:45:789048,162
00:33:45:801068,172
00:33:45:812986,180
00:33:45:824894,188
00:33:45:836633,195
00:33:45:848573,199
00:33:45:860727,199
00:33:45:872994,205
00:33:45:884894,220
00:33:45:896033,225
00:33:45:907865,224
00:33:45:919941,221
00:33:45:931828,213
00:33:45:943833,205
00:33:45:955913,198
00:33:45:967770,186
00:33:45:979758,176
00:33:45:991594,168
00:33:46:003942,160
00:33:46:015880,153
00:33:46:027855,150
00:33:46:039871,150
00:33:46:051851,150
00:33:46:063961,136
00:33:46:076194,130
00:33:46:086876,140
00:33:46:099080,153
00:33:46:110978,160
00:33:46:123062,170
00:33:46:135117,177
00:33:46:147078,185
00:33:46:159076,193
00:33:46:171029,198
00:33:46:183062,199
00:33:46:195077,202
00:33:46:206756,217
00:33:46:219393,225
00:33:46:231326,224
00:33:46:243305,222
00:33:46:255088,220
00:33:46:266764,214
00:33:46:277704,204
00:33:46:289815,199
00:33:46:301785,188
00:33:46:313873,177
00:33:46:325773,169
00:33:46:337585,161
00:33:46:349621,154
00:33:46:361655,150
00:33:46:373873,150
00:33:46:385864,151
00:33:46:397917,138
00:33:46:409927,129
00:33:46:421946,137
00:33:46:433918,151
00:33:46:445829,159
00:33:46:456891,168
00:33:46:469333,177
00:33:46:481336,184
00:33:46:493009,191
00:33:46:505083,197
00:33:46:517329,199
00:33:46:528793,201
00:33:46:541079,213
00:33:46:552930,224
00:33:46:564929,224
00:33:46:577169,223
00:33:46:589156,221
00:33:46:601085,215
00:33:46:613091,205
00:33:46:625167,201
00:33:46:637127,190
00:33:46:647755,179
00:33:46:659861,171
00:33:46:671930,162
00:33:46:683900,155
00:33:46:696010,151
00:33:46:707914,149
00:33:46:719952,150
00:33:46:731896,142
00:33:46:743880,130
00:33:46:755840,136
00:33:46:767818,149
00:33:46:779910,157
00:33:46:791989,166
00:33:46:803979,174
00:33:46:815922,182
00:33:46:827843,189
00:33:46:838661,196
00:33:46:850599,199
00:33:46:863073,200
00:33:46:875169,209
00:33:46:886944,222
00:33:46:899090,224
00:33:46:911095,223
00:33:46:923117,221
00:33:46:935302,216
00:33:46:947378,206
00:33:46:959204,201
00:33:46:971163,193
00:33:46:983388,181
00:33:46:995355,172
00:33:47:006916,164
00:33:47:019161,157
00:33:47:030805,152
00:33:47:041935,149
00:33:47:053879,151
00:33:47:065821,146
00:33:47:077940,130
00:33:47:089936,133
00:33:47:101898,147
00:33:47:113905,164
00:33:47:125899,173
00:33:47:137931,180
00:33:47:149880,188
00:33:47:161932,195
00:33:47:173877,199
00:33:47:185944,199
00:33:47:197972,206
00:33:47:209984,221
00:33:47:221894,223
00:33:47:233871,223
00:33:47:244935,221
00:33:47:256974,218
00:33:47:269200,207
00:33:47:281167,197
00:33:47:293128,188
00:33:47:305004,177
00:33:47:317089,171
00:33:47:328854,168
00:33:47:340620,167
00:33:47:352642,171
00:33:47:364772,164
00:33:47:377145,147
00:33:47:389366,157
00:33:47:401331,172
00:33:47:413229,179
00:33:47:425140,187
00:33:47:435754,193
00:33:47:447760,194
00:33:47:459784,191
00:33:47:471947,192
00:33:47:484004,212
00:33:47:495892,221
00:33:47:507926,218
00:33:47:519895,207
00:33:47:531776,197
00:33:47:543959,188
00:33:47:555895,176
00:33:47:567712,169
00:33:47:579900,166
00:33:47:591934,165
00:33:47:603915,169
00:33:47:615946,165
00:33:47:628030,146
00:33:47:639157,154
00:33:47:651121,169
00:33:47:663130,177
00:33:47:675170,185
00:33:47:686954,191
00:33:47:699125,193
00:33:47:711169,190
00:33:47:723407,190
00:33:47:735076,209
00:33:47:747164,219
00:33:47:759119,217
00:33:47:771176,209
00:33:47:783222,198
00:33:47:795167,190
00:33:47:806871,178
00:33:47:819023,170
00:33:47:830958,165
00:33:47:841708,165
00:33:47:853625,169
00:33:47:865891,167
00:33:47:877996,147
00:33:47:889991,150
00:33:47:902048,167
00:33:47:914008,175
00:33:47:925970,185
00:33:47:938001,191
00:33:47:949875,192
00:33:47:961971,191
00:33:47:974026,189
00:33:47:985952,205
00:33:47:997962,220
00:33:48:009990,218
00:33:48:021971,210
00:33:48:032897,199
00:33:48:045037,191
00:33:48:057219,179
00:33:48:068871,170
00:33:48:081260,166
00:33:48:093202,165
00:33:48:105203,168
00:33:48:117191,169
00:33:48:129200,149
00:33:48:141085,148
00:33:48:153168,165
00:33:48:165340,174
00:33:48:177203,183
00:33:48:189168,189
00:33:48:201170,192
00:33:48:213184,191
00:33:48:225228,188
00:33:48:236233,202
00:33:48:247980,219
00:33:48:259917,218
00:33:48:271927,211
00:33:48:284034,192
00:33:48:295876,180
00:33:48:307923,171
00:33:48:319978,167
00:33:48:331786,165
00:33:48:343695,167
00:33:48:355696,170
00:33:48:367707,152
00:33:48:379810,147
00:33:48:391966,163
00:33:48:404005,173
00:33:48:416029,182
00:33:48:428055,189
00:33:48:439179,191
00:33:48:451045,191
00:33:48:463032,188
00:33:48:475008,197
00:33:48:487016,218
00:33:48:499235,218
00:33:48:511093,213
00:33:48:523212,202
00:33:48:535130,194
00:33:48:547250,182
00:33:48:559213,172
00:33:48:570898,167
00:33:48:583257,165
00:33:48:595186,167
00:33:48:606921,171
00:33:48:619245,156
00:33:48:629972,145
00:33:48:642057,160
00:33:48:654010,171
00:33:48:665938,179
00:33:48:678039,187
00:33:48:690044,191
00:33:48:701976,191
00:33:48:714092,187
00:33:48:725982,193
00:33:48:738034,215
00:33:48:750024,218
00:33:48:761988,214
00:33:48:774040,203
00:33:48:786031,195
00:33:48:798019,184
00:33:48:809983,173
00:33:48:821990,167
00:33:48:832985,164
00:33:48:844748,165
00:33:48:856742,171
00:33:48:869054,159
00:33:48:881229,144
00:33:48:893208,157
00:33:48:905165,170
00:33:48:917104,178
00:33:48:928924,186
00:33:48:941415,190
00:33:48:953267,191
00:33:48:965047,188
00:33:48:977270,191
00:33:48:989442,213
00:33:49:001503,218
00:33:49:013086,214
00:33:49:024047,204
00:33:49:035941,196
00:33:49:047739,186
00:33:49:059723,174
00:33:49:071720,167
00:33:49:083707,164
00:33:49:095670,165
00:33:49:107696,170
00:33:49:119648,162
00:33:49:131669,144
00:33:49:143642,154
00:33:49:155729,168
00:33:49:167773,176
00:33:49:179809,185
00:33:49:192248,190
00:33:49:204298,191
00:33:49:215971,189
00:33:49:227218,189
00:33:49:239221,210
00:33:49:251241,218
00:33:49:263214,215
00:33:49:275177,205
00:33:49:286958,196
00:33:49:299182,188
00:33:49:311071,175
00:33:49:323222,168
00:33:49:334951,164
00:33:49:346752,164
00:33:49:358734,169
00:33:49:371071,165
00:33:49:383260,145
00:33:49:395196,151
00:33:49:406934,166
00:33:49:417990,175
00:33:49:430005,184
00:33:49:442044,190
00:33:49:454014,189
00:33:49:466078,188
00:33:49:478067,207
00:33:49:490017,218
00:33:49:502071,216
00:33:49:514009,208
00:33:49:525971,197
00:33:49:538070,188
00:33:49:549996,176
00:33:49:561989,169
00:33:49:573965,164
00:33:49:586279,164
00:33:49:598294,169
00:33:49:609923,168
00:33:49:621254,147
00:33:49:633246,149
00:33:49:645066,165
00:33:49:657258,174
00:33:49:669240,183
00:33:49:681573,189
00:33:49:693236,191
00:33:49:705200,189
00:33:49:717241,187
00:33:49:728957,204
00:33:49:741099,218
00:33:49:753115,217
00:33:49:765114,211
00:33:49:777294,198
00:33:49:789490,188
00:33:49:801690,177
00:33:49:813109,171
00:33:49:824280,172
00:33:49:835879,179
00:33:49:847803,182
00:33:49:859747,161
00:33:49:871946,166
00:33:49:884083,183
00:33:49:896092,189
00:33:49:908002,192
00:33:49:920077,189
00:33:49:932098,181
00:33:49:943919,187
00:33:49:956015,211
00:33:49:967979,210
00:33:49:979949,196
00:33:49:992060,185
00:33:50:004318,174
00:33:50:015259,169
00:33:50:027252,171
00:33:50:039273,178
00:33:50:051281,179
00:33:50:063422,158
00:33:50:075258,169
00:33:50:086971,182
00:33:50:098829,189
00:33:50:110768,192
00:33:50:122757,187
00:33:50:134817,180
00:33:50:146784,188
00:33:50:158821,211
00:33:50:170912,209
00:33:50:183097,195
00:33:50:195248,183
00:33:50:206062,173
00:33:50:218052,169
00:33:50:230061,171
00:33:50:242139,179
00:33:50:254046,177
00:33:50:266135,156
00:33:50:278064,169
00:33:50:290053,182
00:33:50:302378,189
00:33:50:314281,191
00:33:50:326043,188
00:33:50:337954,180
00:33:50:349776,191
00:33:50:361800,212
00:33:50:373857,207
00:33:50:386104,193
00:33:50:398027,182
00:33:50:409130,171
00:33:50:420991,168
00:33:50:433242,171
00:33:50:445088,179
00:33:50:457121,176
00:33:50:469107,157
00:33:50:481271,171
00:33:50:493261,182
00:33:50:505165,189
00:33:50:517253,191
00:33:50:529012,186
00:33:50:541267,179
00:33:50:553169,192
00:33:50:565065,212
00:33:50:577228,206
00:33:50:589319,192
00:33:50:600096,181
00:33:50:612110,171
00:33:50:624116,168
00:33:50:636083,180
00:33:50:648045,174
00:33:50:660146,156
00:33:50:672146,172
00:33:50:684150,182
00:33:50:696208,190
00:33:50:708072,190
00:33:50:720075,185
00:33:50:732150,178
00:33:50:744059,195
00:33:50:756069,212
00:33:50:768063,204
00:33:50:780077,191
00:33:50:791994,181
00:33:50:803412,171
00:33:50:815305,168
00:33:50:827374,172
00:33:50:839100,180
00:33:50:850861,171
00:33:50:862835,157
00:33:50:875215,173
00:33:50:887142,183
00:33:50:899591,190
00:33:50:910970,191
00:33:50:923118,185
00:33:50:935096,178
00:33:50:947292,197
00:33:50:959205,212
00:33:50:971396,203
00:33:50:983735,190
00:33:50:996067,179
00:33:51:006114,169
00:33:51:018087,167
00:33:51:030004,173
00:33:51:042144,181
00:33:51:054133,169
00:33:51:066020,157
00:33:51:078132,174
00:33:51:090140,183
00:33:51:102305,190
00:33:51:114214,190
00:33:51:126139,184
00:33:51:138144,178
00:33:51:150105,199
00:33:51:162484,211
00:33:51:174531,202
00:33:51:186512,189
00:33:51:198473,179
00:33:51:210469,169
00:33:51:221296,167
00:33:51:233394,173
00:33:51:245149,181
00:33:51:257339,168
00:33:51:269318,158
00:33:51:281315,175
00:33:51:293319,184
00:33:51:305249,191
00:33:51:317371,189
00:33:51:329307,183
00:33:51:341333,178
00:33:51:353256,201
00:33:51:365325,211
00:33:51:377401,201
00:33:51:389631,188
00:33:51:401614,177
00:33:51:412121,168
00:33:51:424124,169
00:33:51:436384,174
00:33:51:448102,180
00:33:51:460066,165
00:33:51:472154,158
00:33:51:484124,176
00:33:51:496303,185
00:33:51:508168,190
00:33:51:520508,189
00:33:51:532317,182
00:33:51:544515,179
00:33:51:556512,203
00:33:51:568382,211
00:33:51:580528,199
00:33:51:592531,187
00:33:51:604538,177
00:33:51:615329,168
00:33:51:627348,168
00:33:51:639316,174
00:33:51:651234,180
00:33:51:663348,163
00:33:51:675303,159
00:33:51:687449,177
00:33:51:699703,184
00:33:51:711493,190
00:33:51:723754,188
00:33:51:735467,181
00:33:51:747364,180
00:33:51:759775,205
00:33:51:771722,210
00:33:51:783465,182
00:33:51:795729,173
00:33:51:807621,170
00:33:51:819797,180
00:33:51:830211,192
00:33:51:842006,175
00:33:51:853906,174
00:33:51:866281,189
00:33:51:878352,194
00:33:51:890557,190
00:33:51:902533,178
00:33:51:914548,179
00:33:51:926390,204
00:33:51:938509,197
00:33:51:950271,181
00:33:51:962281,172
00:33:51:974614,169
00:33:51:986601,177
00:33:51:998535,189
00:33:52:010607,175
00:33:52:022600,171
00:33:52:033071,187
00:33:52:045480,193
00:33:52:057593,189
00:33:52:069345,177
00:33:52:081620,174
00:33:52:093569,201
00:33:52:105706,199
00:33:52:117707,182
00:33:52:129707,171
00:33:52:141539,168
00:33:52:153736,175
00:33:52:165583,189
00:33:52:178173,177
00:33:52:190174,169
00:33:52:202071,187
00:33:52:213584,193
00:33:52:225730,190
00:33:52:236566,179
00:33:52:248382,173
00:33:52:260537,199
00:33:52:272751,200
00:33:52:284766,183
00:33:52:296559,172
00:33:52:308532,167
00:33:52:320538,173
00:33:52:332595,187
00:33:52:344366,180
00:33:52:356291,167
00:33:52:368272,185
00:33:52:380352,192
00:33:52:392735,191
00:33:52:404563,180
00:33:52:415730,173
00:33:52:427792,197
00:33:52:439731,201
00:33:52:451592,184
00:33:52:463734,173
00:33:52:476169,167
00:33:52:487423,172
00:33:52:499720,186
00:33:52:511803,182
00:33:52:524219,167
00:33:52:535642,184
00:33:52:547715,192
00:33:52:559745,192
00:33:52:571451,182
00:33:52:583794,171
00:33:52:594554,193
00:33:52:606371,202
00:33:52:618594,187
00:33:52:630572,174
00:33:52:642539,167
00:33:52:654539,171
00:33:52:666571,184
00:33:52:678563,184
00:33:52:690507,166
00:33:52:702557,182
00:33:52:714603,191
00:33:52:726502,191
00:33:52:738589,182
00:33:52:750527,170
00:33:52:762399,189
00:33:52:773322,202
00:33:52:785728,188
00:33:52:797695,176
00:33:52:809553,168
00:33:52:821673,171
00:33:52:833738,184
00:33:52:845347,186
00:33:52:857331,166
00:33:52:869348,180
00:33:52:881451,190
00:33:52:893592,192
00:33:52:905652,184
00:33:52:917779,187
00:33:52:929476,203
00:33:52:941666,189
00:33:52:953580,176
00:33:52:964570,168
00:33:52:976541,170
00:33:52:988446,182
00:33:53:000552,187
00:33:53:012560,166
00:33:53:024519,178
00:33:53:036482,190
00:33:53:048576,192
00:33:53:060995,185
00:33:53:072580,172
00:33:53:084619,184
00:33:53:096751,204
00:33:53:108326,191
00:33:53:120289,177
00:33:53:132289,168
00:33:53:143904,168
00:33:53:155937,180
00:33:53:167331,188
00:33:53:179758,167
00:33:53:191566,176
00:33:53:203784,190
00:33:53:215787,192
00:33:53:227804,186
00:33:53:239767,172
00:33:53:251746,180
00:33:53:263739,203
00:33:53:275457,192
00:33:53:287417,178
00:33:53:299751,169
00:33:53:311934,168
00:33:53:324199,178
00:33:53:335131,189
00:33:53:346969,169
00:33:53:358925,174
00:33:53:370930,189
00:33:53:382416,191
00:33:53:394603,186
00:33:53:406426,173
00:33:53:418611,177
00:33:53:430658,204
00:33:53:442617,196
00:33:53:454577,177
00:33:53:466570,169
00:33:53:478592,172
00:33:53:490585,189
00:33:53:502582,194
00:33:53:514596,179
00:33:53:526192,191
00:33:53:538457,194
00:33:53:550171,186
00:33:53:562416,169
00:33:53:574163,183
00:33:53:585768,194
00:33:53:597786,175
00:33:53:609408,167
00:33:53:621467,170
00:33:53:633363,186
00:33:53:645524,193
00:33:53:657704,177
00:33:53:669790,190
00:33:53:681756,194
00:33:53:693712,185
00:33:53:705436,168
00:33:53:717435,179
00:33:53:729114,195
00:33:53:741368,177
00:33:53:753113,168
00:33:53:765160,169
00:33:53:777173,185
00:33:53:789365,194
00:33:53:800741,178
00:33:53:812695,189
00:33:53:824778,195
00:33:53:836663,187
00:33:53:848426,169
00:33:53:860342,177
00:33:53:872333,196
00:33:53:884073,179
00:33:53:896154,167
00:33:53:908078,167
00:33:53:920187,182
00:33:53:932201,194
00:33:53:944250,177
00:33:53:956444,186
00:33:53:968083,194
00:33:53:980151,188
00:33:53:991397,171
00:33:54:003841,173
00:33:54:015616,195
00:33:54:027400,180
00:33:54:039409,168
00:33:54:051540,167
00:33:54:064258,180
00:33:54:075209,194
00:33:54:087045,185
00:33:54:099494,194
00:33:54:111376,189
00:33:54:123172,172
00:33:54:135180,171
00:33:54:147466,195
00:33:54:159448,181
00:33:54:171027,169
00:33:54:183300,167
00:33:54:195512,179
00:33:54:206587,194
00:33:54:218824,179
00:33:54:230578,183
00:33:54:243490,193
00:33:54:255473,189
00:33:54:267513,173
00:33:54:279472,169
00:33:54:290122,194
00:33:54:302216,183
00:33:54:314197,170
00:33:54:326048,166
00:33:54:338269,176
00:33:54:350039,194
00:33:54:361906,181
00:33:54:374002,182
00:33:54:386324,192
00:33:54:398202,190
00:33:54:409577,175
00:33:54:421816,168
00:33:54:434462,195
00:33:54:446069,186
00:33:54:458467,171
00:33:54:470460,166
00:33:54:482449,176
00:33:54:493480,193
00:33:54:505443,181
00:33:54:517191,180
00:33:54:529060,192
00:33:54:541398,191
00:33:54:553468,176
00:33:54:565196,167
00:33:54:577488,192
00:33:54:589329,186
00:33:54:601211,171
00:33:54:613213,167
00:33:54:625289,174
00:33:54:637314,191
00:33:54:649045,183
00:33:54:661495,179
00:33:54:673525,191
00:33:54:685261,191
00:33:54:696241,178
00:33:54:708200,166
00:33:54:720374,191
00:33:54:732397,188
00:33:54:744175,172
00:33:54:756395,166
00:33:54:768057,172
00:33:54:780268,190
00:33:54:792205,184
00:33:54:804198,177
00:33:54:816155,191
00:33:54:828126,192
00:33:54:840239,179
00:33:54:852029,165
00:33:54:863959,189
00:33:54:875989,197
00:33:54:888197,177
00:33:54:899145,167
00:33:54:911494,172
00:33:54:923422,193
00:33:54:935487,196
00:33:54:947240,187
00:33:54:959173,195
00:33:54:971290,189
00:33:54:983524,168
00:33:54:995531,172
00:33:55:007038,187
00:33:55:019521,169
00:33:55:031108,165
00:33:55:043086,178
00:33:55:055113,198
00:33:55:067005,187
00:33:55:079543,190
00:33:55:091563,195
00:33:55:103536,181
00:33:55:114424,162
00:33:55:126083,182
00:33:55:138235,179
00:33:55:150191,165
00:33:55:162229,167
00:33:55:174448,188
00:33:55:186512,197
00:33:55:198498,186
00:33:55:210144,194
00:33:55:222484,170
00:33:55:234487,167
00:33:55:246125,188
00:33:55:258489,170
00:33:55:270423,164
00:33:55:282311,174
00:33:55:294246,196
00:33:55:306488,189
00:33:55:317249,188
00:33:55:329116,194
00:33:55:341513,183
00:33:55:353040,163
00:33:55:365001,179
00:33:55:376979,184
00:33:55:389515,166
00:33:55:401528,166
00:33:55:413514,184
00:33:55:425289,198
00:33:55:437519,184
00:33:55:449453,192
00:33:55:461510,192
00:33:55:473552,174
00:33:55:485312,165
00:33:55:497529,187
00:33:55:509523,173
00:33:55:521533,164
00:33:55:532126,171
00:33:55:544490,194
00:33:55:556494,191
00:33:55:568145,186
00:33:55:580489,194
00:33:55:592506,186
00:33:55:604492,165
00:33:55:616500,174
00:33:55:628331,184
00:33:55:640506,166
00:33:55:652504,164
00:33:55:664393,180
00:33:55:676421,198
00:33:55:688135,185
00:33:55:700517,191
00:33:55:712499,193
00:33:55:724357,177
00:33:55:735355,162
00:33:55:747551,185
00:33:55:759526,177
00:33:55:771330,164
00:33:55:783519,169
00:33:55:795535,191
00:33:55:807100,194
00:33:55:819218,185
00:33:55:831552,194
00:33:55:843532,189
00:33:55:855057,167
00:33:55:866968,169
00:33:55:879011,186
00:33:55:891179,169
00:33:55:903827,163
00:33:55:915553,176
00:33:55:927248,197
00:33:55:938511,186
00:33:55:950508,189
00:33:55:962532,194
00:33:55:974479,181
00:33:55:986244,162
00:33:55:998518,181
00:33:56:010227,179
00:33:56:022543,164
00:33:56:034404,166
00:33:56:046120,186
00:33:56:058515,195
00:33:56:070114,183
00:33:56:082361,192
00:33:56:094203,190
00:33:56:106544,169
00:33:56:118444,165
00:33:56:130501,191
00:33:56:141747,174
00:33:56:153747,163
00:33:56:165641,175
00:33:56:177554,201
00:33:56:189299,196
00:33:56:201526,194
00:33:56:213468,193
00:33:56:225529,170
00:33:56:237534,164
00:33:56:249309,179
00:33:56:261487,164
00:33:56:273570,167
00:33:56:285271,191
00:33:56:297121,200
00:33:56:309069,192
00:33:56:321370,195
00:33:56:333198,180
00:33:56:344512,159
00:33:56:356040,176
00:33:56:368079,170
00:33:56:380420,178
00:33:56:392302,201
00:33:56:404554,192
00:33:56:416154,195
00:33:56:428400,189
00:33:56:440542,164
00:33:56:452265,166
00:33:56:464561,178
00:33:56:476523,164
00:33:56:488292,169
00:33:56:500471,195
00:33:56:512532,196
00:33:56:524226,192
00:33:56:536593,195
00:33:56:547631,175
00:33:56:559650,158
00:33:56:571332,178
00:33:56:583567,167
00:33:56:595568,163
00:33:56:607232,184
00:33:56:619512,201
00:33:56:631261,191
00:33:56:643611,196
00:33:56:655310,185
00:33:56:667906,160
00:33:56:679867,171
00:33:56:691551,174
00:33:56:703723,163
00:33:56:715725,173
00:33:56:727310,198
00:33:56:738219,194
00:33:56:750644,195
00:33:56:762541,193
00:33:56:774457,169
00:33:56:786654,161
00:33:56:798577,178
00:33:56:810373,164
00:33:56:822343,165
00:33:56:834549,189
00:33:56:846438,198
00:33:56:858226,191
00:33:56:870096,196
00:33:56:882430,181
00:33:56:894459,158
00:33:56:906336,176
00:33:56:918640,170
00:33:56:930350,162
00:33:56:941602,178
00:33:56:953534,200
00:33:56:965349,191
00:33:56:977560,195
00:33:56:989533,189
00:33:57:001611,164
00:33:57:013470,167
00:33:57:025629,176
00:33:57:037594,162
00:33:57:049268,168
00:33:57:061635,195
00:33:57:073496,196
00:33:57:085502,192
00:33:57:097640,193
00:33:57:109244,174
00:33:57:121126,158
00:33:57:132203,178
00:33:57:144240,166
00:33:57:156630,163
00:33:57:168202,184
00:33:57:180219,200
00:33:57:192163,190
00:33:57:204220,195
00:33:57:216170,184
00:33:57:228310,159
00:33:57:240365,176
00:33:57:252186,182
00:33:57:264172,161
00:33:57:276487,170
00:33:57:288376,199
00:33:57:300512,201
00:33:57:312588,198
00:33:57:324535,188
00:33:57:335584,160
00:33:57:347429,167
00:33:57:359133,169
00:33:57:371076,163
00:33:57:383258,185
00:33:57:395489,204
00:33:57:407386,196
00:33:57:419237,195
00:33:57:431181,172
00:33:57:443457,156
00:33:57:455309,172
00:33:57:467738,163
00:33:57:479544,171
00:33:57:491261,200
00:33:57:503672,198
00:33:57:515906,197
00:33:57:526419,186
00:33:57:538588,157
00:33:57:550671,167
00:33:57:562669,164
00:33:57:574390,188
00:33:57:586670,203
00:33:57:598664,195
00:33:57:610328,194
00:33:57:622696,169
00:33:57:634671,156
00:33:57:646347,171
00:33:57:658677,161
00:33:57:670727,172
00:33:57:682678,201
00:33:57:694498,197
00:33:57:706709,196
00:33:57:718763,184
00:33:57:730385,156
00:33:57:741524,167
00:33:57:753680,166
00:33:57:765477,163
00:33:57:777665,189
00:33:57:789685,202
00:33:57:801667,195
00:33:57:813777,193
00:33:57:825233,167
00:33:57:837402,157
00:33:57:849241,170
00:33:57:861207,162
00:33:57:873247,176
00:33:57:885184,201
00:33:57:897598,195
00:33:57:909364,196
00:33:57:921692,182
00:33:57:933753,155
00:33:57:944688,168
00:33:57:956689,165
00:33:57:968426,165
00:33:57:980489,193
00:33:57:992711,202
00:33:58:004914,194
00:33:58:016545,191
00:33:58:028537,164
00:33:58:040296,159
00:33:58:052363,170
00:33:58:064383,161
00:33:58:076729,177
00:33:58:088368,203
00:33:58:100560,196
00:33:58:112702,196
00:33:58:124543,179
00:33:58:136723,154
00:33:58:147679,169
00:33:58:159577,164
00:33:58:171470,166
00:33:58:183515,194
00:33:58:195639,199
00:33:58:207315,194
00:33:58:219728,190
00:33:58:231547,162
00:33:58:243705,166
00:33:58:255701,180
00:33:58:267696,160
00:33:58:279705,174
00:33:58:291392,205
00:33:58:303581,202
00:33:58:315696,197
00:33:58:327407,172
00:33:58:339587,154
00:33:58:350538,166
00:33:58:362251,161
00:33:58:387429,184
00:33:58:387765,206
00:33:58:398344,199
00:33:58:410444,192
00:33:58:422486,161
00:33:58:434281,157
00:33:58:446373,164
00:33:58:458291,164
00:33:58:470412,194
00:33:58:482294,204
00:33:58:494398,198
00:33:58:506727,184
00:33:58:518770,152
00:33:58:530343,161
00:33:58:542654,162
00:33:58:554724,171
00:33:58:565577,202
00:33:58:577543,201
00:33:58:589532,196
00:33:58:601498,173
00:33:58:613698,151
00:33:58:625758,164
00:33:58:637672,160
00:33:58:649504,180
00:33:58:661689,206
00:33:58:673349,199
00:33:58:685570,192
00:33:58:697515,155
00:33:58:709528,164
00:33:58:721555,163
00:33:58:733574,191
00:33:58:745537,205
00:33:58:757518,198
00:33:58:768296,187
00:33:58:780777,155
00:33:58:792950,161
00:33:58:804760,162
00:33:58:816703,169
00:33:58:828592,201
00:33:58:840437,202
00:33:58:852329,198
00:33:58:864227,176
00:33:58:876241,152
00:33:58:888296,164
00:33:58:900288,161
00:33:58:912595,179
00:33:58:924655,205
00:33:58:936305,198
00:33:58:948559,193
00:33:58:960443,165
00:33:58:971401,153
00:33:58:983460,164
00:33:58:995392,161
00:33:59:007337,189
00:33:59:019746,205
00:33:59:031329,198
00:33:59:043551,188
00:33:59:055517,155
00:33:59:067366,158
00:33:59:079431,162
00:33:59:091428,168
00:33:59:103734,199
00:33:59:115703,201
00:33:59:127551,196
00:33:59:139626,178
00:33:59:151323,153
00:33:59:162260,175
00:33:59:174215,162
00:33:59:186164,168
00:33:59:198137,203
00:33:59:210321,207
00:33:59:222275,197
00:33:59:234259,164
00:33:59:246221,153
00:33:59:258724,161
00:33:59:270740,168
00:33:59:282969,201
00:33:59:294641,205
00:33:59:306571,196
00:33:59:318788,166
00:33:59:330416,151
00:33:59:342328,160
00:33:59:354276,166
00:33:59:365274,200
00:33:59:377326,205
00:33:59:389555,196
00:33:59:401535,167
00:33:59:413400,149
00:33:59:425848,160
00:33:59:437739,165
00:33:59:449376,199
00:33:59:461620,205
00:33:59:473604,196
00:33:59:485587,170
00:33:59:497542,148
00:33:59:509601,159
00:33:59:521563,164
00:33:59:533450,197
00:33:59:545652,207
00:33:59:557537,198
00:33:59:568419,172
00:33:59:580740,148
00:33:59:592742,159
00:33:59:604759,163
00:33:59:616632,195
00:33:59:628791,207
00:33:59:640910,198
00:33:59:652743,173
00:33:59:664674,147
00:33:59:676656,159
00:33:59:688378,162
00:33:59:700729,194
00:33:59:712754,207
00:33:59:724601,198
00:33:59:736778,176
00:33:59:748964,147
00:33:59:760983,158
00:33:59:771760,161
00:33:59:783591,191
00:33:59:795557,207
00:33:59:807410,199
00:33:59:819768,177
00:33:59:831631,148
00:33:59:843791,158
00:33:59:855305,189
00:33:59:867282,207
00:33:59:879279,199
00:33:59:891580,179
00:33:59:903535,148
00:33:59:915791,159
00:33:59:927462,161
00:33:59:939644,188
00:33:59:951569,207
00:33:59:963549,199
00:33:59:974522,180
00:33:59:986747,152
00:33:59:998879,171
00:34:00:010408,160
00:34:00:022765,174
00:34:00:034461,209
00:34:00:046586,206
00:34:00:058659,184
00:34:00:070287,148
00:34:00:082983,155
00:34:00:094594,162
00:34:00:106608,194
00:34:00:118755,210
00:34:00:130747,199
00:34:00:142900,164
00:34:00:154973,147
00:34:00:166353,158
00:34:00:177381,175
00:34:00:189315,208
00:34:00:201284,205
00:34:00:213291,185
00:34:00:225246,148
00:34:00:237305,153
00:34:00:249382,161
00:34:00:261788,194
00:34:00:273716,209
00:34:00:285613,198
00:34:00:297610,165
00:34:00:309559,145
00:34:00:321451,157
00:34:00:333462,175
00:34:00:345731,208
00:34:00:357403,206
00:34:00:369277,186
00:34:00:381301,148
00:34:00:392505,152
00:34:00:404769,161
00:34:00:416763,194
00:34:00:428860,209
00:34:00:440822,198
00:34:00:452669,165
00:34:00:464620,145
00:34:00:476763,156
00:34:00:488414,172
00:34:00:500796,207
00:34:00:512808,204
00:34:00:524629,185
00:34:00:536763,147
00:34:00:548794,151
00:34:00:560808,160
00:34:00:572689,192
00:34:00:584778,209
00:34:00:595775,198
00:34:00:607463,166
00:34:00:619660,145
00:34:00:631602,156
00:34:00:643773,172
00:34:00:655745,207
00:34:00:667738,204
00:34:00:679581,186
00:34:00:691518,147
00:34:00:703762,151
00:34:00:715807,160
00:34:00:727533,192
00:34:00:739757,209
00:34:00:751411,198
00:34:00:763819,167
00:34:00:775818,153
00:34:00:787629,163
00:34:00:798400,164
00:34:00:810491,203
00:34:00:822600,211
00:34:00:834775,188
00:34:00:846602,148
00:34:00:858338,151
00:34:00:870293,165
00:34:00:882283,202
00:34:00:894670,210
00:34:00:906475,189
00:34:00:918764,148
00:34:00:930532,149
00:34:00:942821,163
00:34:00:954361,200
00:34:00:966471,210
00:34:00:978479,192
00:34:00:990867,150
00:34:01:002769,162
00:34:01:013649,198
00:34:01:025816,211
00:34:01:037802,192
00:34:01:049523,151
00:34:01:061776,146
00:34:01:073769,160
00:34:01:085619,196
00:34:01:097799,210
00:34:01:109784,194
00:34:01:121862,152
00:34:01:133638,146
00:34:01:145798,160
00:34:01:158044,195
00:34:01:169609,211
00:34:01:181624,195
00:34:01:193798,153
00:34:01:204815,144
00:34:01:216790,158
00:34:01:228860,193
00:34:01:240345,210
00:34:01:252302,195
00:34:01:264290,155
00:34:01:276282,144
00:34:01:288308,158
00:34:01:300242,192
00:34:01:312582,212
00:34:01:324543,197
00:34:01:336574,158
00:34:01:348784,144
00:34:01:360315,158
00:34:01:372354,189
00:34:01:384294,211
00:34:01:396628,198
00:34:01:407395,159
00:34:01:419594,143
00:34:01:431705,157
00:34:01:443615,188
00:34:01:455616,211
00:34:01:467443,199
00:34:01:479625,162
00:34:01:491786,153
00:34:01:503760,160
00:34:01:515813,174
00:34:01:527642,212
00:34:01:539835,206
00:34:01:552122,167
00:34:01:563990,142
00:34:01:575836,157
00:34:01:587832,192
00:34:01:599822,215
00:34:01:610563,195
00:34:01:622854,150
00:34:01:634846,145
00:34:01:646619,165
00:34:01:658952,205
00:34:01:670419,210
00:34:01:682736,179
00:34:01:694637,141
00:34:01:706810,150
00:34:01:718798,178
00:34:01:730812,213
00:34:01:742813,203
00:34:01:754795,162
00:34:01:766612,141
00:34:01:778705,157
00:34:01:790785,194
00:34:01:802833,213
00:34:01:813556,191
00:34:01:825539,147
00:34:01:837682,144
00:34:01:849670,167
00:34:01:861383,207
00:34:01:873337,208
00:34:01:885354,176
00:34:01:897630,139
00:34:01:909690,151
00:34:01:921647,182
00:34:01:933609,213
00:34:01:945589,200
00:34:01:957617,158
00:34:01:969455,141
00:34:01:981753,159
00:34:01:993786,198
00:34:02:005596,212
00:34:02:017616,188
00:34:02:028462,144
00:34:02:040760,146
00:34:02:052557,170
00:34:02:064672,209
00:34:02:076851,206
00:34:02:088490,172
00:34:02:100836,139
00:34:02:139205,153
00:34:02:139575,186
00:34:02:139827,213
00:34:02:148422,197
00:34:02:160339,156
00:34:02:172333,169
00:34:02:184465,170
00:34:02:196684,208
00:34:02:208506,205
00:34:02:221194,162
00:34:02:231897,141
00:34:02:244092,162
00:34:02:255629,204
00:34:02:267772,213
00:34:02:279389,177
00:34:02:291494,139
00:34:02:303367,152
00:34:02:327908,191
00:34:02:349171,216
00:34:02:349804,191
00:34:02:370142,144
00:34:02:371605,146
00:34:02:393003,178
00:34:02:393476,214
00:34:02:399336,201
00:34:02:411312,155
00:34:02:423316,140
00:34:02:434815,164
00:34:02:446646,207
00:34:02:458649,210
00:34:02:470643,170
00:34:02:482821,138
00:34:02:494570,156
00:34:02:506878,197
00:34:02:518922,215
00:34:02:530451,184
00:34:02:542469,140
00:34:02:554863,147
00:34:02:566534,183
00:34:02:578787,215
00:34:02:591060,196
00:34:02:602818,150
00:34:02:614507,143
00:34:02:626697,170
00:34:02:637768,211
00:34:02:649686,205
00:34:02:661823,162
00:34:02:673786,138
00:34:02:685704,160
00:34:02:697611,202
00:34:02:709784,211
00:34:02:721775,177
00:34:02:733653,138
00:34:02:745758,151
00:34:02:757783,189
00:34:02:769623,215
00:34:02:781660,191
00:34:02:793749,149
00:34:02:805690,157
00:34:02:818003,163
00:34:02:829932,206
00:34:02:841041,211
00:34:02:852876,165
00:34:02:864786,139
00:34:02:876856,163
00:34:02:888630,208
00:34:02:900974,210
00:34:02:912817,163
00:34:02:924941,137
00:34:02:936882,164
00:34:02:948894,209
00:34:02:961142,209
00:34:02:972471,162
00:34:02:984505,138
00:34:02:996411,165
00:34:03:008402,209
00:34:03:020502,208
00:34:03:032448,161
00:34:03:043793,137
00:34:03:055661,165
00:34:03:067506,210
00:34:03:079720,207
00:34:03:091675,160
00:34:03:103794,138
00:34:03:115973,166
00:34:03:127692,211
00:34:03:139779,206
00:34:03:151740,158
00:34:03:163749,138
00:34:03:175798,167
00:34:03:187775,211
00:34:03:199669,205
00:34:03:211534,157
00:34:03:223695,138
00:34:03:235795,168
00:34:03:246719,211
00:34:03:258875,204
00:34:03:270924,155
00:34:03:282885,139
00:34:03:294865,169
00:34:03:306920,212
00:34:03:318937,155
00:34:03:330849,139
00:34:03:342555,170
00:34:03:354918,212
00:34:03:366706,203
00:34:03:378498,157
00:34:03:390681,155
00:34:03:412989,160
00:34:03:414773,200
00:34:03:426913,213
00:34:03:438844,167
00:34:03:449596,139
00:34:03:461719,168
00:34:03:473743,214
00:34:03:485694,204
00:34:03:497504,150
00:34:03:509386,141
00:34:03:521407,181
00:34:03:533585,218
00:34:03:545659,189
00:34:03:557893,139
00:34:03:569562,149
00:34:03:581524,197
00:34:03:593610,215
00:34:03:605745,172
00:34:03:617500,135
00:34:03:629927,161
00:34:03:641966,209
00:34:03:652715,207
00:34:03:664852,155
00:34:03:676905,138
00:34:03:688661,176
00:34:03:700890,216
00:34:03:712973,194
00:34:03:724740,141
00:34:03:736914,146
00:34:03:749130,192
00:34:03:761110,216
00:34:03:772959,177
00:34:03:784742,135
00:34:03:796910,158
00:34:03:808693,207
00:34:03:821028,211
00:34:03:832901,160
00:34:03:844869,136
00:34:03:856921,171
00:34:03:867805,214
00:34:03:879716,198
00:34:03:891648,145
00:34:03:903912,143
00:34:03:915817,186
00:34:03:927634,217
00:34:03:939752,184
00:34:03:951756,148
00:34:03:963776,159
00:34:03:975583,178
00:34:03:987686,216
00:34:03:999393,186
00:34:04:011404,138
00:34:04:023560,157
00:34:04:035975,207
00:34:04:047772,209
00:34:04:059697,154
00:34:04:070632,140
00:34:04:082916,185
00:34:04:094921,218
00:34:04:106773,180
00:34:04:118519,135
00:34:04:130715,159
00:34:04:142610,210
00:34:04:154487,205
00:34:04:166389,148
00:34:04:178907,141
00:34:04:190673,189
00:34:04:202644,217
00:34:04:214730,175
00:34:04:226941,135
00:34:04:238517,165
00:34:04:250526,213
00:34:04:262766,200
00:34:04:274507,144
00:34:04:285632,145
00:34:04:297688,194
00:34:04:309761,215
00:34:04:321535,168
00:34:04:333732,134
00:34:04:345756,169
00:34:04:357729,215
00:34:04:369682,195
00:34:04:381881,140
00:34:04:393793,148
00:34:04:405715,199
00:34:04:417921,213
00:34:04:429732,163
00:34:04:441603,135
00:34:04:453661,217
00:34:04:465495,190
00:34:04:477640,147
00:34:04:489534,156
00:34:04:500482,182
00:34:04:512481,216
00:34:04:524535,176
00:34:04:536798,136
00:34:04:548619,171
00:34:04:560787,217
00:34:04:572621,189
00:34:04:584665,137
00:34:04:596940,157
00:34:04:608901,210
00:34:04:620542,201
00:34:04:632523,143
00:34:04:644636,145
00:34:04:656805,199
00:34:04:668793,210
00:34:04:680783,155
00:34:04:692764,138
00:34:04:703586,187
00:34:04:715660,216
00:34:04:727648,169
00:34:04:739805,134
00:34:04:751707,174
00:34:04:763473,217
00:34:04:775708,185
00:34:04:787786,135
00:34:04:799743,160
00:34:04:811544,212
00:34:04:823536,197
00:34:04:835515,140
00:34:04:847483,149
00:34:04:859571,203
00:34:04:871494,208
00:34:04:883670,151
00:34:04:895589,141
00:34:04:906682,192
00:34:04:918598,215
00:34:04:930684,164
00:34:04:942740,135
00:34:04:954852,179
00:34:04:966681,217
00:34:04:978672,180
00:34:04:990632,145
00:34:05:002448,159
00:34:05:014569,201
00:34:05:026500,207
00:34:05:038751,149
00:34:05:050490,146
00:34:05:062706,202
00:34:05:074649,209
00:34:05:086613,149
00:34:05:098684,144
00:34:05:110658,200
00:34:05:121594,210
00:34:05:133645,151
00:34:05:145649,141
00:34:05:157643,198
00:34:05:169535,211
00:34:05:181605,152
00:34:05:193578,141
00:34:05:205803,197
00:34:05:217648,212
00:34:05:229564,154
00:34:05:241697,140
00:34:05:253782,194
00:34:05:265835,212
00:34:05:277652,155
00:34:05:289609,139
00:34:05:301548,193
00:34:05:313503,213
00:34:05:325561,157
00:34:05:336481,138
00:34:05:348475,191
00:34:05:360911,214
00:34:05:373065,159
00:34:05:384959,137
00:34:05:396935,189
00:34:05:409246,214
00:34:05:421054,161
00:34:05:433003,137
00:34:05:445083,188
00:34:05:456790,215
00:34:05:469059,165
00:34:05:481056,150
00:34:05:492665,166
00:34:05:504589,210
00:34:05:516526,190
00:34:05:528626,137
00:34:05:539638,166
00:34:05:551783,217
00:34:05:563772,181
00:34:05:575679,135
00:34:05:588081,217
00:34:05:600001,170
00:34:05:612010,136
00:34:05:623840,187
00:34:05:635780,216
00:34:05:647661,160
00:34:05:659675,138
00:34:05:671740,195
00:34:05:683740,211
00:34:05:695700,150
00:34:05:707786,144
00:34:05:719803,203
00:34:05:731808,204
00:34:05:743777,142
00:34:05:755039,151
00:34:05:767063,210
00:34:05:778981,196
00:34:05:791167,137
00:34:05:803259,160
00:34:05:814730,214
00:34:05:827264,185
00:34:05:839136,134
00:34:05:851066,171
00:34:05:862871,217
00:34:05:874908,175
00:34:05:886924,133
00:34:05:898810,181
00:34:05:910632,216
00:34:05:923020,166
00:34:05:934813,140
00:34:05:947074,180
00:34:05:957792,216
00:34:05:969880,162
00:34:05:981852,138
00:34:05:993745,198
00:34:06:005575,206
00:34:06:017550,142
00:34:06:029619,152
00:34:06:041634,212
00:34:06:053820,187
00:34:06:065812,133
00:34:06:077909,174
00:34:06:089813,216
00:34:06:101961,164
00:34:06:113839,137
00:34:06:125823,196
00:34:06:137557,209
00:34:06:149630,145
00:34:06:160838,150
00:34:06:173038,211
00:34:06:184708,190
00:34:06:196625,133
00:34:06:208626,171
00:34:06:220582,216
00:34:06:232729,166
00:34:06:244786,136
00:34:06:256874,193
00:34:06:269070,209
00:34:06:281035,146
00:34:06:292824,149
00:34:06:304910,209
00:34:06:317065,192
00:34:06:328782,134
00:34:06:341212,169
00:34:06:353257,217
00:34:06:363717,173
00:34:06:375610,151
00:34:06:387855,166
00:34:06:399833,207
00:34:06:411883,184
00:34:06:423945,135
00:34:06:435815,183
00:34:06:447760,214
00:34:06:459650,152
00:34:06:471851,147
00:34:06:483828,210
00:34:06:495748,189
00:34:06:507561,133
00:34:06:519559,178
00:34:06:531579,215
00:34:06:544173,154
00:34:06:554602,143
00:34:06:566705,207
00:34:06:578779,192
00:34:06:590962,133
00:34:06:602899,174
00:34:06:614774,215
00:34:06:627058,158
00:34:06:638869,142
00:34:06:651041,206
00:34:06:662650,196
00:34:06:683639,134
00:34:06:686693,171
00:34:06:698778,216
00:34:06:710938,162
00:34:06:723056,139
00:34:06:734968,202
00:34:06:745790,135
00:34:06:757895,167
00:34:06:769762,216
00:34:06:781863,168
00:34:06:793811,142
00:34:06:805852,182
00:34:06:817696,211
00:34:06:829918,149
00:34:06:841824,151
00:34:06:853844,214
00:34:06:865860,177
00:34:06:877905,134
00:34:06:889803,195
00:34:06:901866,203
00:34:06:913830,137
00:34:06:925129,166
00:34:06:937109,215
00:34:06:949116,159
00:34:06:961009,141
00:34:06:972676,207
00:34:06:984781,189
00:34:06:996766,133
00:34:07:008606,183
00:34:07:020578,210
00:34:07:032883,145
00:34:07:045142,155
00:34:07:056901,214
00:34:07:068763,170
00:34:07:081354,136
00:34:07:093077,199
00:34:07:104957,199
00:34:07:115665,135
00:34:07:127703,172
00:34:07:139545,214
00:34:07:151633,153
00:34:07:163751,146
00:34:07:175725,210
00:34:07:187635,185
00:34:07:199584,142
00:34:07:211719,171
00:34:07:223719,211
00:34:07:235880,159
00:34:07:247643,146
00:34:07:259765,211
00:34:07:271846,179
00:34:07:283843,136
00:34:07:295768,198
00:34:07:307929,197
00:34:07:318944,135
00:34:07:331096,180
00:34:07:343023,210
00:34:07:355185,144
00:34:07:366853,161
00:34:07:378649,215
00:34:07:390839,160
00:34:07:402869,144
00:34:07:415047,210
00:34:07:427070,180
00:34:07:438908,135
00:34:07:450900,197
00:34:07:462706,198
00:34:07:475100,135
00:34:07:487002,177
00:34:07:498751,210
00:34:07:509577,145
00:34:07:521638,159
00:34:07:533689,214
00:34:07:545933,161
00:34:07:557898,143
00:34:07:569672,208
00:34:07:581970,182
00:34:07:593884,145
00:34:07:605878,171
00:34:07:618066,209
00:34:07:630156,159
00:34:07:641910,149
00:34:07:653823,212
00:34:07:665871,170
00:34:07:677945,141
00:34:07:690133,207
00:34:07:702124,180
00:34:07:713410,137
00:34:07:725085,200
00:34:07:737088,190
00:34:07:749086,135
00:34:07:760731,191
00:34:07:772668,199
00:34:07:784962,137
00:34:07:796854,181
00:34:07:809065,206
00:34:07:821222,141
00:34:07:833063,172
00:34:07:844956,211
00:34:07:857096,146
00:34:07:869140,161
00:34:07:880948,213
00:34:07:892933,155
00:34:07:904917,152
00:34:07:915844,212
00:34:07:927939,144
00:34:07:939965,209
00:34:07:951950,176
00:34:07:963933,138
00:34:07:975942,194
00:34:07:987878,195
00:34:07:999762,137
00:34:08:011643,190
00:34:08:023641,197
00:34:08:035990,138
00:34:08:047911,189
00:34:08:060039,199
00:34:08:071852,138
00:34:08:084050,187
00:34:08:095932,199
00:34:08:107447,137
00:34:08:118977,185
00:34:08:131155,201
00:34:08:142742,138
00:34:08:154828,183
00:34:08:166795,201
00:34:08:179141,139
00:34:08:191050,182
00:34:08:202950,203
00:34:08:215065,139
00:34:08:227171,180
00:34:08:238795,204
00:34:08:250740,140
00:34:08:262707,179
00:34:08:274682,205
00:34:08:287193,141
00:34:08:298177,177
00:34:08:309753,207
00:34:08:321719,144
00:34:08:333973,167
00:34:08:345981,209
00:34:08:357842,148
00:34:08:369878,166
00:34:08:381719,207
00:34:08:393843,144
00:34:08:406037,173
00:34:08:418167,205
00:34:08:429902,142
00:34:08:441959,180
00:34:08:454014,201
00:34:08:465986,139
00:34:08:478128,186
00:34:08:489207,195
00:34:08:500816,138
00:34:08:512780,192
00:34:08:524720,190
00:34:08:536997,138
00:34:08:549022,197
00:34:08:561177,185
00:34:08:573190,140
00:34:08:585160,201
00:34:08:596951,177
00:34:08:609172,142
00:34:08:621369,205
00:34:08:632887,172
00:34:08:645460,146
00:34:08:657207,208
00:34:08:669021,171
00:34:08:680864,150
00:34:08:692199,189
00:34:08:768379,191
00:34:08:768985,140
00:34:08:769323,197
00:34:08:769728,182
00:34:08:770073,143
00:34:08:770295,204
00:34:08:775680,168
00:34:08:787721,151
00:34:08:799652,208
00:34:08:811657,156
00:34:08:823663,163
00:34:08:835743,206
00:34:08:847724,145
00:34:08:859854,176
00:34:08:871804,200
00:34:08:882931,140
00:34:08:894812,189
00:34:08:906806,189
00:34:08:918778,140
00:34:08:930822,200
00:34:08:942858,175
00:34:08:954682,145
00:34:08:966736,206
00:34:08:978706,161
00:34:08:990741,155
00:34:09:002704,208
00:34:09:014716,157
00:34:09:026763,158
00:34:09:038772,206
00:34:09:050752,158
00:34:09:062770,161
00:34:09:073693,206
00:34:09:085984,145
00:34:09:097973,181
00:34:09:110005,141
00:34:09:121983,199
00:34:09:134000,173
00:34:09:145970,149
00:34:09:158143,206
00:34:09:169950,154
00:34:09:182005,167
00:34:09:193807,202
00:34:09:206017,143
00:34:09:218029,187
00:34:09:229796,188
00:34:09:241710,142
00:34:09:252625,202
00:34:09:264651,167
00:34:09:276623,154
00:34:09:288695,207
00:34:09:300766,149
00:34:09:313141,172
00:34:09:324804,200
00:34:09:336701,148
00:34:09:348698,172
00:34:09:360846,201
00:34:09:372652,143
00:34:09:384706,185
00:34:09:396680,187
00:34:09:408679,144
00:34:09:420702,203
00:34:09:432708,160
00:34:09:443673,163
00:34:09:456059,202
00:34:09:467939,143
00:34:09:479879,189
00:34:09:492037,182
00:34:09:503907,147
00:34:09:515729,205
00:34:09:527854,155
00:34:09:539968,168
00:34:09:551937,199
00:34:09:564251,142
00:34:09:576028,193
00:34:09:588014,176
00:34:09:600162,149
00:34:09:612183,205
00:34:09:623994,150
00:34:09:634951,172
00:34:09:647242,197
00:34:09:659119,145
00:34:09:671043,181
00:34:09:683421,193
00:34:09:695457,141
00:34:09:707184,200
00:34:09:718836,164
00:34:09:730955,162
00:34:09:742920,202
00:34:09:755023,143
00:34:09:767029,193
00:34:09:779223,173
00:34:09:791016,152
00:34:09:803193,203
00:34:09:815051,145
00:34:09:825925,185
00:34:09:837812,183
00:34:09:849867,146
00:34:09:861779,204
00:34:09:874032,152
00:34:09:886084,175
00:34:09:898067,191
00:34:09:909943,143
00:34:09:921997,201
00:34:09:934376,159
00:34:09:945956,165
00:34:09:958193,199
00:34:09:970024,143
00:34:09:982033,189
00:34:09:994219,178
00:34:10:006225,153
00:34:10:018115,203
00:34:10:028742,146
00:34:10:041112,188
00:34:10:053203,176
00:34:10:064959,153
00:34:10:077234,202
00:34:10:089213,145
00:34:10:101150,189
00:34:10:113313,174
00:34:10:125492,154
00:34:10:136988,202
00:34:10:148885,143
00:34:10:160954,190
00:34:10:173326,171
00:34:10:185254,156
00:34:10:197370,201
00:34:10:209313,143
00:34:10:220046,192
00:34:10:232066,171
00:34:10:243695,158
00:34:10:255778,202
00:34:10:267766,148
00:34:10:279788,173
00:34:10:291763,144
00:34:10:303852,195
00:34:10:315767,163
00:34:10:327775,168
00:34:10:340051,192
00:34:10:352177,145
00:34:10:364590,201
00:34:10:376424,152
00:34:10:388341,180
00:34:10:400383,182
00:34:10:412411,151
00:34:10:423026,201
00:34:10:435566,146
00:34:10:446828,191
00:34:10:458802,169
00:34:10:471077,162
00:34:10:483040,197
00:34:10:495233,143
00:34:10:506834,198
00:34:10:518731,157
00:34:10:530706,173
00:34:10:543236,189
00:34:10:555558,145
00:34:10:567271,195
00:34:10:579562,168
00:34:10:591503,165
00:34:10:603418,192
00:34:10:614044,147
00:34:10:625979,199
00:34:10:638155,150
00:34:10:650194,184
00:34:10:662254,172
00:34:10:674134,162
00:34:10:686062,194
00:34:10:698108,147
00:34:10:710039,199
00:34:10:722132,153
00:34:10:734197,181
00:34:10:746175,175
00:34:10:758396,158
00:34:10:770379,196
00:34:10:782460,146
00:34:10:794346,198
00:34:10:805070,156
00:34:10:817055,180
00:34:10:829034,183
00:34:10:841097,148
00:34:10:853094,197
00:34:10:864925,160
00:34:10:877236,175
00:34:10:889172,180
00:34:10:901239,157
00:34:10:912968,195
00:34:10:925613,148
00:34:10:937654,198
00:34:10:949403,153
00:34:10:961446,185
00:34:10:973599,171
00:34:10:985281,166
00:34:10:996115,188
00:34:11:008025,150
00:34:11:019864,197
00:34:11:031868,148
00:34:11:044185,191
00:34:11:056153,160
00:34:11:067830,175
00:34:11:079989,180
00:34:11:092734,156
00:34:11:104303,196
00:34:11:116527,146
00:34:11:128512,194
00:34:11:140498,160
00:34:11:152397,177
00:34:11:164655,174
00:34:11:176473,163
00:34:11:187282,188
00:34:11:199312,153
00:34:11:211342,195
00:34:11:223090,149
00:34:11:235155,194
00:34:11:247128,155
00:34:11:259102,184
00:34:11:271264,168
00:34:11:283392,169
00:34:11:295242,183
00:34:11:307420,156
00:34:11:319294,194
00:34:11:331443,150
00:34:11:343359,195
00:34:11:355330,151
00:34:11:367366,189
00:34:11:378148,164
00:34:11:390274,170
00:34:11:402137,185
00:34:11:414297,158
00:34:11:425980,191
00:34:11:438331,152
00:34:11:450493,194
00:34:11:462526,152
00:34:11:474563,156
00:34:11:486620,185
00:34:11:498499,164
00:34:11:510238,175
00:34:11:522198,175
00:34:11:534184,165
00:34:11:546420,184
00:34:11:558206,157
00:34:11:569144,192
00:34:11:581008,151
00:34:11:593150,195
00:34:11:605043,152
00:34:11:617117,193
00:34:11:629146,158
00:34:11:641106,178
00:34:11:653503,177
00:34:11:665291,164
00:34:11:677712,182
00:34:11:689674,160
00:34:11:701661,188
00:34:11:714048,155
00:34:11:725791,192
00:34:11:737749,153
00:34:11:749615,192
00:34:11:760258,152
00:34:11:772174,191
00:34:11:784038,154
00:34:11:796267,188
00:34:11:808025,158
00:34:11:819931,182
00:34:11:832167,164
00:34:11:844677,176
00:34:11:856575,171
00:34:11:868270,170
00:34:11:880170,172
00:34:11:892219,98
00:34:11:904130,96
00:34:11:916231,92
00:34:11:928322,81
00:34:11:940274,91
00:34:11:950917,217
00:34:11:962921,139
00:34:11:975010,96
00:34:11:986870,93
00:34:11:998860,92
00:34:12:010876,92
00:34:12:023169,92
00:34:12:035297,92
00:34:12:047882,92
00:34:12:060001,93
00:34:12:071273,93
00:34:12:083898,92
00:34:12:095847,92
00:34:12:107690,93
00:34:12:120082,93
00:34:12:131995,92
00:34:12:142122,93
00:34:12:154647,93
00:34:12:166362,92
00:34:12:178614,93
00:34:12:190135,93
00:34:12:202702,93
00:34:12:215134,93
00:34:12:226677,93
00:34:12:238792,93
00:34:12:251053,93
00:34:12:262431,93
00:34:12:274993,94
00:34:12:286467,94
00:34:12:298975,94
00:34:12:311014,93
00:34:12:323013,92
00:34:12:333350,93
00:34:12:345070,94
00:34:12:357563,94
00:34:12:369638,94
00:34:12:381566,94
00:34:12:393483,93
00:34:12:406161,94
00:34:12:418216,94
00:34:12:429403,93
00:34:12:441891,93
00:34:12:453538,94
00:34:12:465354,94
00:34:12:477565,94
00:34:12:489680,94
00:34:12:501632,95
00:34:12:513262,94
00:34:12:523858,94
00:34:12:535946,94
00:34:12:548233,93
00:34:12:560079,94
00:34:12:572118,94
00:34:12:584456,94
00:34:12:596487,94
00:34:12:608681,94
00:34:12:620909,94
00:34:12:632315,94
00:34:12:644534,94
00:34:12:656994,95
00:34:12:668367,94
00:34:12:680505,94
00:34:12:692742,94
00:34:12:704563,94
00:34:12:716925,94
00:34:12:727703,95
00:34:12:739434,95
00:34:12:751557,94
00:34:12:763597,94
00:34:12:776125,94
00:34:12:787540,94
00:34:12:800015,94
00:34:12:811883,95
00:34:12:823502,95
00:34:12:836206,94
00:34:12:848160,94
00:34:12:860021,94
00:34:12:872063,94
00:34:12:884081,94
00:34:12:896094,94
00:34:12:907342,94
00:34:12:918613,94
00:34:12:930266,94
00:34:12:942201,95
00:34:12:954927,95
00:34:12:967026,94
00:34:12:979261,94
00:34:12:990711,95
00:34:13:002985,94
00:34:13:014361,94
00:34:13:026229,94
00:34:13:038276,95
00:34:13:050665,94
00:34:13:062702,94
00:34:13:074687,94
00:34:13:087131,94
00:34:13:099087,94
00:34:13:110674,95
00:34:13:121357,95
00:34:13:133402,95
00:34:13:145539,94
00:34:13:158001,95
00:34:13:170023,96
00:34:13:181524,95
00:34:13:193701,94
00:34:13:206097,94
00:34:13:218169,95
00:34:13:229513,94
00:34:13:242068,94
00:34:13:254149,94
00:34:13:265409,94
00:34:13:277729,94
00:34:13:290063,94
00:34:13:301791,95
00:34:13:313697,95
00:34:13:324510,95
00:34:13:336386,95
00:34:13:348363,95
00:34:13:360893,95
00:34:13:373064,95
00:34:13:384439,95
00:34:13:396994,95
00:34:13:409037,94
00:34:13:420521,94
00:34:13:432498,94
00:34:13:444314,94
00:34:13:456261,94
00:34:13:468315,95
00:34:13:480281,94
00:34:13:492281,95
00:34:13:504326,94
00:34:13:515277,94
00:34:13:527209,94
00:34:13:539421,95
00:34:13:551972,95
00:34:13:564138,95
00:34:13:576137,95
00:34:13:587785,95
00:34:13:600160,95
00:34:13:611725,94
00:34:13:623542,94
00:34:13:636148,94
00:34:13:648032,95
00:34:13:660165,95
00:34:13:672360,94
00:34:13:684114,94
00:34:13:695283,94
00:34:13:706598,94
00:34:13:718923,94
00:34:13:731107,94
00:34:13:742540,95
00:34:13:755063,95
00:34:13:767069,95
00:34:13:778576,95
00:34:13:791188,95
00:34:13:803140,95
00:34:13:815050,95
00:34:13:826359,94
00:34:13:838972,95
00:34:13:851021,95
00:34:13:862793,95
00:34:13:874298,95
00:34:13:886659,95
00:34:13:898586,95
00:34:13:910371,95
00:34:13:921403,94
00:34:13:933271,95
00:34:13:945025,95
00:34:13:957401,95
00:34:13:969020,95
00:34:13:981141,95
00:34:13:993459,94
00:34:14:005591,94
00:34:14:016931,95
00:34:14:028891,95
00:34:14:040906,95
00:34:14:053473,95
00:34:14:065029,95
00:34:14:077272,95
00:34:14:089630,95
00:34:14:101698,95
00:34:14:113362,95
00:34:14:124551,95
00:34:14:136642,95
00:34:14:148355,95
00:34:14:160059,95
00:34:14:172299,95
00:34:14:183980,95
00:34:14:215693,95
00:34:14:217021,95
00:34:14:220387,96
00:34:14:232218,96
00:34:14:244633,95
00:34:14:256505,95
00:34:14:268079,95
00:34:14:280599,95
00:34:14:292691,95
00:34:14:305395,95
00:34:14:315638,95
00:34:14:327689,95
00:34:14:339668,95
00:34:14:351614,95
00:34:14:363630,95
00:34:14:375119,95
00:34:14:387386,95
00:34:14:399635,96
00:34:14:411532,95
00:34:14:423006,95
00:34:14:435392,95
00:34:14:447662,95
00:34:14:459628,95
00:34:14:471426,96
00:34:14:483505,95
00:34:14:495747,96
00:34:14:507200,95
00:34:14:517935,95
00:34:14:529939,95
00:34:14:541903,96
00:34:14:554412,95
00:34:14:566171,95
00:34:14:578684,95
00:34:14:590394,95
00:34:14:602521,96
00:34:14:614443,95
00:34:14:626345,95
00:34:14:638538,95
00:34:14:650599,95
00:34:14:662393,96
00:34:14:674265,95
00:34:14:686447,94
00:34:14:698592,95
00:34:14:710709,95
00:34:14:721687,95
00:34:14:733638,96
00:34:14:745088,95
00:34:14:757648,96
00:34:14:769661,95
00:34:14:781484,96
00:34:14:793574,95
00:34:14:805524,95
00:34:14:817639,95
00:34:14:829304,95
00:34:14:841694,95
00:34:14:853635,95
00:34:14:865172,96
00:34:14:877173,96
00:34:14:889520,95
00:34:14:901644,95
00:34:14:913232,95
00:34:14:924228,95
00:34:14:936439,95
00:34:14:948461,95
00:34:14:960091,95
00:34:14:972762,95
00:34:14:984170,95
00:34:14:996672,95
00:34:15:008668,95
00:34:15:019992,95
00:34:15:032053,95
00:34:15:043966,95
00:34:15:056396,95
00:34:15:068012,95
00:34:15:080425,95
00:34:15:092701,95
00:34:15:104181,95
00:34:15:115661,95
00:34:15:127762,95
00:34:15:139707,96
00:34:15:151348,96
00:34:15:163251,96
00:34:15:175533,95
00:34:15:187348,96
00:34:15:199735,96
00:34:15:211554,95
00:34:15:223184,95
00:34:15:235540,95
00:34:15:247561,95
00:34:15:259674,95
00:34:15:271685,95
00:34:15:283641,95
00:34:15:295691,95
00:34:15:307459,95
00:34:15:318135,95
00:34:15:330196,96
00:34:15:342043,95
00:34:15:354691,95
00:34:15:366514,95
00:34:15:378806,96
00:34:15:390475,95
00:34:15:402664,95
00:34:15:414667,95
00:34:15:426102,96
00:34:15:438376,97
00:34:15:450411,96
00:34:15:462359,96
00:34:15:474358,96
00:34:15:486632,95
00:34:15:498716,95
00:34:15:510590,95
00:34:15:521006,95
00:34:15:532979,95
00:34:15:544982,95
00:34:15:557649,95
00:34:15:569086,95
00:34:15:581577,95
00:34:15:593480,95
00:34:15:605715,95
00:34:15:617043,95
00:34:15:629246,96
00:34:15:641614,96
00:34:15:653493,95
00:34:15:665056,95
00:34:15:677653,96
00:34:15:689716,95
00:34:15:701546,95
00:34:15:713700,95
00:34:15:724839,96
00:34:15:736723,96
00:34:15:748493,95
00:34:15:760713,95
00:34:15:772722,96
00:34:15:784066,96
00:34:15:796712,95
00:34:15:808074,95
00:34:15:820631,95
00:34:15:832426,96
00:34:15:844510,95
00:34:15:856725,95
00:34:15:868556,95
00:34:15:880874,95
00:34:15:892669,95
00:34:15:904110,95
00:34:15:915471,95
00:34:15:927823,95
00:34:15:939607,95
00:34:15:951719,95
00:34:15:963420,95
00:34:15:975769,96
00:34:15:987018,96
00:34:15:999213,96
00:34:16:011002,96
00:34:16:023051,95
00:34:16:034982,96
00:34:16:047440,96
00:34:16:059469,95
00:34:16:071308,95
00:34:16:083724,96
00:34:16:095516,96
00:34:16:107444,95
00:34:16:119811,96
00:34:16:130650,96
00:34:16:142226,95
00:34:16:154733,95
00:34:16:166758,95
00:34:16:178785,95
00:34:16:190500,95
00:34:16:202729,95
00:34:16:214814,95
00:34:16:226097,95
00:34:16:238744,95
00:34:16:250724,96
00:34:16:262356,96
00:34:16:274351,96
00:34:16:286496,96
00:34:16:298736,95
00:34:16:310423,95
00:34:16:322639,95
00:34:16:333609,95
00:34:16:345159,96
00:34:16:357255,96
00:34:16:369191,96
00:34:16:381734,95
00:34:16:393589,95
00:34:16:405698,95
00:34:16:417779,96
00:34:16:429381,95
00:34:16:441663,95
00:34:16:453631,96
00:34:16:465484,95
00:34:16:477579,95
00:34:16:489491,96
00:34:16:501729,96
00:34:16:513360,96
00:34:16:525051,96
00:34:16:535975,96
00:34:16:548003,96
00:34:16:560761,96
00:34:16:572328,96
00:34:16:584112,96
00:34:16:596724,95
00:34:16:608716,95
00:34:16:620592,95
00:34:16:632499,95
00:34:16:644736,95
00:34:16:656748,96
00:34:16:668203,95
00:34:16:680732,95
00:34:16:692741,95
00:34:16:704246,96
00:34:16:716767,96
00:34:16:728756,96
00:34:16:739866,95
00:34:16:751655,95
00:34:16:763616,96
00:34:16:775831,95
00:34:16:787521,96
00:34:16:799585,95
00:34:16:811751,95
00:34:16:823376,95
00:34:16:835762,95
00:34:16:847771,95
00:34:16:859726,95
00:34:16:871585,96
00:34:16:883511,96
00:34:16:895739,96
00:34:16:907263,95
00:34:16:919651,95
00:34:16:931399,95
00:34:16:942369,95
00:34:16:954586,96
00:34:16:966825,96
00:34:16:978628,96
00:34:16:990309,95
00:34:17:002603,95
00:34:17:014504,95
00:34:17:026052,96
00:34:17:037972,96
00:34:17:050210,96
00:34:17:062365,95
00:34:17:074336,96
00:34:17:086774,96
00:34:17:098754,96
00:34:17:110462,96
00:34:17:122714,95
00:34:17:134728,95
00:34:17:145337,95
00:34:17:157618,96
00:34:17:169610,95
00:34:17:181484,95
00:34:17:193567,95
00:34:17:205781,95
00:34:17:217750,96
00:34:17:229520,96
00:34:17:241758,96
00:34:17:253753,96
00:34:17:265180,96
00:34:17:277743,96
00:34:17:289803,95
00:34:17:301896,96
00:34:17:313768,96
00:34:17:325819,96
00:34:17:337802,96
00:34:17:349474,96
00:34:17:360776,96
00:34:17:372883,95
00:34:17:384220,96
00:34:17:396789,97
00:34:17:408619,95
00:34:17:420583,96
00:34:17:432571,96
00:34:17:444774,96
00:34:17:456871,96
00:34:17:468575,96
00:34:17:480804,96
00:34:17:492639,96
00:34:17:504367,96
00:34:17:516136,96
00:34:17:528109,96
00:34:17:540090,96
00:34:17:552078,95
00:34:17:563079,96
00:34:17:575415,96
00:34:17:587340,96
00:34:17:599615,96
00:34:17:611851,95
00:34:17:623414,96
00:34:17:635827,95
00:34:17:647791,95
00:34:17:659849,96
00:34:17:671382,96
00:34:17:683806,96
00:34:17:695820,96
00:34:17:707397,96
00:34:17:719754,96
00:34:17:731585,95
00:34:17:743400,96
00:34:17:755653,96
00:34:17:766692,96
00:34:17:778652,96
00:34:17:790523,96
00:34:17:802624,96
00:34:17:814847,95
00:34:17:826270,95
00:34:17:838816,96
00:34:17:850838,96
00:34:17:862577,95
00:34:17:874641,96
00:34:17:886833,96
00:34:17:898790,96
00:34:17:910505,96
00:34:17:922687,96
00:34:17:934800,97
00:34:17:946363,96
00:34:17:958726,96
00:34:17:969890,95
00:34:17:981654,95
00:34:17:993660,95
00:34:18:005634,95
00:34:18:017473,95
00:34:18:029129,96
00:34:18:041065,96
00:34:18:053099,96
00:34:18:065213,95
00:34:18:077368,96
00:34:18:089673,96
00:34:18:101603,95
00:34:18:113471,95
00:34:18:125660,96
00:34:18:137849,95
00:34:18:149393,95
00:34:18:161618,95
00:34:18:173653,96
00:34:18:184386,96
00:34:18:196816,95
00:34:18:208841,96
00:34:18:220846,96
00:34:18:232687,95
00:34:18:244821,96
00:34:18:256705,96
00:34:18:268630,96
00:34:18:280922,96
00:34:18:292660,96
00:34:18:304194,96
00:34:18:316897,96
00:34:18:328815,96
00:34:18:340888,96
00:34:18:352508,95
00:34:18:364882,96
00:34:18:375610,96
00:34:18:387238,96
00:34:18:399823,96
00:34:18:411676,95
00:34:18:423267,96
00:34:18:435773,96
00:34:18:447747,96
00:34:18:459636,96
00:34:18:471760,95
00:34:18:483842,95
00:34:18:495856,96
00:34:18:507557,96
00:34:18:519385,96
00:34:18:531143,96
00:34:18:543179,96
00:34:18:555549,96
00:34:18:567418,96
00:34:18:578450,96
00:34:18:590623,96
00:34:18:602833,96
00:34:18:614854,96
00:34:18:626499,96
00:34:18:638653,96
00:34:18:650847,96
00:34:18:662625,96
00:34:18:674718,96
00:34:18:686566,96
00:34:18:698853,96
00:34:18:710473,96
00:34:18:722843,96
00:34:18:734891,97
00:34:18:746583,97
00:34:18:758857,97
00:34:18:770737,96
00:34:18:781701,96
00:34:18:793524,96
00:34:18:805868,96
00:34:18:817874,97
00:34:18:829536,97
00:34:18:841844,96
00:34:18:853801,96
00:34:18:865264,96
00:34:18:877272,96
00:34:18:889186,96
00:34:18:901235,97
00:34:18:913653,96
00:34:18:925950,96
00:34:18:937432,97
00:34:18:949599,96
00:34:18:961710,96
00:34:18:973031,96
00:34:18:984429,96
00:34:18:996628,96
00:34:19:008823,96
00:34:19:020303,96
00:34:19:032163,97
00:34:19:044094,97
00:34:19:056565,97
00:34:19:068319,97
00:34:19:080208,97
