00:25:23:463807,0
00:25:23:475787,0
00:25:23:487760,0
00:25:23:499726,0
00:25:23:511817,0
00:25:23:523881,0
00:25:23:535804,0
00:25:23:547760,0
00:25:23:559701,0
00:25:23:570712,0
00:25:23:582774,0
00:25:23:594728,0
00:25:23:606686,0
00:25:23:618761,20
00:25:23:630780,77
00:25:23:642746,213
00:25:23:655312,446
00:25:23:666965,739
00:25:23:678826,1004
00:25:23:690886,1249
00:25:23:702889,1413
00:25:23:715046,1459
00:25:23:727317,1432
00:25:23:739332,1358
00:25:23:750323,1247
00:25:23:762190,1063
00:25:23:774538,816
00:25:23:785855,544
00:25:23:798201,237
00:25:23:810171,0
00:25:23:821945,9
00:25:23:834221,1
00:25:23:846167,2
00:25:23:858162,41
00:25:23:870136,127
00:25:23:882203,268
00:25:23:894297,510
00:25:23:906013,816
00:25:23:917415,1108
00:25:23:929107,1412
00:25:23:941352,1653
00:25:23:953050,1764
00:25:23:965047,1770
00:25:23:977366,1735
00:25:23:989007,1659
00:25:24:000836,1519
00:25:24:012831,1308
00:25:24:024768,1060
00:25:24:036828,729
00:25:24:049051,358
00:25:24:061076,52
00:25:24:072884,11
00:25:24:085212,24
00:25:24:096211,25
00:25:24:107913,61
00:25:24:120058,139
00:25:24:131830,303
00:25:24:143827,562
00:25:24:155875,854
00:25:24:167867,1188
00:25:24:179824,1504
00:25:24:191902,1731
00:25:24:204198,1849
00:25:24:215783,1851
00:25:24:227949,1815
00:25:24:240023,1733
00:25:24:252054,1584
00:25:24:264081,1380
00:25:24:275066,1099
00:25:24:286873,760
00:25:24:299385,413
00:25:24:311072,72
00:25:24:323554,1
00:25:24:335426,22
00:25:24:346877,27
00:25:24:359223,65
00:25:24:370938,152
00:25:24:383378,327
00:25:24:395246,596
00:25:24:407103,896
00:25:24:419398,1232
00:25:24:431325,1530
00:25:24:443416,1776
00:25:24:454347,1892
00:25:24:466343,1890
00:25:24:478193,1847
00:25:24:489924,1760
00:25:24:501909,1623
00:25:24:513861,1402
00:25:24:525846,1112
00:25:24:538169,801
00:25:24:550005,422
00:25:24:562140,81
00:25:24:574081,0
00:25:24:586351,22
00:25:24:598160,27
00:25:24:610078,64
00:25:24:621313,162
00:25:24:633390,350
00:25:24:645368,605
00:25:24:656910,939
00:25:24:668852,1282
00:25:24:680844,1581
00:25:24:692860,1821
00:25:24:704850,1929
00:25:24:717254,1929
00:25:24:728939,1885
00:25:24:741372,1797
00:25:24:753174,1648
00:25:24:765316,1420
00:25:24:777411,1153
00:25:24:788217,814
00:25:24:799963,435
00:25:24:811879,120
00:25:24:823858,0
00:25:24:835822,24
00:25:24:848174,29
00:25:24:860083,66
00:25:24:871901,167
00:25:24:883950,343
00:25:24:895940,628
00:25:24:908405,969
00:25:24:920002,1289
00:25:24:932070,1620
00:25:24:944382,1844
00:25:24:956387,1962
00:25:24:967095,1959
00:25:24:979091,1912
00:25:24:990950,1818
00:25:25:002900,1661
00:25:25:014835,1451
00:25:25:026824,1156
00:25:25:038998,814
00:25:25:051390,463
00:25:25:063402,120
00:25:25:075404,0
00:25:25:087385,25
00:25:25:099402,32
00:25:25:111400,71
00:25:25:122967,163
00:25:25:134383,355
00:25:25:146386,621
00:25:25:158163,964
00:25:25:170380,1316
00:25:25:182392,1625
00:25:25:194387,1873
00:25:25:206189,1984
00:25:25:218398,1977
00:25:25:230404,1931
00:25:25:241946,1831
00:25:25:254108,1686
00:25:25:265980,1449
00:25:25:277915,1151
00:25:25:290018,836
00:25:25:300843,454
00:25:25:312961,116
00:25:25:325433,0
00:25:25:337050,23
00:25:25:348869,33
00:25:25:360920,71
00:25:25:372948,170
00:25:25:384996,366
00:25:25:397045,637
00:25:25:408884,984
00:25:25:421323,1343
00:25:25:433001,1652
00:25:25:445222,1897
00:25:25:457110,2003
00:25:25:468742,2000
00:25:25:480165,1949
00:25:25:492315,1856
00:25:25:503929,1694
00:25:25:515859,1454
00:25:25:527886,1177
00:25:25:540237,833
00:25:25:551971,451
00:25:25:564369,139
00:25:25:576301,0
00:25:25:588380,25
00:25:25:600284,35
00:25:25:612409,75
00:25:25:624389,179
00:25:25:636122,361
00:25:25:647139,659
00:25:25:659115,1011
00:25:25:671160,1341
00:25:25:683369,1684
00:25:25:695387,1909
00:25:25:707403,2028
00:25:25:719195,2023
00:25:25:731260,1971
00:25:25:743407,1869
00:25:25:755104,1696
00:25:25:767407,1474
00:25:25:779402,1169
00:25:25:791132,821
00:25:25:803371,471
00:25:25:814118,134
00:25:25:826073,0
00:25:25:838042,23
00:25:25:850105,36
00:25:25:862097,78
00:25:25:874303,173
00:25:25:886242,370
00:25:25:898358,675
00:25:25:910342,1000
00:25:25:922379,1363
00:25:25:934023,1704
00:25:25:946408,1932
00:25:25:958453,2044
00:25:25:970295,2037
00:25:25:981919,1990
00:25:25:992891,1892
00:25:26:004809,1730
00:25:26:016889,1466
00:25:26:028863,1139
00:25:26:040965,813
00:25:26:053041,461
00:25:26:065136,211
00:25:26:076942,113
00:25:26:088972,140
00:25:26:101015,283
00:25:26:113060,518
00:25:26:125371,861
00:25:26:137123,1233
00:25:26:149416,1555
00:25:26:160109,1803
00:25:26:171971,1888
00:25:26:183952,1847
00:25:26:196240,1725
00:25:26:208051,1539
00:25:26:220142,1254
00:25:26:231976,918
00:25:26:244377,577
00:25:26:256451,247
00:25:26:268641,39
00:25:26:279988,1
00:25:26:292122,80
00:25:26:304601,238
00:25:26:316277,483
00:25:26:328473,842
00:25:26:339247,1217
00:25:26:350930,1533
00:25:26:363023,1766
00:25:26:375070,1827
00:25:26:387078,1772
00:25:26:398894,1635
00:25:26:410940,1407
00:25:26:422966,1131
00:25:26:435034,779
00:25:26:447118,410
00:25:26:459182,137
00:25:26:471178,0
00:25:26:483253,40
00:25:26:495167,131
00:25:26:505998,308
00:25:26:518010,606
00:25:26:530008,940
00:25:26:542077,1305
00:25:26:554230,1625
00:25:26:566208,1793
00:25:26:578371,1818
00:25:26:590222,1744
00:25:26:602189,1585
00:25:26:614258,1336
00:25:26:626130,1049
00:25:26:661678,689
00:25:26:664170,326
00:25:26:664583,78
00:25:26:673225,1
00:25:26:685262,61
00:25:26:697241,158
00:25:26:709227,361
00:25:26:721383,679
00:25:26:733169,1016
00:25:26:745091,1376
00:25:26:757238,1653
00:25:26:769212,1803
00:25:26:781213,1796
00:25:26:793244,1705
00:25:26:805181,1532
00:25:26:817308,1265
00:25:26:829282,968
00:25:26:840575,597
00:25:26:852275,250
00:25:26:864098,27
00:25:26:876122,9
00:25:26:888159,77
00:25:26:900194,194
00:25:26:912212,420
00:25:26:924195,757
00:25:26:936299,1100
00:25:26:948107,1452
00:25:26:960485,1702
00:25:26:972195,1816
00:25:26:984181,1784
00:25:26:996293,1665
00:25:27:008002,1478
00:25:27:019002,1195
00:25:27:031055,853
00:25:27:043207,511
00:25:27:055400,181
00:25:27:067234,0
00:25:27:079296,24
00:25:27:091137,105
00:25:27:103018,240
00:25:27:115207,495
00:25:27:126923,844
00:25:27:139129,1187
00:25:27:150898,1530
00:25:27:163004,1766
00:25:27:174926,1828
00:25:27:186397,1773
00:25:27:198064,1638
00:25:27:210034,1430
00:25:27:222029,1129
00:25:27:233999,775
00:25:27:246440,432
00:25:27:258101,130
00:25:27:270385,0
00:25:27:282130,34
00:25:27:294230,128
00:25:27:306238,299
00:25:27:318208,560
00:25:27:330524,921
00:25:27:342253,1289
00:25:27:354224,1590
00:25:27:366359,1788
00:25:27:377217,1822
00:25:27:389517,1745
00:25:27:401327,1587
00:25:27:413362,1358
00:25:27:425322,1047
00:25:27:437350,683
00:25:27:449309,345
00:25:27:461235,66
00:25:27:473366,1
00:25:27:485039,60
00:25:27:497006,160
00:25:27:509019,357
00:25:27:520937,641
00:25:27:532984,1007
00:25:27:544073,1370
00:25:27:556581,1655
00:25:27:568244,1817
00:25:27:580508,1812
00:25:27:592463,1726
00:25:27:604409,1546
00:25:27:616240,1299
00:25:27:628631,975
00:25:27:640268,601
00:25:27:652467,276
00:25:27:664255,24
00:25:27:676268,12
00:25:27:688232,72
00:25:27:700231,192
00:25:27:712387,413
00:25:27:724213,716
00:25:27:735332,1089
00:25:27:747334,1447
00:25:27:759367,1703
00:25:27:771346,1826
00:25:27:783380,1796
00:25:27:795578,1691
00:25:27:807472,1488
00:25:27:819282,1203
00:25:27:831354,890
00:25:27:843347,513
00:25:27:855191,180
00:25:27:867208,0
00:25:27:879469,25
00:25:27:891396,104
00:25:27:902559,234
00:25:27:914582,482
00:25:27:926624,797
00:25:27:938404,1171
00:25:27:950572,1519
00:25:27:962593,1744
00:25:27:974344,1829
00:25:27:986220,1786
00:25:27:998386,1692
00:25:28:010115,1496
00:25:28:021982,1207
00:25:28:034034,892
00:25:28:046575,537
00:25:28:058114,272
00:25:28:069211,178
00:25:28:081454,233
00:25:28:093469,426
00:25:28:105547,716
00:25:28:117419,1085
00:25:28:129487,1431
00:25:28:141441,1652
00:25:28:153382,1707
00:25:28:165785,1607
00:25:28:177180,1418
00:25:28:189169,1123
00:25:28:201430,770
00:25:28:213267,440
00:25:28:225247,183
00:25:28:237216,101
00:25:28:248607,156
00:25:28:260203,342
00:25:28:272067,633
00:25:28:284093,1008
00:25:28:296035,1357
00:25:28:308077,1588
00:25:28:320598,1651
00:25:28:332555,1555
00:25:28:344186,1363
00:25:28:356084,1074
00:25:28:368189,719
00:25:28:380172,393
00:25:28:392163,144
00:25:28:404274,66
00:25:28:416115,129
00:25:28:427274,312
00:25:28:439298,633
00:25:28:451157,981
00:25:28:463557,1331
00:25:28:484409,1572
00:25:28:489057,1623
00:25:28:499136,1526
00:25:28:511078,1332
00:25:28:522975,1038
00:25:28:535085,681
00:25:28:547467,353
00:25:28:559443,110
00:25:28:571166,37
00:25:28:583621,101
00:25:28:594386,284
00:25:28:606646,599
00:25:28:618434,950
00:25:28:630540,1300
00:25:28:642544,1544
00:25:28:654352,1596
00:25:28:666789,1495
00:25:28:678458,1278
00:25:28:690542,1005
00:25:28:702845,649
00:25:28:714226,297
00:25:28:726219,86
00:25:28:738150,17
00:25:28:750094,92
00:25:28:762015,260
00:25:28:773032,575
00:25:28:785291,959
00:25:28:797320,1277
00:25:28:809423,1518
00:25:28:821395,1567
00:25:28:833613,1470
00:25:28:845648,1254
00:25:28:857297,981
00:25:28:869381,620
00:25:28:881664,272
00:25:28:893807,64
00:25:28:905644,0
00:25:28:917600,76
00:25:28:929944,247
00:25:28:940606,563
00:25:28:952676,947
00:25:28:964708,1265
00:25:28:976412,1502
00:25:28:988882,1549
00:25:29:000673,1448
00:25:29:012236,1230
00:25:29:024116,927
00:25:29:036097,590
00:25:29:048649,247
00:25:29:060448,45
00:25:29:072436,5
00:25:29:085072,111
00:25:29:096423,294
00:25:29:108587,620
00:25:29:119600,998
00:25:29:131562,1310
00:25:29:143892,1541
00:25:29:155427,1572
00:25:29:167487,1468
00:25:29:179381,1247
00:25:29:191385,943
00:25:29:203457,605
00:25:29:215382,261
00:25:29:227383,47
00:25:29:239424,0
00:25:29:251368,79
00:25:29:262748,278
00:25:29:275623,575
00:25:29:286583,960
00:25:29:298333,1297
00:25:29:310430,1504
00:25:29:322614,1544
00:25:29:334457,1439
00:25:29:346623,1217
00:25:29:358428,910
00:25:29:370337,571
00:25:29:382347,229
00:25:29:394623,19
00:25:29:406629,17
00:25:29:418580,129
00:25:29:430451,342
00:25:29:442278,649
00:25:29:453215,1026
00:25:29:465183,1357
00:25:29:477173,1553
00:25:29:489526,1572
00:25:29:501465,1449
00:25:29:513252,1239
00:25:29:525149,933
00:25:29:537165,563
00:25:29:549302,251
00:25:29:561563,40
00:25:29:573177,0
00:25:29:585333,86
00:25:29:597565,288
00:25:29:609377,588
00:25:29:621371,973
00:25:29:632623,1307
00:25:29:645291,1508
00:25:29:656612,1547
00:25:29:668948,1446
00:25:29:680529,1255
00:25:29:692462,960
00:25:29:704453,603
00:25:29:716642,317
00:25:29:728324,167
00:25:29:740699,202
00:25:29:752709,375
00:25:29:764748,699
00:25:29:776688,1062
00:25:29:788602,1336
00:25:29:799614,1472
00:25:29:811418,1408
00:25:29:823466,1223
00:25:29:835471,927
00:25:29:847422,598
00:25:29:859289,291
00:25:29:871271,148
00:25:29:883608,182
00:25:29:895478,371
00:25:29:907847,700
00:25:29:919731,1036
00:25:29:931508,1335
00:25:29:943376,1463
00:25:29:955570,1405
00:25:29:966377,1203
00:25:29:978628,900
00:25:29:990300,571
00:25:30:002693,268
00:25:30:014165,137
00:25:30:026084,176
00:25:30:038127,371
00:25:30:050481,704
00:25:30:062595,1041
00:25:30:074589,1336
00:25:30:086403,1455
00:25:30:098657,1392
00:25:30:110607,1188
00:25:30:122579,911
00:25:30:133604,553
00:25:30:145509,254
00:25:30:157473,135
00:25:30:169352,178
00:25:30:181431,379
00:25:30:193415,685
00:25:30:205708,1051
00:25:30:217732,1343
00:25:30:229501,1453
00:25:30:241431,1380
00:25:30:253443,1172
00:25:30:265461,891
00:25:30:277434,533
00:25:30:289349,240
00:25:30:301424,129
00:25:30:313392,177
00:25:30:324653,383
00:25:30:336603,692
00:25:30:348627,1057
00:25:30:360443,1345
00:25:30:372625,1449
00:25:30:384676,1368
00:25:30:396627,1181
00:25:30:408344,874
00:25:30:420646,516
00:25:30:432633,247
00:25:30:444715,128
00:25:30:456669,182
00:25:30:468659,369
00:25:30:480648,705
00:25:30:491433,1070
00:25:30:503603,1332
00:25:30:515273,1446
00:25:30:527146,1359
00:25:30:539118,1166
00:25:30:551640,856
00:25:30:563482,498
00:25:30:575616,237
00:25:30:587239,127
00:25:30:599624,190
00:25:30:611574,383
00:25:30:623514,721
00:25:30:635464,1087
00:25:30:647394,1343
00:25:30:658629,1447
00:25:30:670636,1355
00:25:30:682677,1158
00:25:30:694522,845
00:25:30:706492,486
00:25:30:718864,230
00:25:30:730326,128
00:25:30:742464,185
00:25:30:754741,398
00:25:30:766512,739
00:25:30:778658,1074
00:25:30:790594,1353
00:25:30:802659,1449
00:25:30:814636,1361
00:25:30:825639,1148
00:25:30:837550,833
00:25:30:849308,503
00:25:30:861463,220
00:25:30:873478,127
00:25:30:885458,187
00:25:30:897442,404
00:25:30:909485,748
00:25:30:921507,1082
00:25:30:933438,1355
00:25:30:945417,1444
00:25:30:957451,1352
00:25:30:969383,1132
00:25:30:981514,843
00:25:30:992683,485
00:25:31:004534,214
00:25:31:016231,129
00:25:31:028149,197
00:25:31:040158,419
00:25:31:052470,737
00:25:31:064950,1098
00:25:31:076671,1366
00:25:31:088349,1450
00:25:31:100698,1379
00:25:31:112635,1184
00:25:31:124592,908
00:25:31:136643,567
00:25:31:148877,331
00:25:31:160001,272
00:25:31:171659,409
00:25:31:183576,679
00:25:31:195525,1022
00:25:31:207430,1295
00:25:31:219645,1377
00:25:31:231557,1271
00:25:31:243561,1024
00:25:31:255382,721
00:25:31:267389,406
00:25:31:279972,256
00:25:31:291303,304
00:25:31:303262,530
00:25:31:315592,838
00:25:31:326356,1166
00:25:31:338335,1355
00:25:31:350243,1338
00:25:31:362416,1157
00:25:31:374401,857
00:25:31:386925,546
00:25:31:398684,299
00:25:31:410643,255
00:25:31:422692,389
00:25:31:434678,685
00:25:31:446462,1028
00:25:31:458696,1274
00:25:31:470671,1356
00:25:31:482708,1239
00:25:31:493431,1010
00:25:31:505659,679
00:25:31:517218,370
00:25:31:529222,243
00:25:31:541154,300
00:25:31:553628,536
00:25:31:565761,847
00:25:31:577649,1168
00:25:31:589856,1337
00:25:31:601983,1314
00:25:31:613696,1125
00:25:31:625648,849
00:25:31:637647,510
00:25:31:649384,277
00:25:31:660698,244
00:25:31:672711,395
00:25:31:684689,698
00:25:31:696643,1015
00:25:31:708882,1280
00:25:31:720719,1350
00:25:31:732374,1237
00:25:31:744729,985
00:25:31:756626,652
00:25:31:768427,372
00:25:31:780705,241
00:25:31:792676,313
00:25:31:804514,535
00:25:31:816493,875
00:25:31:827457,1172
00:25:31:839688,1351
00:25:31:851528,1311
00:25:31:863757,1133
00:25:31:875709,831
00:25:31:887533,492
00:25:31:899550,283
00:25:31:911885,253
00:25:31:923764,415
00:25:31:935512,699
00:25:31:947503,1046
00:25:31:959763,1301
00:25:31:971413,1358
00:25:31:983484,1229
00:25:31:994791,970
00:25:32:006577,660
00:25:32:018266,357
00:25:32:030177,240
00:25:32:042224,308
00:25:32:054599,551
00:25:32:066481,865
00:25:32:078713,1188
00:25:32:090476,1352
00:25:32:102966,1310
00:25:32:114985,1110
00:25:32:132499,801
00:25:32:154815,491
00:25:32:175026,268
00:25:32:177481,254
00:25:32:198469,406
00:25:32:198940,716
00:25:32:199364,1062
00:25:32:209369,1294
00:25:32:221776,1350
00:25:32:233687,1210
00:25:32:246051,970
00:25:32:257646,633
00:25:32:269630,339
00:25:32:281627,239
00:25:32:293387,321
00:25:32:305650,549
00:25:32:317446,895
00:25:32:328557,1209
00:25:32:340440,1359
00:25:32:352978,1320
00:25:32:365097,1126
00:25:32:376767,851
00:25:32:388794,534
00:25:32:400569,362
00:25:32:412583,407
00:25:32:424741,646
00:25:32:436749,970
00:25:32:448435,1215
00:25:32:460618,1298
00:25:32:472759,1166
00:25:32:484782,922
00:25:32:495881,598
00:25:32:507565,371
00:25:32:519313,361
00:25:32:531257,548
00:25:32:543310,863
00:25:32:555399,1142
00:25:32:567422,1291
00:25:32:579512,1229
00:25:32:591503,1004
00:25:32:603520,688
00:25:32:615747,429
00:25:32:627780,340
00:25:32:640032,467
00:25:32:651490,734
00:25:32:662711,1059
00:25:32:674999,1268
00:25:32:686601,1265
00:25:32:698752,1084
00:25:32:710770,781
00:25:32:722633,498
00:25:32:734743,339
00:25:32:746764,409
00:25:32:758719,640
00:25:32:770772,970
00:25:32:782781,1230
00:25:32:794451,1290
00:25:32:806295,1153
00:25:32:818320,905
00:25:32:830252,582
00:25:32:841210,363
00:25:32:853396,362
00:25:32:865445,558
00:25:32:877518,877
00:25:32:889413,1153
00:25:32:901529,1294
00:25:32:913530,1209
00:25:32:925854,993
00:25:32:937639,677
00:25:32:949583,406
00:25:32:961632,340
00:25:32:973608,476
00:25:32:985772,773
00:25:32:997797,1072
00:25:33:008466,1276
00:25:33:020308,1252
00:25:33:032340,1075
00:25:33:044680,769
00:25:33:056667,466
00:25:33:068459,341
00:25:33:080565,419
00:25:33:092468,657
00:25:33:104762,987
00:25:33:116739,1240
00:25:33:128455,1291
00:25:33:140836,1144
00:25:33:152983,865
00:25:33:165029,571
00:25:33:176984,360
00:25:33:187857,377
00:25:33:199941,571
00:25:33:211505,892
00:25:33:223516,1186
00:25:33:235536,1296
00:25:33:247444,1204
00:25:33:259545,961
00:25:33:271645,665
00:25:33:283518,401
00:25:33:295589,348
00:25:33:307579,491
00:25:33:319529,791
00:25:33:331392,1109
00:25:33:343598,1284
00:25:33:355531,1250
00:25:33:366794,1066
00:25:33:378487,760
00:25:33:390849,460
00:25:33:403070,343
00:25:33:414804,430
00:25:33:426814,699
00:25:33:438765,1000
00:25:33:450451,1249
00:25:33:462801,1299
00:25:33:474857,1191
00:25:33:486599,937
00:25:33:499017,628
00:25:33:510849,434
00:25:33:522308,454
00:25:33:533277,688
00:25:33:545264,973
00:25:33:557457,1200
00:25:33:569461,1204
00:25:33:581596,1034
00:25:33:593530,740
00:25:33:605577,497
00:25:33:617286,423
00:25:33:629217,586
00:25:33:641229,888
00:25:33:653260,1140
00:25:33:665261,1237
00:25:33:677214,1127
00:25:33:689290,865
00:25:33:700389,571
00:25:33:712658,425
00:25:33:724603,504
00:25:33:736572,766
00:25:33:748515,1047
00:25:33:760514,1230
00:25:33:772518,1183
00:25:33:784777,982
00:25:33:796391,680
00:25:33:808377,452
00:25:33:820726,448
00:25:33:832781,655
00:25:33:844793,963
00:25:33:856779,1188
00:25:33:868822,1227
00:25:33:879726,1059
00:25:33:891376,797
00:25:33:903846,520
00:25:33:915645,426
00:25:33:927567,554
00:25:33:939564,841
00:25:33:951430,1107
00:25:33:963537,1241
00:25:33:975533,1144
00:25:33:987608,918
00:25:33:999580,617
00:25:34:011545,434
00:25:34:023283,476
00:25:34:035249,719
00:25:34:047293,1027
00:25:34:058662,1218
00:25:34:070405,1206
00:25:34:082863,1006
00:25:34:095003,730
00:25:34:106801,476
00:25:34:118784,442
00:25:34:130586,611
00:25:34:142872,913
00:25:34:154490,1176
00:25:34:166413,1241
00:25:34:188790,1101
00:25:34:190957,825
00:25:34:202851,559
00:25:34:214860,427
00:25:34:225621,523
00:25:34:237536,791
00:25:34:249493,1093
00:25:34:261509,1244
00:25:34:273652,1176
00:25:34:285524,944
00:25:34:297540,666
00:25:34:309643,449
00:25:34:321587,470
00:25:34:333622,678
00:25:34:345650,985
00:25:34:357597,1214
00:25:34:369528,1226
00:25:34:381877,1050
00:25:34:393678,759
00:25:34:404796,512
00:25:34:416836,435
00:25:34:428646,591
00:25:34:440677,863
00:25:34:452584,1144
00:25:34:464580,1255
00:25:34:476877,1179
00:25:34:488604,950
00:25:34:500688,656
00:25:34:512703,495
00:25:34:524371,562
00:25:34:536305,819
00:25:34:548622,1076
00:25:34:560833,1194
00:25:34:572650,1075
00:25:34:583611,832
00:25:34:595629,566
00:25:34:607592,487
00:25:34:619611,639
00:25:34:631683,925
00:25:34:643554,1143
00:25:34:655443,1175
00:25:34:667475,992
00:25:34:679585,729
00:25:34:691612,510
00:25:34:703695,528
00:25:34:715569,732
00:25:34:727639,1022
00:25:34:739614,1193
00:25:34:751657,1130
00:25:34:762870,895
00:25:34:774817,614
00:25:34:786903,487
00:25:34:798888,587
00:25:34:810695,860
00:25:34:822821,1103
00:25:34:834868,1193
00:25:34:846694,1045
00:25:34:858868,791
00:25:34:870851,540
00:25:34:882850,494
00:25:34:894845,673
00:25:34:906807,964
00:25:34:919067,1163
00:25:34:930643,1158
00:25:34:941564,957
00:25:34:953643,691
00:25:34:965637,496
00:25:34:977462,547
00:25:34:989556,772
00:25:35:001711,1057
00:25:35:013557,1195
00:25:35:025416,1102
00:25:35:037295,853
00:25:35:049487,580
00:25:35:061619,486
00:25:35:073651,623
00:25:35:085769,878
00:25:35:097662,1132
00:25:35:109620,1181
00:25:35:120925,1009
00:25:35:132574,750
00:25:35:144829,521
00:25:35:156792,519
00:25:35:168555,713
00:25:35:180852,1006
00:25:35:192827,1190
00:25:35:204871,1141
00:25:35:216924,918
00:25:35:228953,656
00:25:35:240884,490
00:25:35:252875,574
00:25:35:264833,813
00:25:35:276842,1091
00:25:35:288535,1195
00:25:35:299696,1079
00:25:35:311625,814
00:25:35:323669,554
00:25:35:335611,490
00:25:35:347678,654
00:25:35:359613,943
00:25:35:371619,1153
00:25:35:383879,1183
00:25:35:395749,1005
00:25:35:407668,749
00:25:35:419638,560
00:25:35:431712,622
00:25:35:443653,846
00:25:35:455524,1093
00:25:35:467682,1145
00:25:35:479704,995
00:25:35:490572,726
00:25:35:502902,559
00:25:35:514891,616
00:25:35:526418,860
00:25:35:538338,1090
00:25:35:550368,1149
00:25:35:562736,982
00:25:35:574419,735
00:25:35:586763,555
00:25:35:598741,625
00:25:35:610522,851
00:25:35:622890,1097
00:25:35:634818,1144
00:25:35:646743,991
00:25:35:657679,723
00:25:35:669650,554
00:25:35:681804,620
00:25:35:693738,864
00:25:35:705697,1104
00:25:35:717662,1147
00:25:35:729588,978
00:25:35:741707,709
00:25:35:753645,554
00:25:35:765676,628
00:25:35:777670,879
00:25:35:789740,1098
00:25:35:801712,1140
00:25:35:813655,965
00:25:35:825658,716
00:25:35:837141,551
00:25:35:848525,637
00:25:35:860878,871
00:25:35:872814,1109
00:25:35:885049,1144
00:25:35:896910,973
00:25:35:908480,704
00:25:35:920864,554
00:25:35:932878,633
00:25:35:944905,887
00:25:35:956853,1104
00:25:35:968579,1139
00:25:35:980720,961
00:25:35:992908,712
00:25:36:003718,552
00:25:36:015655,643
00:25:36:027386,878
00:25:36:039349,1112
00:25:36:051512,1134
00:25:36:063538,968
00:25:36:075640,699
00:25:36:087656,553
00:25:36:099658,637
00:25:36:111710,894
00:25:36:123685,1122
00:25:36:135883,1137
00:25:36:147644,956
00:25:36:159718,707
00:25:36:171743,550
00:25:36:182945,648
00:25:36:195160,883
00:25:36:206687,1115
00:25:36:218913,1154
00:25:36:230854,1001
00:25:36:252923,738
00:25:36:273763,598
00:25:36:294854,696
00:25:36:316887,948
00:25:36:317662,1118
00:25:36:318046,1066
00:25:36:318406,841
00:25:36:326725,627
00:25:36:338534,629
00:25:36:350817,840
00:25:36:361682,1078
00:25:36:373650,1120
00:25:36:385667,952
00:25:36:397754,700
00:25:36:409532,599
00:25:36:421532,733
00:25:36:433406,990
00:25:36:445432,1130
00:25:36:457398,1045
00:25:36:469425,826
00:25:36:481379,623
00:25:36:493492,654
00:25:36:505500,859
00:25:36:517636,1091
00:25:36:529486,1107
00:25:36:540385,939
00:25:36:552794,692
00:25:36:564911,608
00:25:36:576662,751
00:25:36:588911,1007
00:25:36:601009,1133
00:25:36:612982,1034
00:25:36:624934,789
00:25:36:636986,612
00:25:36:648735,664
00:25:36:661001,900
00:25:36:672958,1108
00:25:36:684843,1100
00:25:36:697124,902
00:25:36:707977,665
00:25:36:719897,613
00:25:36:731580,787
00:25:36:743753,1022
00:25:36:755752,1133
00:25:36:767676,1006
00:25:36:779732,776
00:25:36:791737,610
00:25:36:803716,693
00:25:36:815830,920
00:25:36:827727,1119
00:25:36:839743,1088
00:25:36:851775,890
00:25:36:863475,659
00:25:36:874460,630
00:25:36:886459,807
00:25:36:898523,1056
00:25:36:910454,1132
00:25:36:922631,994
00:25:36:934614,742
00:25:36:946945,609
00:25:36:958934,707
00:25:36:970953,961
00:25:36:982957,1128
00:25:36:994924,1119
00:25:37:006786,938
00:25:37:019285,690
00:25:37:030577,613
00:25:37:042423,771
00:25:37:054461,1010
00:25:37:066659,1084
00:25:37:077768,926
00:25:37:089557,710
00:25:37:101770,630
00:25:37:113773,795
00:25:37:125776,1015
00:25:37:137772,1092
00:25:37:149810,932
00:25:37:161750,715
00:25:37:173808,637
00:25:37:185512,805
00:25:37:197575,1022
00:25:37:209616,1093
00:25:37:221789,929
00:25:37:233741,713
00:25:37:244976,640
00:25:37:256499,812
00:25:37:268518,1029
00:25:37:280820,1093
00:25:37:292979,926
00:25:37:304792,711
00:25:37:317020,643
00:25:37:328669,798
00:25:37:341025,1036
00:25:37:352886,1093
00:25:37:365026,942
00:25:37:377021,708
00:25:37:388983,646
00:25:37:400967,804
00:25:37:411808,1040
00:25:37:423782,1092
00:25:37:435825,938
00:25:37:447680,704
00:25:37:459762,649
00:25:37:471975,810
00:25:37:483893,1044
00:25:37:495868,1091
00:25:37:507755,934
00:25:37:519779,701
00:25:37:531506,652
00:25:37:543393,815
00:25:37:555592,1047
00:25:37:567650,1090
00:25:37:579778,928
00:25:37:590901,697
00:25:37:602994,655
00:25:37:614952,819
00:25:37:627019,1051
00:25:37:639024,1093
00:25:37:651049,924
00:25:37:663023,695
00:25:37:675020,649
00:25:37:686832,824
00:25:37:698734,1054
00:25:37:711105,1107
00:25:37:723033,952
00:25:37:735014,727
00:25:37:746982,689
00:25:37:757810,869
00:25:37:769641,1064
00:25:37:781831,1045
00:25:37:793850,841
00:25:37:805831,676
00:25:37:817764,740
00:25:37:829800,967
00:25:37:841780,1088
00:25:37:853583,976
00:25:37:865461,750
00:25:37:877480,678
00:25:37:889471,826
00:25:37:901540,1044
00:25:37:913471,1065
00:25:37:925640,884
00:25:37:937707,691
00:25:37:949058,725
00:25:37:960622,926
00:25:37:972879,1087
00:25:37:984989,1010
00:25:37:996748,789
00:25:38:008688,672
00:25:38:021008,785
00:25:38:032499,1013
00:25:38:044417,1081
00:25:38:056475,929
00:25:38:068637,714
00:25:38:080887,700
00:25:38:092799,881
00:25:38:104909,1072
00:25:38:117017,1029
00:25:38:127697,833
00:25:38:139822,676
00:25:38:151836,766
00:25:38:163828,976
00:25:38:175744,1088
00:25:38:187795,952
00:25:38:199750,744
00:25:38:211771,683
00:25:38:223793,856
00:25:38:235814,1050
00:25:38:247689,1053
00:25:38:259850,856
00:25:38:271732,688
00:25:38:283852,732
00:25:38:294610,936
00:25:38:307016,1088
00:25:38:319007,986
00:25:38:330592,780
00:25:38:343011,674
00:25:38:354920,816
00:25:38:367047,1021
00:25:38:378764,1095
00:25:38:391084,967
00:25:38:402976,753
00:25:38:414902,674
00:25:38:427073,841
00:25:38:439008,1017
00:25:38:450780,996
00:25:38:463009,795
00:25:38:475040,687
00:25:38:485860,806
00:25:38:497830,1015
00:25:38:509808,1044
00:25:38:521909,861
00:25:38:533546,701
00:25:38:545460,763
00:25:38:557605,978
00:25:38:569551,1061
00:25:38:581563,925
00:25:38:593814,726
00:25:38:605822,728
00:25:38:617884,928
00:25:38:630103,1063
00:25:38:642083,975
00:25:38:653056,764
00:25:38:665097,711
00:25:38:676992,868
00:25:38:688694,1054
00:25:38:701155,1007
00:25:38:712890,817
00:25:38:725087,701
00:25:38:736890,834
00:25:38:749035,1024
00:25:38:761019,1041
00:25:38:772988,852
00:25:38:785030,705
00:25:38:797046,780
00:25:38:808795,995
00:25:38:821016,1062
00:25:38:831841,910
00:25:38:843852,722
00:25:38:855738,741
00:25:38:867830,947
00:25:38:879862,1066
00:25:38:891784,964
00:25:38:903902,754
00:25:38:915844,712
00:25:38:927722,888
00:25:38:939786,1060
00:25:38:951775,1009
00:25:38:963845,803
00:25:38:975827,704
00:25:38:987862,833
00:25:39:000021,1037
00:25:39:010629,1060
00:25:39:023044,903
00:25:39:034542,724
00:25:39:046495,779
00:25:39:058619,969
00:25:39:070888,1030
00:25:39:083042,864
00:25:39:094760,723
00:25:39:107039,797
00:25:39:119041,1000
00:25:39:130801,1037
00:25:39:143034,862
00:25:39:154863,725
00:25:39:166913,814
00:25:39:177912,1012
00:25:39:189941,1035
00:25:39:201565,856
00:25:39:213686,727
00:25:39:225767,824
00:25:39:237931,1020
00:25:39:249621,1019
00:25:39:261924,849
00:25:39:273964,728
00:25:39:285878,853
00:25:39:297972,1028
00:25:39:309963,1014
00:25:39:322027,823
00:25:39:334069,729
00:25:39:345962,861
00:25:39:357142,1042
00:25:39:368777,1008
00:25:39:381010,815
00:25:39:393125,729
00:25:39:405103,871
00:25:39:417136,1045
00:25:39:428878,1002
00:25:39:441062,806
00:25:39:453165,734
00:25:39:465100,882
00:25:39:477155,1049
00:25:39:488760,981
00:25:39:501173,797
00:25:39:513114,738
00:25:39:525006,910
00:25:39:535652,1052
00:25:39:547519,973
00:25:39:559557,774
00:25:39:571606,743
00:25:39:583935,921
00:25:39:595692,1060
00:25:39:607649,1018
00:25:39:620075,819
00:25:39:631926,711
00:25:39:643920,836
00:25:39:655662,1002
00:25:39:668253,939
00:25:39:680109,768
00:25:39:691787,752
00:25:39:703971,940
00:25:39:714994,1027
00:25:39:726888,897
00:25:39:739079,748
00:25:39:751127,813
00:25:39:763018,1002
00:25:39:775026,1014
00:25:39:787102,840
00:25:39:798631,747
00:25:39:810664,877
00:25:39:822909,1036
00:25:39:835121,962
00:25:39:846923,788
00:25:39:859136,775
00:25:39:870956,961
00:25:39:883177,1042
00:25:39:893892,902
00:25:39:905998,751
00:25:39:917933,824
00:25:39:929798,1010
00:25:39:941998,1007
00:25:39:953909,841
00:25:39:965954,752
00:25:39:977959,902
00:25:39:989849,1041
00:25:40:001968,960
00:25:40:013868,775
00:25:40:025987,778
00:25:40:037594,966
00:25:40:049535,1039
00:25:40:061882,899
00:25:40:072905,751
00:25:40:085110,845
00:25:40:097147,1012
00:25:40:109092,1006
00:25:40:121142,822
00:25:40:132953,752
00:25:40:145121,907
00:25:40:157211,1046
00:25:40:168759,1007
00:25:40:180950,814
00:25:40:193158,749
00:25:40:205036,907
00:25:40:217134,1009
00:25:40:229167,894
00:25:40:241101,754
00:25:40:251882,850
00:25:40:263905,1007
00:25:40:275892,972
00:25:40:287729,796
00:25:40:300163,786
00:25:40:312165,965
00:25:40:324199,1020
00:25:40:335977,876
00:25:40:348076,769
00:25:40:359653,898
00:25:40:371722,1029
00:25:40:383849,947
00:25:40:395835,779
00:25:40:407774,820
00:25:40:419982,997
00:25:40:431924,1005
00:25:40:443130,846
00:25:40:455076,776
00:25:40:467064,937
00:25:40:479110,1037
00:25:40:490763,915
00:25:40:503158,776
00:25:40:515053,851
00:25:40:526939,1020
00:25:40:538645,993
00:25:40:550526,818
00:25:40:562897,798
00:25:40:574638,958
00:25:40:587133,1033
00:25:40:599135,881
00:25:40:609707,773
00:25:40:622170,888
00:25:40:634196,1036
00:25:40:646157,967
00:25:40:658101,793
00:25:40:669950,822
00:25:40:682127,988
00:25:40:694000,1046
00:25:40:706019,897
00:25:40:717999,765
00:25:40:729692,857
00:25:40:742035,1002
00:25:40:754124,933
00:25:40:765915,778
00:25:40:777791,830
00:25:40:788990,997
00:25:40:801010,969
00:25:40:812921,815
00:25:40:825047,817
00:25:40:837150,984
00:25:40:848791,1002
00:25:40:861143,838
00:25:40:873111,800
00:25:40:884781,949
00:25:40:896698,1015
00:25:40:908765,863
00:25:40:920716,784
00:25:40:932621,924
00:25:40:944609,1021
00:25:40:956649,907
00:25:40:967585,782
00:25:40:979623,895
00:25:40:991935,1020
00:25:41:004094,936
00:25:41:016179,787
00:25:41:027984,852
00:25:41:039596,1010
00:25:41:051589,975
00:25:41:063926,810
00:25:41:076040,828
00:25:41:087738,985
00:25:41:099981,994
00:25:41:111971,827
00:25:41:124124,800
00:25:41:135151,964
00:25:41:147169,1010
00:25:41:159177,866
00:25:41:170757,788
00:25:41:183459,937
00:25:41:195123,1037
00:25:41:206704,928
00:25:41:219003,796
00:25:41:231078,882
00:25:41:243177,1009
00:25:41:255083,908
00:25:41:267221,794
00:25:41:279134,891
00:25:41:290875,1010
00:25:41:303151,919
00:25:41:314085,795
00:25:41:326109,900
00:25:41:337901,1011
00:25:41:349653,911
00:25:41:361823,794
00:25:41:374056,892
00:25:41:385778,1010
00:25:41:397671,918
00:25:41:409916,794
00:25:41:422067,899
00:25:41:434148,1010
00:25:41:445972,910
00:25:41:457949,794
00:25:41:469715,892
00:25:41:481001,1011
00:25:41:492762,903
00:25:41:505165,794
00:25:41:517174,899
00:25:41:528747,1010
00:25:41:540655,909
00:25:41:552586,793
00:25:41:565031,906
00:25:41:576890,1010
00:25:41:589204,902
00:25:41:601162,794
00:25:41:613133,899
00:25:41:625202,1010
00:25:41:637197,896
00:25:41:648713,793
00:25:41:660221,905
00:25:41:672165,1021
00:25:41:684224,934
00:25:41:695915,804
00:25:41:708223,890
00:25:41:720171,1000
00:25:41:731794,884
00:25:41:744211,800
00:25:41:756202,928
00:25:41:767975,994
00:25:41:780202,862
00:25:41:792195,813
00:25:41:804178,962
00:25:41:816039,982
00:25:41:828009,831
00:25:41:839214,837
00:25:41:851063,977
00:25:41:863562,957
00:25:41:874758,811
00:25:41:886779,855
00:25:41:898922,994
00:25:41:910921,936
00:25:41:923230,803
00:25:41:935186,890
00:25:41:947210,1000
00:25:41:958924,898
00:25:41:970821,802
00:25:41:983206,914
00:25:41:995193,998
00:25:42:007045,861
00:25:42:018189,807
00:25:42:029971,950
00:25:42:041742,981
00:25:42:053625,844
00:25:42:065765,826
00:25:42:078075,978
00:25:42:090105,967
00:25:42:102002,817
00:25:42:113820,856
00:25:42:125911,991
00:25:42:138133,971
00:25:42:150212,818
00:25:42:161968,850
00:25:42:174083,979
00:25:42:186190,898
00:25:42:196872,802
00:25:42:208812,914
00:25:42:221433,982
00:25:42:233232,857
00:25:42:245219,824
00:25:42:257186,961
00:25:42:269207,954
00:25:42:281094,815
00:25:42:292765,862
00:25:42:305216,988
00:25:42:317203,896
00:25:42:328763,808
00:25:42:340820,928
00:25:42:353188,982
00:25:42:365084,853
00:25:42:376055,833
00:25:42:388021,976
00:25:42:400160,948
00:25:42:412119,814
00:25:42:424194,888
00:25:42:436217,991
00:25:42:447847,889
00:25:42:460229,814
00:25:42:472239,936
00:25:42:484231,977
00:25:42:496242,835
00:25:42:508244,841
00:25:42:520026,980
00:25:42:531751,930
00:25:42:542728,811
00:25:42:554660,896
00:25:42:566801,995
00:25:42:579203,927
00:25:42:590954,780
00:25:42:603206,852
00:25:42:615183,951
00:25:42:627157,838
00:25:42:639210,809
00:25:42:651127,953
00:25:42:663255,928
00:25:42:675127,814
00:25:42:687025,895
00:25:42:699186,979
00:25:42:710016,863
00:25:42:721939,830
00:25:42:733870,969
00:25:42:746157,938
00:25:42:758462,816
00:25:42:769779,906
00:25:42:781828,982
00:25:42:793869,858
00:25:42:806070,828
00:25:42:818244,968
00:25:42:830019,932
00:25:42:842188,817
00:25:42:854270,902
00:25:42:866261,980
00:25:42:878225,862
00:25:42:888793,836
00:25:42:900974,972
00:25:42:912985,936
00:25:42:924961,817
00:25:42:937002,910
00:25:42:949057,981
00:25:42:961002,856
00:25:42:973239,843
00:25:42:984966,970
00:25:42:997211,969
00:25:43:008824,814
00:25:43:021059,798
00:25:43:032836,930
00:25:43:044734,879
00:25:43:055709,796
00:25:43:067740,922
00:25:43:079981,936
00:25:43:091802,820
00:25:43:103971,884
00:25:43:115949,973
00:25:43:128016,860
00:25:43:140001,844
00:25:43:151965,966
00:25:43:164223,915
00:25:43:176231,821
00:25:43:187797,927
00:25:43:199826,960
00:25:43:211830,828
00:25:43:224076,875
00:25:43:235021,976
00:25:43:246902,864
00:25:43:259029,833
00:25:43:270994,966
00:25:43:283014,929
00:25:43:294874,820
00:25:43:307039,924
00:25:43:319050,961
00:25:43:330978,837
00:25:43:342873,871
00:25:43:355037,976
00:25:43:367086,879
00:25:43:379233,830
00:25:43:390956,955
00:25:43:401931,968
00:25:43:414049,818
00:25:43:426008,813
00:25:43:438222,932
00:25:43:449958,852
00:25:43:461926,811
00:25:43:473960,942
00:25:43:486011,903
00:25:43:497972,820
00:25:43:510006,931
00:25:43:521915,938
00:25:43:533758,828
00:25:43:545749,903
00:25:43:557705,968
00:25:43:568749,849
00:25:43:580975,874
00:25:43:592959,971
00:25:43:604772,871
00:25:43:617090,849
00:25:43:628966,965
00:25:43:641050,903
00:25:43:653085,829
00:25:43:665074,942
00:25:43:676954,933
00:25:43:688878,826
00:25:43:700746,914
00:25:43:712770,959
00:25:43:724739,833
00:25:43:735727,883
00:25:43:747681,970
00:25:43:759710,854
00:25:43:771823,856
00:25:43:783817,971
00:25:43:796015,925
00:25:43:807854,791
00:25:43:819991,852
00:25:43:832069,913
00:25:43:843901,811
00:25:43:855932,861
00:25:43:867951,946
00:25:43:880276,844
00:25:43:891963,864
00:25:43:903941,960
00:25:43:914899,858
00:25:43:926964,858
00:25:43:939021,962
00:25:43:950951,874
00:25:43:962947,849
00:25:43:975019,958
00:25:43:986831,889
00:25:43:998845,840
00:25:44:010770,950
00:25:44:022958,902
00:25:44:034796,832
00:25:44:046773,941
00:25:44:058742,914
00:25:44:070995,829
00:25:44:082282,932
00:25:44:094314,929
00:25:44:106300,829
00:25:44:118252,920
00:25:44:130026,940
00:25:44:142313,833
00:25:44:154054,906
00:25:44:166047,969
00:25:44:178042,856
00:25:44:190076,878
00:25:44:201858,953
00:25:44:214079,852
00:25:44:226056,882
00:25:44:237989,958
00:25:44:249040,854
00:25:44:261262,885
00:25:44:273235,960
00:25:44:285298,855
00:25:44:297141,887
00:25:44:309170,960
00:25:44:321127,854
00:25:44:333149,889
00:25:44:345160,960
00:25:44:357004,853
00:25:44:368843,891
00:25:44:380918,959
00:25:44:393015,853
00:25:44:405035,893
00:25:44:417083,963
00:25:44:428384,853
00:25:44:440323,895
00:25:44:452357,963
00:25:44:464457,852
00:25:44:476413,896
00:25:44:487985,963
00:25:44:500595,851
00:25:44:512335,898
00:25:44:524156,967
00:25:44:535992,888
00:25:44:547794,794
00:25:44:557792,873
00:25:44:569930,886
00:25:44:582291,810
00:25:44:594307,910
00:25:44:605266,897
00:25:44:617229,832
00:25:44:629157,937
00:25:44:641181,893
00:25:44:653197,849
00:25:44:665468,950
00:25:44:677295,881
00:25:44:689068,853
00:25:44:701246,956
00:25:44:713145,865
00:25:44:725073,863
00:25:44:736982,958
00:25:44:749001,857
00:25:44:761308,879
00:25:44:772297,955
00:25:44:784299,851
00:25:44:796385,893
00:25:44:808116,949
00:25:44:820345,844
00:25:44:832345,907
00:25:44:844592,938
00:25:44:856318,842
00:25:44:868104,923
00:25:44:880402,957
00:25:44:892208,834
00:25:44:904350,882
00:25:44:916335,920
00:25:44:928052,829
00:25:44:939336,916
00:25:44:951235,906
00:25:44:963191,843
00:25:44:975114,942
00:25:44:986978,888
00:25:44:998897,857
00:25:45:010863,956
00:25:45:022845,863
00:25:45:034846,881
00:25:45:046847,954
00:25:45:058873,852
00:25:45:070847,907
00:25:45:083054,938
00:25:45:095129,848
00:25:45:107158,933
00:25:45:118028,914
00:25:45:130056,854
00:25:45:142319,951
00:25:45:154362,889
00:25:45:166182,870
00:25:45:178295,959
00:25:45:190265,863
00:25:45:202287,886
00:25:45:214360,966
00:25:45:226358,860
00:25:45:238254,908
00:25:45:250097,937
00:25:45:262324,850
00:25:45:274349,935
00:25:45:285400,905
00:25:45:297369,863
00:25:45:309381,956
00:25:45:321226,872
00:25:45:333141,898
00:25:45:345151,952
00:25:45:357172,855
00:25:45:369081,934
00:25:45:381194,924
00:25:45:393169,857
00:25:45:405161,956
00:25:45:417020,887
00:25:45:429005,884
00:25:45:441206,955
00:25:45:453231,859
00:25:45:464614,920
00:25:45:476339,929
00:25:45:488005,854
00:25:45:500370,948
00:25:45:512165,893
00:25:45:524346,869
00:25:45:535919,962
00:25:45:547843,895
00:25:45:559894,828
00:25:45:572126,919
00:25:45:584343,846
00:25:45:596358,882
00:25:45:608067,917
00:25:45:620355,845
00:25:45:632489,934
00:25:45:643601,885
00:25:45:655437,869
00:25:45:667007,947
00:25:45:678942,856
00:25:45:691163,916
00:25:45:703180,919
00:25:45:715148,858
00:25:45:727160,949
00:25:45:738950,877
00:25:45:751092,898
00:25:45:763193,945
00:25:45:775336,855
00:25:45:787311,939
00:25:45:799187,905
00:25:45:811193,868
00:25:45:822652,952
00:25:45:834594,862
00:25:45:846379,910
00:25:45:858320,957
00:25:45:870328,855
00:25:45:882284,929
00:25:45:894613,902
00:25:45:906358,869
00:25:45:918410,945
00:25:45:930055,860
00:25:45:942196,926
00:25:45:954385,907
00:25:45:966181,864
00:25:45:978193,950
00:25:45:989648,861
00:25:46:001613,914
00:25:46:013224,920
00:25:46:025597,863
00:25:46:037081,949
00:25:46:048935,869
00:25:46:060985,912
00:25:46:072926,932
00:25:46:085359,860
00:25:46:097274,949
00:25:46:109285,881
00:25:46:121172,902
00:25:46:133169,933
00:25:46:145163,858
00:25:46:157282,945
00:25:46:168107,923
00:25:46:180620,842
00:25:46:192607,924
00:25:46:204728,856
00:25:46:216432,894
00:25:46:228393,905
00:25:46:240406,855
00:25:46:252092,939
00:25:46:264249,859
00:25:46:276383,911
00:25:46:288195,908
00:25:46:300398,870
00:25:46:312411,944
00:25:46:324383,860
00:25:46:335372,930
00:25:46:346966,906
00:25:46:359003,878
00:25:46:371075,944
00:25:46:383258,859
00:25:46:395186,934
00:25:46:407164,902
00:25:46:419162,884
00:25:46:431198,941
00:25:46:443348,859
00:25:46:455042,938
00:25:46:467285,905
00:25:46:479173,872
00:25:46:491079,938
00:25:46:501998,859
00:25:46:513926,935
00:25:46:525942,884
00:25:46:538009,904
00:25:46:549925,928
00:25:46:561995,864
00:25:46:573990,943
00:25:46:586429,866
00:25:46:598580,925
00:25:46:610161,900
00:25:46:622441,882
00:25:46:634489,941
00:25:46:646397,862
00:25:46:658083,940
00:25:46:668972,882
00:25:46:681094,902
00:25:46:693353,925
00:25:46:705363,867
00:25:46:717430,944
00:25:46:729098,864
00:25:46:741385,930
00:25:46:753297,932
00:25:46:765249,832
00:25:46:777226,906
00:25:46:789382,855
00:25:46:801301,890
00:25:46:813216,901
00:25:46:825400,861
00:25:46:836749,929
00:25:46:848191,857
00:25:46:860234,932
00:25:46:872578,870
00:25:46:884621,904
00:25:46:896629,906
00:25:46:908626,879
00:25:46:920595,937
00:25:46:932332,861
00:25:46:944158,938
00:25:46:956037,878
00:25:46:968039,911
00:25:46:980237,903
00:25:46:992405,878
00:25:47:003396,937
00:25:47:015277,862
00:25:47:027606,939
00:25:47:039066,901
00:25:47:050984,822
00:25:47:062891,895
00:25:47:075166,832
00:25:47:087080,905
00:25:47:099449,863
00:25:47:111374,889
00:25:47:123497,901
00:25:47:135040,864
00:25:47:147385,924
00:25:47:159281,857
00:25:47:170351,931
00:25:47:182625,860
00:25:47:194464,915
00:25:47:206699,885
00:25:47:218427,899
00:25:47:230213,915
00:25:47:242086,869
00:25:47:254063,933
00:25:47:266427,860
00:25:47:278338,935
00:25:47:290136,865
00:25:47:302428,914
00:25:47:314411,916
00:25:47:326302,861
00:25:47:337339,928
00:25:47:349345,860
00:25:47:361293,932
00:25:47:373240,863
00:25:47:385238,928
00:25:47:397282,884
00:25:47:409165,908
00:25:47:421276,899
00:25:47:433264,886
00:25:47:445267,923
00:25:47:457289,874
00:25:47:469613,935
00:25:47:481301,864
00:25:47:493065,936
00:25:47:504120,869
00:25:47:515994,927
00:25:47:528068,882
00:25:47:540179,906
00:25:47:551965,903
00:25:47:563980,883
00:25:47:576390,939
00:25:47:588407,863
00:25:47:600488,931
00:25:47:612499,863
00:25:47:624482,930
00:25:47:636462,878
00:25:47:648156,921
00:25:47:660455,885
00:25:47:671787,905
00:25:47:683810,901
00:25:47:695443,898
00:25:47:707425,919
00:25:47:719599,882
00:25:47:731288,927
00:25:47:743317,870
00:25:47:755540,935
00:25:47:767219,867
00:25:47:779099,936
00:25:47:791122,868
00:25:47:803408,932
00:25:47:815211,881
00:25:47:827543,920
00:25:47:839230,907
00:25:47:850191,821
00:25:47:862267,884
00:25:47:874083,833
00:25:47:886053,899
00:25:47:898267,850
00:25:47:909991,903
00:25:47:921977,860
00:25:47:934075,904
00:25:47:946211,875
00:25:47:958176,898
00:25:47:970117,881
00:25:47:982365,888
00:25:47:994135,894
00:25:48:006175,887
00:25:48:017073,907
00:25:48:029612,878
00:25:48:041058,910
00:25:48:053077,867
00:25:48:065069,923
00:25:48:077162,862
00:25:48:089091,928
00:25:48:101059,795
00:25:48:113089,488
00:25:48:125025,54
00:25:48:137014,0
00:25:48:149043,0
00:25:48:161263,0
00:25:48:173122,0
00:25:48:184084,0
00:25:48:196038,0
00:25:48:208123,0
00:25:48:220005,0
00:25:48:232008,0
00:25:48:244003,0
00:25:48:256172,0
00:25:48:277351,0
00:25:48:280364,0
00:25:48:292217,0
00:25:48:304505,0
00:25:48:316600,0
00:25:48:328337,0
00:25:48:340434,0
00:25:48:352514,0
00:25:48:363463,0
00:25:48:375346,0
00:25:48:387359,0
00:25:48:399494,0
00:25:48:411241,0
00:25:48:423469,0
00:25:48:435418,0
00:25:48:447292,0
00:25:48:459404,0
00:25:48:471848,0
00:25:48:483555,0
00:25:48:495208,0
00:25:48:507231,0
00:25:48:519784,0
00:25:48:530153,0
00:25:48:542191,0
00:25:48:554003,0
00:25:48:566089,0
00:25:48:578174,0
00:25:48:590348,0
00:25:48:602774,0
00:25:48:614591,0
00:25:48:626411,0
00:25:48:638604,0
00:25:48:650199,0
00:25:48:662250,0
00:25:48:674185,0
00:25:48:686412,0
00:25:48:698253,0
00:25:48:710220,0
00:25:48:721602,0
00:25:48:733193,0
00:25:48:745330,0
00:25:48:757111,0
00:25:48:769248,0
00:25:48:781387,0
00:25:48:793400,0
00:25:48:805666,0
00:25:48:817760,0
00:25:48:829838,0
00:25:48:841739,0
00:25:48:853503,0
00:25:48:865754,0
00:25:48:877780,0
00:25:48:888268,0
00:25:48:900692,0
00:25:48:912557,0
00:25:48:924856,0
00:25:48:936371,0
00:25:48:948536,0
00:25:48:960215,0
00:25:48:972377,0
00:25:48:984829,0
00:25:48:996294,0
00:25:49:008291,0
00:25:49:020525,0
00:25:49:032186,0
00:25:49:044122,0
00:25:49:056197,0
00:25:49:067069,0
00:25:49:079060,0
00:25:49:091075,0
00:25:49:103048,0
00:25:49:115182,0
00:25:49:127441,0
00:25:49:139543,0
00:25:49:151791,0
00:25:49:163788,0
00:25:49:175328,0
00:25:49:187760,0
00:25:49:199752,0
00:25:49:211261,0
00:25:49:223251,0
00:25:49:235338,0
00:25:49:246604,0
00:25:49:258542,0
00:25:49:270597,0
00:25:49:282803,0
00:25:49:294534,0
00:25:49:306499,0
00:25:49:318637,0
00:25:49:330255,0
00:25:49:342665,0
00:25:49:354447,0
00:25:49:366387,0
00:25:49:378564,0
00:25:49:390295,0
00:25:49:402575,0
00:25:49:414635,0
00:25:49:425254,0
00:25:49:437262,0
00:25:49:449233,0
00:25:49:461218,0
00:25:49:473369,0
00:25:49:485588,0
00:25:49:497391,0
00:25:49:509385,0
00:25:49:521471,0
00:25:49:533144,0
00:25:49:545121,0
00:25:49:557063,0
00:25:49:569087,0
00:25:49:581223,0
00:25:49:592361,0
00:25:49:604556,0
00:25:49:616563,0
00:25:49:628576,0
00:25:49:640332,0
00:25:49:652228,0
00:25:49:664271,0
00:25:49:676363,0
00:25:49:688438,0
00:25:49:700809,0
00:25:49:712499,0
00:25:49:724299,0
00:25:49:736858,0
00:25:49:748574,0
00:25:49:760363,0
00:25:49:772439,0
00:25:49:783509,0
00:25:49:795312,0
00:25:49:807466,0
00:25:49:819813,0
00:25:49:831449,0
00:25:49:843565,0
00:25:49:855638,0
00:25:49:867580,0
00:25:49:879820,0
00:25:49:891483,0
00:25:49:903682,0
00:25:49:915722,0
00:25:49:927393,0
00:25:49:939858,0
00:25:49:950661,0
00:25:49:962827,0
00:25:49:974384,0
00:25:49:986297,0
00:25:49:998529,0
00:25:50:010239,0
00:25:50:022837,0
00:25:50:034198,0
00:25:50:046317,0
00:25:50:058096,0
00:25:50:070128,0
00:25:50:082497,0
00:25:50:094604,0
00:25:50:106811,0
00:25:50:118822,0
00:25:50:129370,0
00:25:50:141686,0
00:25:50:153803,0
00:25:50:165898,0
00:25:50:177411,0
00:25:50:189929,0
00:25:50:201691,0
00:25:50:213605,0
00:25:50:225822,0
00:25:50:237872,0
00:25:50:249359,0
00:25:50:261833,0
00:25:50:273830,0
00:25:50:285852,0
00:25:50:297256,0
00:25:50:309207,0
00:25:50:320843,0
00:25:50:332284,0
00:25:50:344837,0
00:25:50:356841,0
00:25:50:368445,0
00:25:50:380844,0
00:25:50:392863,0
00:25:50:404842,0
00:25:50:416732,0
00:25:50:428858,0
00:25:50:440463,0
00:25:50:452436,0
00:25:50:464833,0
00:25:50:476847,0
00:25:50:488326,0
00:25:50:499418,0
00:25:50:511660,0
00:25:50:523814,0
00:25:50:535378,0
00:25:50:547332,0
00:25:50:559107,0
00:25:50:571115,0
00:25:50:583914,0
00:25:50:595641,0
00:25:50:607418,0
00:25:50:619863,0
00:25:50:631717,0
00:25:50:643837,0
00:25:50:655836,0
00:25:50:667842,0
00:25:50:678820,0
00:25:50:690341,0
00:25:50:702667,0
00:25:50:714430,0
