00:33:38:883632,26
00:33:38:894516,26
00:33:38:906325,26
00:33:38:918212,26
00:33:38:930268,26
00:33:38:942274,26
00:33:38:954396,25
00:33:38:966312,26
00:33:38:978396,26
00:33:38:990480,26
00:33:39:002194,26
00:33:39:013256,26
00:33:39:025133,26
00:33:39:037138,26
00:33:39:049146,26
00:33:39:061135,26
00:33:39:073269,26
00:33:39:085376,26
00:33:39:097162,26
00:33:39:109251,26
00:33:39:121260,25
00:33:39:133292,26
00:33:39:145465,26
00:33:39:157402,27
00:33:39:169715,34
00:33:39:181687,59
00:33:39:192659,152
00:33:39:204524,298
00:33:39:216711,511
00:33:39:228697,755
00:33:39:240730,982
00:33:39:252420,1223
00:33:39:264601,1430
00:33:39:276694,1617
00:33:39:288343,1742
00:33:39:300355,1798
00:33:39:312344,1818
00:33:39:324350,1819
00:33:39:336394,1819
00:33:39:348687,1819
00:33:39:359521,1819
00:33:39:371583,1819
00:33:39:383529,1818
00:33:39:395377,1819
00:33:39:407338,1819
00:33:39:419450,1817
00:33:39:431724,1796
00:33:39:443568,1753
00:33:39:455374,1687
00:33:39:467558,1593
00:33:39:479361,1477
00:33:39:491372,1322
00:33:39:503724,1157
00:33:39:515487,990
00:33:39:527696,802
00:33:39:539657,627
00:33:39:550732,475
00:33:39:562416,347
00:33:39:574437,263
00:33:39:586694,214
00:33:39:598747,204
00:33:39:610412,204
00:33:39:622725,205
00:33:39:634297,211
00:33:39:654753,239
00:33:39:658514,295
00:33:39:670707,370
00:33:39:682695,463
00:33:39:694688,603
00:33:39:706715,766
00:33:39:718419,930
00:33:39:729447,1123
00:33:39:741914,1324
00:33:39:753783,1509
00:33:39:765570,1684
00:33:39:777716,1812
00:33:39:789725,1887
00:33:39:801404,1916
00:33:39:813302,1921
00:33:39:825219,1921
00:33:39:837228,1921
00:33:39:849541,1922
00:33:39:861695,1921
00:33:39:873568,1921
00:33:39:885547,1921
00:33:39:897714,1921
00:33:39:908435,1918
00:33:39:920763,1901
00:33:39:932698,1866
00:33:39:944732,1816
00:33:39:956707,1742
00:33:39:968430,1650
00:33:39:980805,1525
00:33:39:992706,1387
00:33:40:004560,1225
00:33:40:016367,1054
00:33:40:028307,887
00:33:40:040207,713
00:33:40:052282,557
00:33:40:064262,440
00:33:40:076256,354
00:33:40:087293,318
00:33:40:099592,315
00:33:40:111738,315
00:33:40:123788,316
00:33:40:135330,319
00:33:40:147522,349
00:33:40:159705,409
00:33:40:171545,482
00:33:40:183706,593
00:33:40:195380,731
00:33:40:207489,876
00:33:40:219504,1050
00:33:40:231750,1237
00:33:40:243748,1415
00:33:40:255752,1599
00:33:40:266719,1742
00:33:40:278451,1857
00:33:40:290378,1929
00:33:40:302739,1952
00:33:40:314339,1957
00:33:40:326254,1958
00:33:40:338238,1958
00:33:40:350327,1958
00:33:40:362673,1958
00:33:40:374332,1958
00:33:40:386472,1958
00:33:40:398733,1958
00:33:40:410754,1957
00:33:40:422609,1941
00:33:40:434717,1903
00:33:40:445580,1849
00:33:40:457474,1772
00:33:40:469664,1663
00:33:40:481567,1544
00:33:40:493750,1394
00:33:40:505709,1233
00:33:40:517818,1081
00:33:40:529361,903
00:33:40:541720,733
00:33:40:553746,595
00:33:40:565638,471
00:33:40:577668,396
00:33:40:589694,363
00:33:40:601754,360
00:33:40:613527,360
00:33:40:625513,361
00:33:40:636646,366
00:33:40:648679,400
00:33:40:660802,452
00:33:40:672584,539
00:33:40:684623,648
00:33:40:696545,783
00:33:40:708548,941
00:33:40:720835,1101
00:33:40:732776,1288
00:33:40:744777,1483
00:33:40:756769,1646
00:33:40:768747,1795
00:33:40:780764,1907
00:33:40:792795,1962
00:33:40:804778,1984
00:33:40:815458,1989
00:33:40:827403,1988
00:33:40:839307,1989
00:33:40:851345,1988
00:33:40:863762,1988
00:33:40:875700,1988
00:33:40:887499,1988
00:33:40:899803,1989
00:33:40:911408,1987
00:33:40:923357,1969
00:33:40:935297,1931
00:33:40:947291,1873
00:33:40:959272,1790
00:33:40:971725,1692
00:33:40:983583,1560
00:33:40:995781,1406
00:33:41:006517,1254
00:33:41:018783,1088
00:33:41:030522,909
00:33:41:042777,756
00:33:41:054807,612
00:33:41:066543,502
00:33:41:078865,424
00:33:41:090670,401
00:33:41:102779,400
00:33:41:114753,401
00:33:41:126492,401
00:33:41:138794,405
00:33:41:150782,433
00:33:41:162673,497
00:33:41:174794,580
00:33:41:186640,697
00:33:41:197768,838
00:33:41:209593,982
00:33:41:221852,1157
00:33:41:233702,1347
00:33:41:245650,1521
00:33:41:257717,1691
00:33:41:269804,1831
00:33:41:281665,1928
00:33:41:293742,1980
00:33:41:305784,1995
00:33:41:317510,1996
00:33:41:329366,1996
00:33:41:341258,1996
00:33:41:353469,1995
00:33:41:365401,1995
00:33:41:377669,1996
00:33:41:388821,1996
00:33:41:400784,1995
00:33:41:412660,1994
00:33:41:424800,1974
00:33:41:436793,1930
00:33:41:448776,1872
00:33:41:461034,1795
00:33:41:472837,1688
00:33:41:484648,1552
00:33:41:496826,1410
00:33:41:508783,1247
00:33:41:520661,1082
00:33:41:532346,922
00:33:41:544818,756
00:33:41:556872,618
00:33:41:567567,514
00:33:41:579873,444
00:33:41:591789,423
00:33:41:603583,423
00:33:41:615605,423
00:33:41:627874,424
00:33:41:639844,435
00:33:41:651805,469
00:33:41:663816,534
00:33:41:675834,628
00:33:41:687527,744
00:33:41:699802,872
00:33:41:711524,1029
00:33:41:724016,1208
00:33:41:735835,1384
00:33:41:747836,1575
00:33:41:758811,1742
00:33:41:770875,1869
00:33:41:783047,1963
00:33:41:795037,2004
00:33:41:806618,2014
00:33:41:818511,2017
00:33:41:830376,2017
00:33:41:842289,2017
00:33:41:854443,2016
00:33:41:866803,2016
00:33:41:879071,2016
00:33:41:890629,2016
00:33:41:902699,2016
00:33:41:915047,2012
00:33:41:926434,1993
00:33:41:938822,1940
00:33:41:951027,1887
00:33:41:962127,1802
00:33:41:973797,1693
00:33:41:986050,1570
00:33:41:997839,1418
00:33:42:009614,1268
00:33:42:021862,1103
00:33:42:033418,933
00:33:42:045687,781
00:33:42:057730,645
00:33:42:069450,539
00:33:42:081652,481
00:33:42:093689,459
00:33:42:105827,459
00:33:42:117874,459
00:33:42:129766,460
00:33:42:140827,471
00:33:42:152873,509
00:33:42:164813,578
00:33:42:176856,676
00:33:42:188648,781
00:33:42:200627,922
00:33:42:212569,1082
00:33:42:224824,1243
00:33:42:236668,1436
00:33:42:248624,1621
00:33:42:260665,1774
00:33:42:272836,1906
00:33:42:284484,1992
00:33:42:296469,2023
00:33:42:308778,2030
00:33:42:320522,2031
00:33:42:332372,2031
00:33:42:343302,2031
00:33:42:355672,2031
00:33:42:367699,2031
00:33:42:379942,2030
00:33:42:391804,2031
00:33:42:403897,2031
00:33:42:415903,2027
00:33:42:427968,1998
00:33:42:439844,1957
00:33:42:451804,1894
00:33:42:463903,1805
00:33:42:475897,1701
00:33:42:487647,1566
00:33:42:500078,1411
00:33:42:512096,1261
00:33:42:524209,1097
00:33:42:534777,928
00:33:42:546819,779
00:33:42:558809,649
00:33:42:570536,559
00:33:42:582893,500
00:33:42:594814,489
00:33:42:606540,488
00:33:42:618834,489
00:33:42:631109,490
00:33:42:643101,498
00:33:42:654893,540
00:33:42:666880,617
00:33:42:678877,702
00:33:42:690732,823
00:33:42:702866,966
00:33:42:714883,1111
00:33:42:725621,1292
00:33:42:737689,1485
00:33:42:750094,1648
00:33:42:762105,1805
00:33:42:773867,1931
00:33:42:785662,2000
00:33:42:797844,2034
00:33:42:809773,2041
00:33:42:821552,2041
00:33:42:833366,2041
00:33:42:845310,2041
00:33:42:857438,2041
00:33:42:869818,2041
00:33:42:881703,2041
00:33:42:893475,2041
00:33:42:904672,2041
00:33:42:916836,2036
00:33:42:928729,2012
00:33:42:940786,1962
00:33:42:952919,1898
00:33:42:964700,1814
00:33:42:976877,1699
00:33:42:988897,1573
00:33:43:000887,1418
00:33:43:012763,1255
00:33:43:025036,1105
00:33:43:036801,938
00:33:43:048641,780
00:33:43:060772,665
00:33:43:072836,571
00:33:43:084761,521
00:33:43:095898,510
00:33:43:107696,510
00:33:43:120219,511
00:33:43:131949,511
00:33:43:143915,530
00:33:43:155878,575
00:33:43:167604,645
00:33:43:179824,740
00:33:43:191912,861
00:33:43:203991,992
00:33:43:215875,1155
00:33:43:228317,1340
00:33:43:239914,1511
00:33:43:251910,1686
00:33:43:263712,1836
00:33:43:274819,1943
00:33:43:286651,2016
00:33:43:298888,2043
00:33:43:310955,2049
00:33:43:322517,2050
00:33:43:334453,2049
00:33:43:346432,2049
00:33:43:358724,2050
00:33:43:370646,2050
00:33:43:382918,2050
00:33:43:394891,2049
00:33:43:406735,2049
00:33:43:418908,2042
00:33:43:430922,2013
00:33:43:442904,1967
00:33:43:454772,1903
00:33:43:466718,1811
00:33:43:477961,1705
00:33:43:489942,1567
00:33:43:501973,1413
00:33:43:513953,1264
00:33:43:525715,1101
00:33:43:537728,937
00:33:43:549965,795
00:33:43:561931,672
00:33:43:573621,583
00:33:43:585970,543
00:33:43:598125,537
00:33:43:609904,537
00:33:43:621955,537
00:33:43:633802,538
00:33:43:645714,560
00:33:43:657807,608
00:33:43:668905,685
00:33:43:680922,778
00:33:43:692807,889
00:33:43:704936,1032
00:33:43:717107,1199
00:33:43:728686,1363
00:33:43:740892,1551
00:33:43:753127,1724
00:33:43:764764,1858
00:33:43:776967,1973
00:33:43:789022,2036
00:33:43:800917,2057
00:33:43:812769,2062
00:33:43:824628,2063
00:33:43:836451,2063
00:33:43:848432,2063
00:33:43:859509,2063
00:33:43:871972,2063
00:33:43:883996,2063
00:33:43:895845,2063
00:33:43:907628,2062
00:33:43:919955,2050
00:33:43:931672,1999
00:33:43:943903,1922
00:33:43:956020,1804
00:33:43:965551,1685
00:33:43:977930,1530
00:33:43:989955,1348
00:33:44:001831,1184
00:33:44:013898,1055
00:33:44:025853,960
00:33:44:037986,926
00:33:44:048850,925
00:33:44:060767,928
00:33:44:072783,943
00:33:44:084786,1001
00:33:44:096471,1100
00:33:44:108415,1227
00:33:44:120842,1402
00:33:44:132931,1587
00:33:44:145006,1748
00:33:44:156923,1905
00:33:44:168562,2007
00:33:44:181060,2042
00:33:44:192977,2044
00:33:44:204767,2044
00:33:44:216945,2044
00:33:44:228200,2044
00:33:44:239959,2042
00:33:44:251736,2027
00:33:44:263924,1976
00:33:44:275960,1898
00:33:44:287514,1789
00:33:44:299935,1644
00:33:44:311924,1471
00:33:44:323578,1307
00:33:44:335473,1142
00:33:44:347375,1009
00:33:44:359752,930
00:33:44:371816,902
00:33:44:383952,902
00:33:44:395946,904
00:33:44:407587,928
00:33:44:418964,987
00:33:44:430974,1092
00:33:44:442938,1236
00:33:44:454922,1402
00:33:44:466977,1593
00:33:44:478924,1773
00:33:44:490890,1913
00:33:44:502918,2015
00:33:44:515204,2049
00:33:44:526749,2050
00:33:44:538931,2050
00:33:44:551162,2049
00:33:44:562849,2049
00:33:44:574882,2046
00:33:44:586977,2026
00:33:44:598023,1978
00:33:44:609635,1900
00:33:44:621936,1779
00:33:44:633962,1645
00:33:44:645662,1474
00:33:44:657921,1297
00:33:44:670140,1149
00:33:44:681817,1016
00:33:44:693771,935
00:33:44:705855,913
00:33:44:717662,913
00:33:44:729729,917
00:33:44:741729,943
00:33:44:753799,1010
00:33:44:765613,1120
00:33:44:776647,1256
00:33:44:788639,1438
00:33:44:801001,1628
00:33:44:812636,1787
00:33:44:824560,1938
00:33:44:836442,2026
00:33:44:848486,2055
00:33:44:860671,2056
00:33:44:872633,2056
00:33:44:884670,2056
00:33:44:897035,2056
00:33:44:908833,2053
00:33:44:920655,2030
00:33:44:932657,1975
00:33:44:944937,1902
00:33:44:957190,1781
00:33:44:967554,1632
00:33:44:979480,1473
00:33:44:991448,1297
00:33:45:003486,1137
00:33:45:015460,1019
00:33:45:027530,940
00:33:45:039759,922
00:33:45:051835,923
00:33:45:063809,927
00:33:45:075978,955
00:33:45:087521,1017
00:33:45:100079,1130
00:33:45:111930,1267
00:33:45:124048,1452
00:33:45:134975,1648
00:33:45:147195,1815
00:33:45:159003,1966
00:33:45:170503,2052
00:33:45:201463,2068
00:33:45:202941,2069
00:33:45:206649,2069
00:33:45:218945,2069
00:33:45:230967,2068
00:33:45:242969,2065
00:33:45:254937,2042
00:33:45:267066,1988
00:33:45:278736,1903
00:33:45:290638,1790
00:33:45:302931,1642
00:33:45:314704,1468
00:33:45:325541,1308
00:33:45:337473,1153
00:33:45:349493,1028
00:33:45:361826,962
00:33:45:373860,944
00:33:45:385991,943
00:33:45:397983,946
00:33:45:409932,976
00:33:45:422018,1044
00:33:45:434203,1156
00:33:45:445719,1308
00:33:45:457762,1495
00:33:45:469958,1669
00:33:45:481854,1845
00:33:45:494268,1986
00:33:45:505238,2057
00:33:45:516930,2072
00:33:45:528565,2072
00:33:45:540979,2072
00:33:45:552956,2072
00:33:45:564816,2072
00:33:45:576977,2068
00:33:45:588983,2040
00:33:45:601123,1990
00:33:45:613080,1904
00:33:45:624980,1778
00:33:45:637058,1642
00:33:45:648616,1470
00:33:45:660976,1297
00:33:45:673020,1157
00:33:45:684862,1035
00:33:45:695990,966
00:33:45:707971,953
00:33:45:719577,953
00:33:45:731763,959
00:33:45:743977,987
00:33:45:756106,1063
00:33:45:767689,1181
00:33:45:779962,1323
00:33:45:792150,1511
00:33:45:804207,1699
00:33:45:815976,1856
00:33:45:827603,1994
00:33:45:839519,2065
00:33:45:851570,2076
00:33:45:863791,2076
00:33:45:875023,2077
00:33:45:886617,2077
00:33:45:899032,2076
00:33:45:910639,2071
00:33:45:923053,2045
00:33:45:935033,1987
00:33:45:947035,1904
00:33:45:959056,1777
00:33:45:971041,1625
00:33:45:982575,1467
00:33:45:994587,1294
00:33:46:006678,1141
00:33:46:019018,1036
00:33:46:030658,970
00:33:46:043000,960
00:33:46:055043,960
00:33:46:065626,966
00:33:46:078017,998
00:33:46:089865,1071
00:33:46:101776,1193
00:33:46:113823,1350
00:33:46:125710,1524
00:33:46:137972,1713
00:33:46:150005,1885
00:33:46:161998,2001
00:33:46:173939,2070
00:33:46:185868,2082
00:33:46:197832,2082
00:33:46:209870,2082
00:33:46:222052,2082
00:33:46:233258,2081
00:33:46:244698,2075
00:33:46:256999,2048
00:33:46:268628,1988
00:33:46:280763,1896
00:33:46:292840,1776
00:33:46:305090,1622
00:33:46:317068,1451
00:33:46:328644,1293
00:33:46:340551,1142
00:33:46:352538,1030
00:33:46:364529,974
00:33:46:377006,967
00:33:46:389032,968
00:33:46:401119,972
00:33:46:411793,1008
00:33:46:423959,1093
00:33:46:435765,1206
00:33:46:447663,1365
00:33:46:459813,1555
00:33:46:472089,1727
00:33:46:484232,1895
00:33:46:496048,2020
00:33:46:507830,2076
00:33:46:520206,2087
00:33:46:531529,2087
00:33:46:544041,2087
00:33:46:555991,2086
00:33:46:567639,2086
00:33:46:580013,2080
00:33:46:592092,2046
00:33:46:603049,1990
00:33:46:615071,1896
00:33:46:627034,1767
00:33:46:639032,1623
00:33:46:651022,1452
00:33:46:662874,1283
00:33:46:675033,1148
00:33:46:686649,1039
00:33:46:699045,980
00:33:46:710841,977
00:33:46:723055,977
00:33:46:735142,985
00:33:46:746694,1022
00:33:46:759068,1108
00:33:46:771067,1235
00:33:46:783064,1385
00:33:46:793908,1571
00:33:46:805735,1755
00:33:46:818001,1904
00:33:46:829624,2025
00:33:46:841561,2083
00:33:46:853545,2088
00:33:46:865706,2088
00:33:46:877998,2089
00:33:46:889994,2088
00:33:46:901689,2088
00:33:46:913836,2080
00:33:46:925665,2045
00:33:46:938228,1982
00:33:46:950202,1885
00:33:46:961112,1764
00:33:46:973058,1605
00:33:46:985319,1450
00:33:46:997177,1283
00:33:47:008815,1137
00:33:47:021054,1037
00:33:47:032652,989
00:33:47:044754,987
00:33:47:057064,987
00:33:47:068613,994
00:33:47:081111,1042
00:33:47:093054,1121
00:33:47:105093,1248
00:33:47:117075,1414
00:33:47:128857,1586
00:33:47:141058,1768
00:33:47:151936,1927
00:33:47:163991,2031
00:33:47:175972,2088
00:33:47:187970,2091
00:33:47:199958,2091
00:33:47:211996,2091
00:33:47:223996,2090
00:33:47:235962,2090
00:33:47:247638,2086
00:33:47:260068,2044
00:33:47:271867,1970
00:33:47:283974,1846
00:33:47:296004,1688
00:33:47:307897,1524
00:33:47:319883,1356
00:33:47:331572,1245
00:33:47:342575,1211
00:33:47:354577,1211
00:33:47:366967,1216
00:33:47:379077,1260
00:33:47:391324,1358
00:33:47:403313,1501
00:33:47:415078,1681
00:33:47:427535,1857
00:33:47:438651,1994
00:33:47:450612,2066
00:33:47:463032,2072
00:33:47:475053,2072
00:33:47:486795,2072
00:33:47:499072,2062
00:33:47:510892,2023
00:33:47:522000,1938
00:33:47:533870,1814
00:33:47:545958,1667
00:33:47:557665,1493
00:33:47:569568,1333
00:33:47:581958,1233
00:33:47:593789,1200
00:33:47:605761,1201
00:33:47:617979,1206
00:33:47:629992,1257
00:33:47:641910,1360
00:33:47:654035,1507
00:33:47:665856,1691
00:33:47:678072,1871
00:33:47:689759,2000
00:33:47:702021,2070
00:33:47:713332,2073
00:33:47:724836,2072
00:33:47:737079,2072
00:33:47:748922,2060
00:33:47:760925,2018
00:33:47:773084,1932
00:33:47:785088,1815
00:33:47:797092,1655
00:33:47:808733,1480
00:33:47:821073,1337
00:33:47:832667,1230
00:33:47:844590,1203
00:33:47:856658,1203
00:33:47:868964,1212
00:33:47:881083,1265
00:33:47:891753,1360
00:33:47:903838,1520
00:33:47:915949,1705
00:33:47:927725,1871
00:33:47:939965,2011
00:33:47:951659,2072
00:33:47:964010,2073
00:33:47:975948,2074
00:33:47:987927,2073
00:33:47:999931,2062
00:33:48:011971,2014
00:33:48:023984,1928
00:33:48:035851,1807
00:33:48:047789,1646
00:33:48:059926,1473
00:33:48:071120,1331
00:33:48:083121,1230
00:33:48:095156,1209
00:33:48:107141,1209
00:33:48:119155,1218
00:33:48:131152,1268
00:33:48:143105,1378
00:33:48:154978,1538
00:33:48:166810,1706
00:33:48:179139,1888
00:33:48:191150,2022
00:33:48:203089,2074
00:33:48:215187,2075
00:33:48:227134,2075
00:33:48:239385,2074
00:33:48:249771,2061
00:33:48:261989,2010
00:33:48:273883,1931
00:33:48:285840,1800
00:33:48:297769,1641
00:33:48:309949,1481
00:33:48:321986,1328
00:33:48:333595,1234
00:33:48:345630,1217
00:33:48:357644,1217
00:33:48:369624,1227
00:33:48:381694,1284
00:33:48:393857,1398
00:33:48:405907,1557
00:33:48:417989,1729
00:33:48:428975,1904
00:33:48:441108,2032
00:33:48:453171,2076
00:33:48:465186,2077
00:33:48:476976,2077
00:33:48:488702,2076
00:33:48:501155,2060
00:33:48:513149,2014
00:33:48:524942,1927
00:33:48:537090,1792
00:33:48:549154,1644
00:33:48:561140,1470
00:33:48:572844,1319
00:33:48:585199,1235
00:33:48:597154,1217
00:33:48:608750,1218
00:33:48:619895,1229
00:33:48:631938,1292
00:33:48:643959,1407
00:33:48:655946,1556
00:33:48:667769,1741
00:33:48:679951,1916
00:33:48:691952,2032
00:33:48:703948,2080
00:33:48:715997,2080
00:33:48:727909,2079
00:33:48:739951,2077
00:33:48:751945,2059
00:33:48:764006,2009
00:33:48:775953,1921
00:33:48:787942,1781
00:33:48:799962,1632
00:33:48:811146,1459
00:33:48:823140,1312
00:33:48:834782,1233
00:33:48:846730,1219
00:33:48:858676,1220
00:33:48:871118,1234
00:33:48:883161,1300
00:33:48:895170,1420
00:33:48:906871,1572
00:33:48:919220,1757
00:33:48:930915,1916
00:33:48:943309,2039
00:33:48:955168,2081
00:33:48:966740,2081
00:33:48:979151,2081
00:33:48:990063,2078
00:33:49:001991,2061
00:33:49:013798,2006
00:33:49:025941,1914
00:33:49:037714,1786
00:33:49:049647,1623
00:33:49:061712,1452
00:33:49:073651,1316
00:33:49:085669,1232
00:33:49:097660,1222
00:33:49:109634,1223
00:33:49:121641,1240
00:33:49:133635,1310
00:33:49:145588,1421
00:33:49:157672,1588
00:33:49:169563,1773
00:33:49:180990,1930
00:33:49:193113,2050
00:33:49:204966,2083
00:33:49:216896,2084
00:33:49:229232,2084
00:33:49:241110,2082
00:33:49:253160,2061
00:33:49:265188,2001
00:33:49:277026,1918
00:33:49:288911,1778
00:33:49:301027,1613
00:33:49:313179,1444
00:33:49:324954,1311
00:33:49:336723,1233
00:33:49:348711,1225
00:33:49:359718,1226
00:33:49:371813,1246
00:33:49:383933,1311
00:33:49:395911,1436
00:33:49:407827,1602
00:33:49:419975,1773
00:33:49:431998,1942
00:33:49:443964,2058
00:33:49:455991,2087
00:33:49:468007,2087
00:33:49:479894,2087
00:33:49:491817,2085
00:33:49:503928,2061
00:33:49:515961,1999
00:33:49:528175,1912
00:33:49:538935,1771
00:33:49:551165,1602
00:33:49:563177,1448
00:33:49:575086,1307
00:33:49:587126,1234
00:33:49:599129,1230
00:33:49:611080,1230
00:33:49:623208,1249
00:33:49:635209,1322
00:33:49:646769,1449
00:33:49:659211,1602
00:33:49:671264,1786
00:33:49:683464,1957
00:33:49:695215,2059
00:33:49:707203,2089
00:33:49:719212,2089
00:33:49:729797,2090
00:33:49:741954,2089
00:33:49:753917,2072
00:33:49:765863,2018
00:33:49:777865,1913
00:33:49:790155,1761
00:33:49:802349,1599
00:33:49:813869,1450
00:33:49:825984,1371
00:33:49:837758,1368
00:33:49:849729,1377
00:33:49:861698,1441
00:33:49:873860,1551
00:33:49:885877,1717
00:33:49:897949,1891
00:33:49:908787,2013
00:33:49:921108,2060
00:33:49:933161,2059
00:33:49:944737,2058
00:33:49:956840,2036
00:33:49:968851,1972
00:33:49:981205,1853
00:33:49:993184,1694
00:33:50:004932,1536
00:33:50:017232,1401
00:33:50:028971,1348
00:33:50:041099,1349
00:33:50:053190,1364
00:33:50:064981,1449
00:33:50:077205,1574
00:33:50:087829,1748
00:33:50:099794,1921
00:33:50:111709,2028
00:33:50:123709,2057
00:33:50:135760,2057
00:33:50:147677,2055
00:33:50:159725,2023
00:33:50:171693,1939
00:33:50:183994,1819
00:33:50:195917,1654
00:33:50:207781,1487
00:33:50:220039,1378
00:33:50:232062,1347
00:33:50:243985,1349
00:33:50:255967,1379
00:33:50:266951,1475
00:33:50:278933,1626
00:33:50:290910,1786
00:33:50:303081,1953
00:33:50:315121,2047
00:33:50:326954,2057
00:33:50:338758,2056
00:33:50:350830,2049
00:33:50:362694,2008
00:33:50:375039,1918
00:33:50:387136,1774
00:33:50:399126,1618
00:33:50:410967,1458
00:33:50:422946,1363
00:33:50:435230,1350
00:33:50:446801,1353
00:33:50:457973,1401
00:33:50:470029,1507
00:33:50:481963,1666
00:33:50:493962,1828
00:33:50:505975,1985
00:33:50:517966,2056
00:33:50:529832,2057
00:33:50:541983,2057
00:33:50:553922,2041
00:33:50:566023,1992
00:33:50:577967,1890
00:33:50:589982,1736
00:33:50:602012,1578
00:33:50:614042,1429
00:33:50:626051,1352
00:33:50:637119,1351
00:33:50:648930,1358
00:33:50:660926,1426
00:33:50:672903,1540
00:33:50:684995,1706
00:33:50:696935,1885
00:33:50:709072,2009
00:33:50:721146,2058
00:33:50:733004,2058
00:33:50:745213,2056
00:33:50:757128,2034
00:33:50:768856,1973
00:33:50:780993,1857
00:33:50:792956,1700
00:33:50:804067,1545
00:33:50:815994,1408
00:33:50:828092,1353
00:33:50:839808,1354
00:33:50:851778,1372
00:33:50:863744,1452
00:33:50:875869,1574
00:33:50:887944,1747
00:33:50:900159,1921
00:33:50:911955,2029
00:33:50:923933,2058
00:33:50:936004,2058
00:33:50:948025,2056
00:33:50:959991,2025
00:33:50:972065,1955
00:33:50:983307,1827
00:33:50:995609,1664
00:33:51:006957,1511
00:33:51:019202,1388
00:33:51:030806,1355
00:33:51:043042,1356
00:33:51:055270,1387
00:33:51:066807,1478
00:33:51:078913,1611
00:33:51:091000,1786
00:33:51:102971,1955
00:33:51:114944,2045
00:33:51:126944,2059
00:33:51:138980,2059
00:33:51:151284,2054
00:33:51:161989,2011
00:33:51:174068,1923
00:33:51:186056,1793
00:33:51:198097,1628
00:33:51:210156,1468
00:33:51:222043,1376
00:33:51:234035,1358
00:33:51:245877,1361
00:33:51:257987,1406
00:33:51:270074,1510
00:33:51:282048,1652
00:33:51:294011,1828
00:33:51:305975,1985
00:33:51:318030,2056
00:33:51:329952,2059
00:33:51:340996,2058
00:33:51:352831,2047
00:33:51:364898,1994
00:33:51:377087,1897
00:33:51:389268,1762
00:33:51:401302,1591
00:33:51:413285,1443
00:33:51:424990,1367
00:33:51:437170,1362
00:33:51:449116,1369
00:33:51:461272,1425
00:33:51:473038,1542
00:33:51:485042,1706
00:33:51:497082,1869
00:33:51:509002,2010
00:33:51:520121,2059
00:33:51:531961,2059
00:33:51:544148,2058
00:33:51:556124,2037
00:33:51:568088,1979
00:33:51:580062,1866
00:33:51:592093,1711
00:33:51:604063,1556
00:33:51:616051,1419
00:33:51:628048,1364
00:33:51:640101,1364
00:33:51:651988,1380
00:33:51:664036,1447
00:33:51:676042,1576
00:33:51:687054,1747
00:33:51:699381,1906
00:33:51:711143,2030
00:33:51:723381,2059
00:33:51:735144,2060
00:33:51:746859,2058
00:33:51:759363,2028
00:33:51:771412,1951
00:33:51:783181,1812
00:33:51:795396,1648
00:33:51:807174,1518
00:33:51:819431,1468
00:33:51:830984,1474
00:33:51:842824,1515
00:33:51:854744,1625
00:33:51:865810,1780
00:33:51:877954,1929
00:33:51:890231,2026
00:33:51:902083,2033
00:33:51:914170,2032
00:33:51:925957,2002
00:33:51:938049,1926
00:33:51:949928,1782
00:33:51:961973,1618
00:33:51:974176,1493
00:33:51:986204,1447
00:33:51:998081,1453
00:33:52:010234,1497
00:33:52:022156,1610
00:33:52:033849,1773
00:33:52:045123,1925
00:33:52:057238,2025
00:33:52:069022,2032
00:33:52:081194,2031
00:33:52:093208,1999
00:33:52:105305,1911
00:33:52:117323,1778
00:33:52:129304,1613
00:33:52:141203,1481
00:33:52:153417,1447
00:33:52:165110,1453
00:33:52:177706,1505
00:33:52:189713,1612
00:33:52:201629,1776
00:33:52:213192,1938
00:33:52:225418,2026
00:33:52:236181,2032
00:33:52:248056,2031
00:33:52:260100,1997
00:33:52:272412,1909
00:33:52:284313,1776
00:33:52:296170,1611
00:33:52:308179,1480
00:33:52:320144,1448
00:33:52:332126,1453
00:33:52:344012,1507
00:33:52:355851,1615
00:33:52:367866,1779
00:33:52:379961,1941
00:33:52:392348,2027
00:33:52:404176,2032
00:33:52:415410,2029
00:33:52:427446,1996
00:33:52:439314,1907
00:33:52:451193,1763
00:33:52:463413,1609
00:33:52:475685,1481
00:33:52:487144,1450
00:33:52:499338,1456
00:33:52:511340,1511
00:33:52:523771,1635
00:33:52:535390,1783
00:33:52:547403,1944
00:33:52:559349,2030
00:33:52:571181,2031
00:33:52:583476,2029
00:33:52:594166,1991
00:33:52:606030,1905
00:33:52:618123,1760
00:33:52:630180,1606
00:33:52:642141,1479
00:33:52:654108,1451
00:33:52:666163,1457
00:33:52:678124,1513
00:33:52:690174,1638
00:33:52:702144,1787
00:33:52:714169,1949
00:33:52:726188,2030
00:33:52:738144,2032
00:33:52:750187,2028
00:33:52:762051,1991
00:33:52:772968,1903
00:33:52:785404,1758
00:33:52:797325,1592
00:33:52:809248,1480
00:33:52:821365,1453
00:33:52:833428,1461
00:33:52:844952,1516
00:33:52:856915,1642
00:33:52:868846,1806
00:33:52:881184,1952
00:33:52:893334,2031
00:33:52:905217,2031
00:33:52:917446,2028
00:33:52:929179,1989
00:33:52:941297,1891
00:33:52:953236,1754
00:33:52:964230,1591
00:33:52:976180,1474
00:33:52:988156,1454
00:33:53:000194,1462
00:33:53:012174,1527
00:33:53:024182,1646
00:33:53:036136,1810
00:33:53:048150,1956
00:33:53:060484,2031
00:33:53:072244,2032
00:33:53:084188,2029
00:33:53:096447,1989
00:33:53:108040,1890
00:33:53:119846,1751
00:33:53:131886,1588
00:33:53:142841,1472
00:33:53:154837,1455
00:33:53:167006,1463
00:33:53:179427,1530
00:33:53:191164,1648
00:33:53:203349,1815
00:33:53:215464,1969
00:33:53:227468,2032
00:33:53:239445,2033
00:33:53:251420,2028
00:33:53:263425,1988
00:33:53:275206,1888
00:33:53:287069,1736
00:33:53:299353,1586
00:33:53:311405,1472
00:33:53:323711,1456
00:33:53:334217,1465
00:33:53:345925,1533
00:33:53:357905,1665
00:33:53:370001,1819
00:33:53:382060,1972
00:33:53:394153,2032
00:33:53:406106,2032
00:33:53:418165,2030
00:33:53:430247,1995
00:33:53:442158,1894
00:33:53:454183,1738
00:33:53:466130,1590
00:33:53:478198,1531
00:33:53:490184,1541
00:33:53:502184,1595
00:33:53:514106,1717
00:33:53:525268,1874
00:33:53:537223,1988
00:33:53:549352,2011
00:33:53:561199,2009
00:33:53:573361,1970
00:33:53:585449,1861
00:33:53:597462,1708
00:33:53:609025,1572
00:33:53:621043,1513
00:33:53:633086,1523
00:33:53:645201,1582
00:33:53:657398,1711
00:33:53:669389,1873
00:33:53:681445,1988
00:33:53:693371,2010
00:33:53:704247,2004
00:33:53:716229,1965
00:33:53:728133,1854
00:33:53:740252,1700
00:33:53:752338,1566
00:33:53:764186,1512
00:33:53:776219,1521
00:33:53:788244,1585
00:33:53:800424,1716
00:33:53:812262,1862
00:33:53:824475,1990
00:33:53:836235,2009
00:33:53:848083,2004
00:33:53:859931,1960
00:33:53:871865,1848
00:33:53:883372,1706
00:33:53:895440,1562
00:33:53:907242,1512
00:33:53:919297,1522
00:33:53:931454,1589
00:33:53:943377,1723
00:33:53:955283,1870
00:33:53:967091,1992
00:33:53:979171,2008
00:33:53:990997,2003
00:33:54:003478,1958
00:33:54:015105,1844
00:33:54:026947,1701
00:33:54:038923,1559
00:33:54:051337,1514
00:33:54:062254,1525
00:33:54:074202,1594
00:33:54:086144,1715
00:33:54:098270,1878
00:33:54:110488,1994
00:33:54:122438,2009
00:33:54:134409,2002
00:33:54:146233,1954
00:33:54:158206,1850
00:33:54:170142,1696
00:33:54:182268,1556
00:33:54:194271,1515
00:33:54:206239,1526
00:33:54:218409,1597
00:33:54:230260,1723
00:33:54:241526,1885
00:33:54:253390,1996
00:33:54:265361,2008
00:33:54:277342,2001
00:33:54:289395,1951
00:33:54:301516,1845
00:33:54:313464,1691
00:33:54:325253,1553
00:33:54:337238,1515
00:33:54:349084,1528
00:33:54:360946,1601
00:33:54:372949,1730
00:33:54:385298,1892
00:33:54:397463,1998
00:33:54:409172,2008
00:33:54:421499,2000
00:33:54:432259,1954
00:33:54:444241,1840
00:33:54:456407,1687
00:33:54:468220,1549
00:33:54:480289,1515
00:33:54:492323,1531
00:33:54:504281,1598
00:33:54:516431,1736
00:33:54:528121,1898
00:33:54:540268,1996
00:33:54:552328,2008
00:33:54:564268,1999
00:33:54:576252,1951
00:33:54:588302,1835
00:33:54:600255,1681
00:33:54:611240,1555
00:33:54:623291,1516
00:33:54:635455,1534
00:33:54:647201,1604
00:33:54:659452,1743
00:33:54:671560,1904
00:33:54:683460,1998
00:33:54:695338,2008
00:33:54:707452,1999
00:33:54:719351,1948
00:33:54:731402,1829
00:33:54:743437,1674
00:33:54:755332,1552
00:33:54:767219,1517
00:33:54:779468,1537
00:33:54:790256,1609
00:33:54:802262,1750
00:33:54:814252,1910
00:33:54:826118,2000
00:33:54:838095,2009
00:33:54:850043,2007
00:33:54:861983,1980
00:33:54:874042,1881
00:33:54:886165,1741
00:33:54:898410,1607
00:33:54:910314,1575
00:33:54:922214,1604
00:33:54:934315,1704
00:33:54:946272,1852
00:33:54:958460,1968
00:33:54:970413,1993
00:33:54:981469,1981
00:33:54:993458,1921
00:33:55:005271,1787
00:33:55:017447,1639
00:33:55:029247,1561
00:33:55:041226,1570
00:33:55:053064,1645
00:33:55:065040,1768
00:33:55:077339,1919
00:33:55:089453,1992
00:33:55:101442,1988
00:33:55:113635,1953
00:33:55:125220,1847
00:33:55:137512,1708
00:33:55:149486,1580
00:33:55:161667,1559
00:33:55:172331,1595
00:33:55:184457,1703
00:33:55:196376,1853
00:33:55:208161,1969
00:33:55:220304,1991
00:33:55:232410,1977
00:33:55:244296,1908
00:33:55:256441,1774
00:33:55:268361,1639
00:33:55:280254,1559
00:33:55:292182,1571
00:33:55:304465,1650
00:33:55:316264,1775
00:33:55:328178,1927
00:33:55:339494,1991
00:33:55:351062,1987
00:33:55:362971,1945
00:33:55:374967,1849
00:33:55:387515,1698
00:33:55:399443,1575
00:33:55:411445,1559
00:33:55:423408,1599
00:33:55:435452,1712
00:33:55:447180,1852
00:33:55:459283,1973
00:33:55:471515,1990
00:33:55:483490,1974
00:33:55:495481,1901
00:33:55:507421,1765
00:33:55:519487,1628
00:33:55:530147,1558
00:33:55:542483,1574
00:33:55:554475,1648
00:33:55:566187,1784
00:33:55:578405,1934
00:33:55:590414,1991
00:33:55:602474,1985
00:33:55:614260,1946
00:33:55:626526,1840
00:33:55:638427,1690
00:33:55:650333,1575
00:33:55:662453,1560
00:33:55:674463,1606
00:33:55:686129,1710
00:33:55:698428,1862
00:33:55:709529,1979
00:33:55:721489,1990
00:33:55:733278,1971
00:33:55:745487,1894
00:33:55:757400,1767
00:33:55:769318,1618
00:33:55:781532,1558
00:33:55:793485,1574
00:33:55:805272,1656
00:33:55:817189,1795
00:33:55:829387,1933
00:33:55:841524,1991
00:33:55:853093,1985
00:33:55:864994,1940
00:33:55:876956,1829
00:33:55:888182,1691
00:33:55:900517,1570
00:33:55:912367,1563
00:33:55:924325,1605
00:33:55:936453,1721
00:33:55:948296,1875
00:33:55:960450,1983
00:33:55:972308,1989
00:33:55:984309,1968
00:33:55:996391,1895
00:33:56:008298,1756
00:33:56:020294,1610
00:33:56:032191,1560
00:33:56:044297,1578
00:33:56:055346,1665
00:33:56:067154,1794
00:33:56:079347,1940
00:33:56:091393,1992
00:33:56:103436,1988
00:33:56:115505,1959
00:33:56:127178,1853
00:33:56:139634,1719
00:33:56:151769,1613
00:33:56:163699,1618
00:33:56:175385,1685
00:33:56:187195,1815
00:33:56:199551,1949
00:33:56:211288,1978
00:33:56:223517,1959
00:33:56:235461,1877
00:33:56:246310,1746
00:33:56:258458,1618
00:33:56:270492,1597
00:33:56:282439,1646
00:33:56:294744,1766
00:33:56:306121,1900
00:33:56:318393,1974
00:33:56:330194,1964
00:33:56:342524,1910
00:33:56:354093,1785
00:33:56:366206,1646
00:33:56:377993,1593
00:33:56:390488,1619
00:33:56:402544,1722
00:33:56:414352,1856
00:33:56:425234,1967
00:33:56:437543,1968
00:33:56:449162,1934
00:33:56:461424,1828
00:33:56:473381,1685
00:33:56:485401,1596
00:33:56:497416,1604
00:33:56:509412,1685
00:33:56:521417,1811
00:33:56:533123,1944
00:33:56:545560,1972
00:33:56:557499,1950
00:33:56:569269,1864
00:33:56:581526,1726
00:33:56:593539,1611
00:33:56:605310,1596
00:33:56:616504,1646
00:33:56:628188,1769
00:33:56:640588,1914
00:33:56:652315,1972
00:33:56:664598,1961
00:33:56:676600,1898
00:33:56:688318,1778
00:33:56:700544,1642
00:33:56:712544,1594
00:33:56:724525,1622
00:33:56:736165,1728
00:33:56:748541,1876
00:33:56:760548,1968
00:33:56:772536,1966
00:33:56:784550,1925
00:33:56:796434,1821
00:33:56:807411,1679
00:33:56:819362,1595
00:33:56:831547,1606
00:33:56:843518,1690
00:33:56:855134,1829
00:33:56:867021,1948
00:33:56:879046,1971
00:33:56:891358,1940
00:33:56:903400,1857
00:33:56:915497,1718
00:33:56:927284,1602
00:33:56:939527,1597
00:33:56:951342,1657
00:33:56:963507,1783
00:33:56:975532,1919
00:33:56:986548,1971
00:33:56:998468,1957
00:33:57:010473,1893
00:33:57:022521,1762
00:33:57:034415,1626
00:33:57:046204,1593
00:33:57:058325,1631
00:33:57:070240,1732
00:33:57:082552,1881
00:33:57:094343,1970
00:33:57:106184,1964
00:33:57:118204,1921
00:33:57:130112,1803
00:33:57:142146,1672
00:33:57:154367,1594
00:33:57:166136,1611
00:33:57:177069,1694
00:33:57:189022,1836
00:33:57:201119,1959
00:33:57:213107,1970
00:33:57:225182,1961
00:33:57:237407,1894
00:33:57:249122,1770
00:33:57:261125,1651
00:33:57:273184,1645
00:33:57:285436,1708
00:33:57:297360,1841
00:33:57:309399,1955
00:33:57:321401,1960
00:33:57:333382,1914
00:33:57:345463,1796
00:33:57:356169,1672
00:33:57:368060,1623
00:33:57:380067,1667
00:33:57:392375,1775
00:33:57:404414,1916
00:33:57:416148,1961
00:33:57:428261,1934
00:33:57:440469,1845
00:33:57:452218,1718
00:33:57:464576,1622
00:33:57:476593,1638
00:33:57:488324,1721
00:33:57:500410,1860
00:33:57:512818,1957
00:33:57:524590,1947
00:33:57:535433,1888
00:33:57:547487,1761
00:33:57:559411,1646
00:33:57:571292,1621
00:33:57:583598,1687
00:33:57:595533,1802
00:33:57:607319,1934
00:33:57:619465,1956
00:33:57:631479,1919
00:33:57:643552,1813
00:33:57:655581,1678
00:33:57:667536,1618
00:33:57:679500,1650
00:33:57:691367,1760
00:33:57:703410,1892
00:33:57:715544,1957
00:33:57:726351,1935
00:33:57:738588,1860
00:33:57:750506,1729
00:33:57:762560,1623
00:33:57:774398,1629
00:33:57:786582,1707
00:33:57:798639,1835
00:33:57:810529,1947
00:33:57:822236,1945
00:33:57:834291,1900
00:33:57:846404,1780
00:33:57:858096,1651
00:33:57:870119,1618
00:33:57:882137,1668
00:33:57:894407,1788
00:33:57:905727,1918
00:33:57:917668,1955
00:33:57:929512,1924
00:33:57:941558,1834
00:33:57:953470,1697
00:33:57:965385,1618
00:33:57:977536,1641
00:33:57:989470,1737
00:33:58:001648,1880
00:33:58:013440,1955
00:33:58:025554,1938
00:33:58:037433,1870
00:33:58:049162,1750
00:33:58:061276,1635
00:33:58:073498,1627
00:33:58:085691,1692
00:33:58:096478,1822
00:33:58:108582,1940
00:33:58:120580,1951
00:33:58:132513,1906
00:33:58:144677,1793
00:33:58:156581,1670
00:33:58:168426,1619
00:33:58:180495,1662
00:33:58:192593,1768
00:33:58:204408,1907
00:33:58:216333,1955
00:33:58:228684,1945
00:33:58:240596,1897
00:33:58:252588,1782
00:33:58:264452,1671
00:33:58:276616,1672
00:33:58:287354,1758
00:33:58:299616,1883
00:33:58:311588,1951
00:33:58:323631,1930
00:33:58:335552,1842
00:33:58:347563,1707
00:33:58:359121,1645
00:33:58:371157,1678
00:33:58:387610,1790
00:33:58:395313,1923
00:33:58:407384,1943
00:33:58:419232,1896
00:33:58:431314,1790
00:33:58:443316,1664
00:33:58:455193,1644
00:33:58:467239,1706
00:33:58:478498,1839
00:33:58:490198,1939
00:33:58:502571,1931
00:33:58:514436,1857
00:33:58:526388,1731
00:33:58:538542,1643
00:33:58:550608,1657
00:33:58:562597,1759
00:33:58:574494,1887
00:33:58:586644,1940
00:33:58:598602,1908
00:33:58:610447,1816
00:33:58:622633,1687
00:33:58:634593,1638
00:33:58:646449,1685
00:33:58:658647,1804
00:33:58:670439,1928
00:33:58:681593,1936
00:33:58:693578,1882
00:33:58:705424,1758
00:33:58:717598,1652
00:33:58:729385,1647
00:33:58:741627,1731
00:33:58:753614,1855
00:33:58:765505,1939
00:33:58:777839,1925
00:33:58:789837,1843
00:33:58:801830,1709
00:33:58:813595,1639
00:33:58:825583,1666
00:33:58:837414,1775
00:33:58:849398,1908
00:33:58:860168,1939
00:33:58:872072,1898
00:33:58:884515,1797
00:33:58:896210,1669
00:33:58:908413,1641
00:33:58:920622,1698
00:33:58:932239,1824
00:33:58:944166,1935
00:33:58:956330,1931
00:33:58:968320,1864
00:33:58:980678,1738
00:33:58:992633,1645
00:33:59:004661,1653
00:33:59:016612,1746
00:33:59:028507,1875
00:33:59:039371,1939
00:33:59:051615,1911
00:33:59:063435,1825
00:33:59:075326,1694
00:33:59:087290,1640
00:33:59:099652,1678
00:33:59:111484,1793
00:33:59:123631,1923
00:33:59:135328,1937
00:33:59:147331,1921
00:33:59:159153,1828
00:33:59:171156,1712
00:33:59:183070,1678
00:33:59:195056,1737
00:33:59:207224,1863
00:33:59:219231,1938
00:33:59:230169,1913
00:33:59:242228,1815
00:33:59:254487,1692
00:33:59:266634,1663
00:33:59:278882,1731
00:33:59:290460,1859
00:33:59:302699,1933
00:33:59:314697,1904
00:33:59:326479,1802
00:33:59:338240,1688
00:33:59:350586,1655
00:33:59:362178,1732
00:33:59:374170,1852
00:33:59:386442,1930
00:33:59:398506,1898
00:33:59:410487,1803
00:33:59:421517,1680
00:33:59:433603,1654
00:33:59:445519,1725
00:33:59:457381,1855
00:33:59:469604,1928
00:33:59:481753,1898
00:33:59:493635,1795
00:33:59:505636,1673
00:33:59:517534,1652
00:33:59:529379,1730
00:33:59:541521,1860
00:33:59:553695,1928
00:33:59:565486,1894
00:33:59:577624,1798
00:33:59:589618,1675
00:33:59:600635,1653
00:33:59:612543,1725
00:33:59:624567,1856
00:33:59:636902,1927
00:33:59:648533,1890
00:33:59:660664,1790
00:33:59:672634,1669
00:33:59:684661,1651
00:33:59:696623,1731
00:33:59:708669,1862
00:33:59:720523,1926
00:33:59:732654,1891
00:33:59:744644,1782
00:33:59:756817,1672
00:33:59:768435,1654
00:33:59:780650,1736
00:33:59:791666,1857
00:33:59:803713,1926
00:33:59:815456,1889
00:33:59:827736,1786
00:33:59:839746,1667
00:33:59:851422,1657
00:33:59:863303,1733
00:33:59:875290,1865
00:33:59:887375,1926
00:33:59:899758,1890
00:33:59:911702,1780
00:33:59:923733,1664
00:33:59:935770,1655
00:33:59:947781,1738
00:33:59:959580,1873
00:33:59:971548,1925
00:33:59:982744,1912
00:33:59:994984,1840
00:34:00:006565,1729
00:34:00:018466,1688
00:34:00:030402,1747
00:34:00:042769,1877
00:34:00:054770,1928
00:34:00:066419,1883
00:34:00:078746,1765
00:34:00:090459,1672
00:34:00:102681,1695
00:34:00:114669,1806
00:34:00:126492,1915
00:34:00:138993,1903
00:34:00:151010,1812
00:34:00:161569,1692
00:34:00:173381,1666
00:34:00:185471,1745
00:34:00:197340,1879
00:34:00:209314,1917
00:34:00:221302,1856
00:34:00:233308,1736
00:34:00:245362,1662
00:34:00:257564,1698
00:34:00:269609,1818
00:34:00:281742,1912
00:34:00:293727,1892
00:34:00:305757,1788
00:34:00:317592,1682
00:34:00:329372,1669
00:34:00:341769,1761
00:34:00:352531,1882
00:34:00:364307,1910
00:34:00:376226,1840
00:34:00:388635,1727
00:34:00:400640,1659
00:34:00:412658,1702
00:34:00:424716,1826
00:34:00:436768,1912
00:34:00:448531,1886
00:34:00:460690,1778
00:34:00:472784,1668
00:34:00:484799,1671
00:34:00:496800,1769
00:34:00:508657,1894
00:34:00:520779,1906
00:34:00:532357,1831
00:34:00:543805,1705
00:34:00:555680,1658
00:34:00:567629,1716
00:34:00:579591,1845
00:34:00:591721,1911
00:34:00:603744,1873
00:34:00:615699,1761
00:34:00:627630,1664
00:34:00:639599,1681
00:34:00:651594,1785
00:34:00:663523,1897
00:34:00:675601,1898
00:34:00:687568,1814
00:34:00:699527,1699
00:34:00:711810,1659
00:34:00:722902,1734
00:34:00:734728,1852
00:34:00:746359,1910
00:34:00:758297,1891
00:34:00:770512,1804
00:34:00:782671,1700
00:34:00:794530,1707
00:34:00:806464,1809
00:34:00:818475,1912
00:34:00:830803,1894
00:34:00:843013,1791
00:34:00:854574,1688
00:34:00:866297,1696
00:34:00:878284,1800
00:34:00:890678,1904
00:34:00:901604,1888
00:34:00:913565,1782
00:34:00:925640,1681
00:34:00:937596,1693
00:34:00:949393,1799
00:34:00:961473,1903
00:34:00:973519,1884
00:34:00:985621,1778
00:34:00:997638,1678
00:34:01:009600,1693
00:34:01:021644,1801
00:34:01:033458,1902
00:34:01:045658,1881
00:34:01:057865,1775
00:34:01:069490,1676
00:34:01:080803,1693
00:34:01:092824,1802
00:34:01:104789,1902
00:34:01:116856,1879
00:34:01:128583,1772
00:34:01:140776,1674
00:34:01:152782,1694
00:34:01:164669,1804
00:34:01:176794,1902
00:34:01:188801,1877
00:34:01:200763,1769
00:34:01:212811,1673
00:34:01:224720,1695
00:34:01:236336,1806
00:34:01:248318,1900
00:34:01:260319,1875
00:34:01:271333,1767
00:34:01:283315,1675
00:34:01:295352,1696
00:34:01:307699,1809
00:34:01:319459,1899
00:34:01:331553,1872
00:34:01:343787,1765
00:34:01:355611,1675
00:34:01:367373,1697
00:34:01:379288,1812
00:34:01:391589,1900
00:34:01:403604,1869
00:34:01:415765,1762
00:34:01:427687,1674
00:34:01:439651,1699
00:34:01:450597,1815
00:34:01:462681,1900
00:34:01:474813,1890
00:34:01:486637,1812
00:34:01:498805,1714
00:34:01:510737,1719
00:34:01:522799,1823
00:34:01:534712,1904
00:34:01:546604,1867
00:34:01:559079,1755
00:34:01:570421,1691
00:34:01:582806,1741
00:34:01:594787,1862
00:34:01:606628,1899
00:34:01:618855,1820
00:34:01:629877,1713
00:34:01:641785,1691
00:34:01:653476,1784
00:34:01:665630,1889
00:34:01:677406,1875
00:34:01:689629,1769
00:34:01:701616,1686
00:34:01:713637,1715
00:34:01:725611,1836
00:34:01:737645,1895
00:34:01:749645,1837
00:34:01:761901,1719
00:34:01:773674,1682
00:34:01:785628,1760
00:34:01:797611,1879
00:34:01:808495,1883
00:34:01:820417,1788
00:34:01:832829,1688
00:34:01:844866,1700
00:34:01:856631,1809
00:34:01:868390,1893
00:34:01:880268,1852
00:34:01:892507,1738
00:34:01:904479,1681
00:34:01:916836,1736
00:34:01:928588,1857
00:34:01:940783,1892
00:34:01:952783,1809
00:34:01:964616,1697
00:34:01:976839,1689
00:34:01:987837,1784
00:34:01:999790,1890
00:34:02:011791,1865
00:34:02:023628,1762
00:34:02:035540,1681
00:34:02:047571,1717
00:34:02:059836,1839
00:34:02:071756,1892
00:34:02:083685,1831
00:34:02:095475,1712
00:34:02:107825,1684
00:34:02:139437,1764
00:34:02:139693,1881
00:34:02:143337,1874
00:34:02:155380,1846
00:34:02:166323,1759
00:34:02:178534,1706
00:34:02:190633,1766
00:34:02:202718,1881
00:34:02:214674,1878
00:34:02:227073,1788
00:34:02:238949,1699
00:34:02:250593,1733
00:34:02:262851,1850
00:34:02:274680,1891
00:34:02:286485,1815
00:34:02:298630,1706
00:34:02:326506,1716
00:34:02:328141,1815
00:34:02:349674,1891
00:34:02:369912,1834
00:34:02:371442,1728
00:34:02:392342,1697
00:34:02:393244,1792
00:34:02:393713,1887
00:34:02:405358,1854
00:34:02:417447,1743
00:34:02:429593,1694
00:34:02:441784,1762
00:34:02:453876,1877
00:34:02:465712,1872
00:34:02:477687,1774
00:34:02:489601,1693
00:34:02:501608,1734
00:34:02:513611,1852
00:34:02:525867,1884
00:34:02:536753,1802
00:34:02:548871,1699
00:34:02:560926,1712
00:34:02:572750,1821
00:34:02:584899,1888
00:34:02:597077,1832
00:34:02:608599,1717
00:34:02:620814,1700
00:34:02:632826,1789
00:34:02:644872,1888
00:34:02:656850,1848
00:34:02:668826,1743
00:34:02:680740,1693
00:34:02:692667,1769
00:34:02:703819,1875
00:34:02:715793,1864
00:34:02:727535,1765
00:34:02:739675,1692
00:34:02:751794,1739
00:34:02:763777,1857
00:34:02:775491,1887
00:34:02:787638,1844
00:34:02:799766,1749
00:34:02:811723,1728
00:34:02:823846,1824
00:34:02:836028,1892
00:34:02:847677,1837
00:34:02:859626,1728
00:34:02:871678,1715
00:34:02:882858,1817
00:34:02:894841,1885
00:34:02:906692,1827
00:34:02:918809,1719
00:34:02:930487,1723
00:34:02:942837,1819
00:34:02:954977,1882
00:34:02:966667,1810
00:34:02:978447,1712
00:34:02:990433,1724
00:34:03:002342,1834
00:34:03:014331,1880
00:34:03:026565,1803
00:34:03:038861,1705
00:34:03:050809,1727
00:34:03:061764,1839
00:34:03:073607,1878
00:34:03:085671,1797
00:34:03:097631,1703
00:34:03:109637,1737
00:34:03:121876,1844
00:34:03:133667,1875
00:34:03:145630,1781
00:34:03:157621,1702
00:34:03:169529,1740
00:34:03:181642,1849
00:34:03:193808,1872
00:34:03:205584,1777
00:34:03:217665,1701
00:34:03:229658,1745
00:34:03:240818,1858
00:34:03:252711,1866
00:34:03:264681,1772
00:34:03:276768,1700
00:34:03:288591,1751
00:34:03:300833,1861
00:34:03:312855,1856
00:34:03:324940,1768
00:34:03:336671,1700
00:34:03:348858,1767
00:34:03:361090,1866
00:34:03:372776,1873
00:34:03:384711,1815
00:34:03:412248,1736
00:34:03:413244,1767
00:34:03:419766,1875
00:34:03:431665,1873
00:34:03:444019,1773
00:34:03:455742,1718
00:34:03:467788,1784
00:34:03:479631,1880
00:34:03:491519,1835
00:34:03:503337,1736
00:34:03:515306,1726
00:34:03:527470,1819
00:34:03:539776,1878
00:34:03:552017,1799
00:34:03:563839,1711
00:34:03:575413,1746
00:34:03:587679,1858
00:34:03:598669,1859
00:34:03:610681,1765
00:34:03:622620,1709
00:34:03:635100,1781
00:34:03:646695,1876
00:34:03:658733,1829
00:34:03:670954,1733
00:34:03:682862,1726
00:34:03:694863,1829
00:34:03:706889,1876
00:34:03:718911,1795
00:34:03:730564,1709
00:34:03:742873,1748
00:34:03:755120,1858
00:34:03:766656,1852
00:34:03:777699,1761
00:34:03:789775,1709
00:34:03:801859,1793
00:34:03:813553,1875
00:34:03:825630,1825
00:34:03:838025,1730
00:34:03:849665,1726
00:34:03:861623,1831
00:34:03:873815,1874
00:34:03:885656,1791
00:34:03:898051,1709
00:34:03:909578,1761
00:34:03:921878,1858
00:34:03:933565,1864
00:34:03:945766,1819
00:34:03:956884,1739
00:34:03:968643,1777
00:34:03:980801,1874
00:34:03:992528,1854
00:34:04:004409,1749
00:34:04:016393,1732
00:34:04:028549,1831
00:34:04:041090,1875
00:34:04:052876,1793
00:34:04:064741,1722
00:34:04:076869,1783
00:34:04:088623,1872
00:34:04:101371,1832
00:34:04:112512,1732
00:34:04:124861,1740
00:34:04:135590,1846
00:34:04:147453,1857
00:34:04:159441,1771
00:34:04:171354,1719
00:34:04:183501,1802
00:34:04:195660,1871
00:34:04:207788,1810
00:34:04:219641,1725
00:34:04:231723,1753
00:34:04:243571,1858
00:34:04:255399,1851
00:34:04:267567,1750
00:34:04:279589,1725
00:34:04:291464,1815
00:34:04:303608,1870
00:34:04:315841,1788
00:34:04:326644,1717
00:34:04:338874,1772
00:34:04:350918,1867
00:34:04:362834,1837
00:34:04:374771,1735
00:34:04:386929,1738
00:34:04:398709,1835
00:34:04:411184,1862
00:34:04:422905,1769
00:34:04:434943,1717
00:34:04:446480,1791
00:34:04:458586,1869
00:34:04:470534,1853
00:34:04:482588,1769
00:34:04:494435,1748
00:34:04:505362,1839
00:34:04:517412,1873
00:34:04:529407,1777
00:34:04:541489,1733
00:34:04:553492,1813
00:34:04:565446,1871
00:34:04:577540,1799
00:34:04:589560,1730
00:34:04:601772,1782
00:34:04:613708,1867
00:34:04:625398,1813
00:34:04:637467,1729
00:34:04:649757,1766
00:34:04:661491,1861
00:34:04:673523,1836
00:34:04:685558,1736
00:34:04:696890,1750
00:34:04:708630,1847
00:34:04:720622,1846
00:34:04:732640,1746
00:34:04:744690,1733
00:34:04:756473,1832
00:34:04:768924,1856
00:34:04:781177,1769
00:34:04:792918,1725
00:34:04:804727,1814
00:34:04:816555,1863
00:34:04:828539,1784
00:34:04:840391,1724
00:34:04:852483,1786
00:34:04:864565,1862
00:34:04:875467,1801
00:34:04:887504,1725
00:34:04:899505,1770
00:34:04:911425,1858
00:34:04:923485,1827
00:34:04:935439,1732
00:34:04:947767,1747
00:34:04:959766,1851
00:34:04:971514,1855
00:34:04:983517,1793
00:34:04:995443,1742
00:34:05:007360,1823
00:34:05:019428,1870
00:34:05:031405,1787
00:34:05:043533,1737
00:34:05:055401,1812
00:34:05:066499,1864
00:34:05:078554,1779
00:34:05:090664,1735
00:34:05:102529,1814
00:34:05:114725,1861
00:34:05:126523,1781
00:34:05:138612,1734
00:34:05:150596,1817
00:34:05:163092,1861
00:34:05:174447,1777
00:34:05:186539,1734
00:34:05:198928,1812
00:34:05:210920,1859
00:34:05:222478,1773
00:34:05:234510,1733
00:34:05:245750,1817
00:34:05:257553,1857
00:34:05:269520,1776
00:34:05:281573,1733
00:34:05:293551,1811
00:34:05:305404,1858
00:34:05:317442,1772
00:34:05:329409,1733
00:34:05:341417,1815
00:34:05:353372,1857
00:34:05:365990,1767
00:34:05:377521,1732
00:34:05:389731,1819
00:34:05:401745,1858
00:34:05:413677,1771
00:34:05:425865,1732
00:34:05:436919,1814
00:34:05:449178,1858
00:34:05:460696,1824
00:34:05:472928,1756
00:34:05:484995,1795
00:34:05:496463,1869
00:34:05:508420,1813
00:34:05:520428,1742
00:34:05:532736,1810
00:34:05:544775,1862
00:34:05:556924,1784
00:34:05:568620,1739
00:34:05:580923,1820
00:34:05:593158,1854
00:34:05:605182,1762
00:34:05:615505,1741
00:34:05:627742,1840
00:34:05:639713,1836
00:34:05:651442,1748
00:34:05:663522,1760
00:34:05:675566,1852
00:34:05:687774,1823
00:34:05:699612,1736
00:34:05:711644,1770
00:34:05:723818,1855
00:34:05:735721,1800
00:34:05:747736,1734
00:34:05:759664,1791
00:34:05:771814,1855
00:34:05:784133,1785
00:34:05:795220,1734
00:34:05:807203,1815
00:34:05:818690,1853
00:34:05:831222,1765
00:34:05:843190,1739
00:34:05:854756,1830
00:34:05:866931,1839
00:34:05:879137,1745
00:34:05:890811,1750
00:34:05:902568,1847
00:34:05:914650,1837
00:34:05:926983,1755
00:34:05:938765,1766
00:34:05:950964,1853
00:34:05:962945,1816
00:34:05:974809,1738
00:34:05:985818,1797
00:34:05:997505,1852
00:34:06:009513,1774
00:34:06:021393,1739
00:34:06:033634,1827
00:34:06:045710,1833
00:34:06:057581,1741
00:34:06:069553,1764
00:34:06:081775,1850
00:34:06:093774,1797
00:34:06:105589,1735
00:34:06:117922,1799
00:34:06:129568,1849
00:34:06:141687,1768
00:34:06:153493,1740
00:34:06:165033,1831
00:34:06:176974,1826
00:34:06:188543,1739
00:34:06:200720,1774
00:34:06:212513,1850
00:34:06:224625,1790
00:34:06:236743,1735
00:34:06:248727,1804
00:34:06:261000,1847
00:34:06:272988,1763
00:34:06:284990,1744
00:34:06:296752,1840
00:34:06:309029,1822
00:34:06:320976,1737
00:34:06:333177,1778
00:34:06:345246,1850
00:34:06:355769,1834
00:34:06:367617,1765
00:34:06:379652,1777
00:34:06:391802,1855
00:34:06:403752,1801
00:34:06:415563,1744
00:34:06:427745,1817
00:34:06:439767,1841
00:34:06:451667,1754
00:34:06:463573,1768
00:34:06:475740,1848
00:34:06:487636,1797
00:34:06:499539,1738
00:34:06:511483,1816
00:34:06:523497,1840
00:34:06:534861,1746
00:34:06:546581,1762
00:34:06:558627,1845
00:34:06:570692,1789
00:34:06:582916,1737
00:34:06:595033,1812
00:34:06:606724,1834
00:34:06:618629,1748
00:34:06:631038,1766
00:34:06:642976,1845
00:34:06:654797,1792
00:34:06:683018,1737
00:34:06:683850,1817
00:34:06:690715,1837
00:34:06:703008,1744
00:34:06:715029,1769
00:34:06:725693,1845
00:34:06:737843,1786
00:34:06:749780,1737
00:34:06:761836,1813
00:34:06:773664,1843
00:34:06:785827,1772
00:34:06:797795,1752
00:34:06:809626,1842
00:34:06:821660,1806
00:34:06:833787,1742
00:34:06:845821,1810
00:34:06:857777,1834
00:34:06:869767,1749
00:34:06:881767,1774
00:34:06:893722,1843
00:34:06:904845,1777
00:34:06:917010,1743
00:34:06:928762,1830
00:34:06:940874,1811
00:34:06:953025,1739
00:34:06:964904,1798
00:34:06:976572,1840
00:34:06:988686,1750
00:34:07:000555,1767
00:34:07:012477,1843
00:34:07:024509,1778
00:34:07:036919,1739
00:34:07:048657,1828
00:34:07:061042,1811
00:34:07:073272,1740
00:34:07:085277,1795
00:34:07:095758,1840
00:34:07:107818,1757
00:34:07:119950,1765
00:34:07:131627,1842
00:34:07:143465,1787
00:34:07:155567,1739
00:34:07:167670,1826
00:34:07:179551,1836
00:34:07:191568,1767
00:34:07:203539,1774
00:34:07:215515,1844
00:34:07:227713,1782
00:34:07:239593,1750
00:34:07:251603,1834
00:34:07:263791,1805
00:34:07:274925,1745
00:34:07:286764,1816
00:34:07:299068,1822
00:34:07:311032,1745
00:34:07:322988,1793
00:34:07:335214,1840
00:34:07:346854,1760
00:34:07:358730,1774
00:34:07:371158,1842
00:34:07:382570,1776
00:34:07:394676,1755
00:34:07:407025,1841
00:34:07:419097,1798
00:34:07:431082,1744
00:34:07:443031,1828
00:34:07:454702,1815
00:34:07:465605,1744
00:34:07:477857,1809
00:34:07:489823,1836
00:34:07:501563,1748
00:34:07:513540,1784
00:34:07:525534,1841
00:34:07:537689,1765
00:34:07:549862,1769
00:34:07:561590,1841
00:34:07:573814,1819
00:34:07:585792,1754
00:34:07:597860,1795
00:34:07:610034,1840
00:34:07:622087,1755
00:34:07:634085,1783
00:34:07:645071,1841
00:34:07:657049,1761
00:34:07:669050,1776
00:34:07:680666,1841
00:34:07:693297,1768
00:34:07:705269,1768
00:34:07:717346,1840
00:34:07:729034,1781
00:34:07:740884,1758
00:34:07:753041,1839
00:34:07:764566,1792
00:34:07:776679,1751
00:34:07:788987,1837
00:34:07:801064,1801
00:34:07:813017,1749
00:34:07:825073,1830
00:34:07:835815,1809
00:34:07:847819,1750
00:34:07:859849,1823
00:34:07:871822,1817
00:34:07:883759,1749
00:34:07:895813,1816
00:34:07:907642,1827
00:34:07:919651,1750
00:34:07:931837,1805
00:34:07:943832,1840
00:34:07:955768,1765
00:34:07:967807,1781
00:34:07:979839,1838
00:34:07:991875,1766
00:34:08:003602,1783
00:34:08:014590,1838
00:34:08:026516,1766
00:34:08:038621,1783
00:34:08:051029,1839
00:34:08:063028,1765
00:34:08:075040,1784
00:34:08:084793,1839
00:34:08:096811,1776
00:34:08:109263,1774
00:34:08:120726,1839
00:34:08:133061,1775
00:34:08:144605,1775
00:34:08:156682,1838
00:34:08:168751,1774
00:34:08:181124,1776
00:34:08:193057,1839
00:34:08:203741,1774
00:34:08:215727,1769
00:34:08:227774,1839
00:34:08:239533,1772
00:34:08:251563,1771
00:34:08:263482,1838
00:34:08:275541,1772
00:34:08:287775,1771
00:34:08:300029,1840
00:34:08:311589,1781
00:34:08:323614,1761
00:34:08:335854,1837
00:34:08:347698,1776
00:34:08:359761,1771
00:34:08:371701,1835
00:34:08:382938,1768
00:34:08:394682,1779
00:34:08:406767,1835
00:34:08:418970,1763
00:34:08:430634,1787
00:34:08:442717,1833
00:34:08:454790,1757
00:34:08:466791,1797
00:34:08:478778,1825
00:34:08:490973,1756
00:34:08:502620,1808
00:34:08:514583,1814
00:34:08:526584,1756
00:34:08:538942,1818
00:34:08:550836,1805
00:34:08:561829,1756
00:34:08:573708,1826
00:34:08:585790,1796
00:34:08:597856,1757
00:34:08:609814,1832
00:34:08:621928,1784
00:34:08:633634,1761
00:34:08:645767,1835
00:34:08:657818,1814
00:34:08:669827,1766
00:34:08:681716,1824
00:34:08:694161,1808
00:34:08:768679,1764
00:34:08:769181,1832
00:34:08:769541,1785
00:34:08:769936,1768
00:34:08:770186,1834
00:34:08:770399,1770
00:34:08:776569,1782
00:34:08:788561,1833
00:34:08:800623,1764
00:34:08:812609,1799
00:34:08:824629,1818
00:34:08:836630,1759
00:34:08:848662,1817
00:34:08:860649,1800
00:34:08:872645,1760
00:34:08:884851,1829
00:34:08:896882,1781
00:34:08:908587,1773
00:34:08:919628,1832
00:34:08:931693,1768
00:34:08:943673,1782
00:34:08:955638,1831
00:34:08:967627,1759
00:34:08:979634,1799
00:34:08:991624,1829
00:34:09:003625,1767
00:34:09:015638,1796
00:34:09:027683,1828
00:34:09:039626,1764
00:34:09:051671,1818
00:34:09:063648,1799
00:34:09:075618,1763
00:34:09:087760,1831
00:34:09:099089,1774
00:34:09:111158,1787
00:34:09:122861,1830
00:34:09:134866,1761
00:34:09:146929,1813
00:34:09:158926,1807
00:34:09:171036,1761
00:34:09:182873,1825
00:34:09:194687,1780
00:34:09:206953,1777
00:34:09:218751,1830
00:34:09:230647,1765
00:34:09:242625,1800
00:34:09:254635,1818
00:34:09:266603,1759
00:34:09:277564,1822
00:34:09:289550,1793
00:34:09:301696,1767
00:34:09:313784,1830
00:34:09:325627,1804
00:34:09:337719,1768
00:34:09:349583,1836
00:34:09:361663,1779
00:34:09:373629,1791
00:34:09:385645,1824
00:34:09:397604,1764
00:34:09:409686,1820
00:34:09:421660,1790
00:34:09:433558,1768
00:34:09:445565,1830
00:34:09:456753,1766
00:34:09:468862,1797
00:34:09:481131,1810
00:34:09:492782,1761
00:34:09:504721,1823
00:34:09:516624,1778
00:34:09:528655,1776
00:34:09:540834,1827
00:34:09:552854,1762
00:34:09:564873,1806
00:34:09:576858,1799
00:34:09:588937,1764
00:34:09:600851,1827
00:34:09:613097,1769
00:34:09:624834,1791
00:34:09:637144,1826
00:34:09:647860,1769
00:34:09:659857,1799
00:34:09:671962,1818
00:34:09:684131,1764
00:34:09:696072,1826
00:34:09:707821,1776
00:34:09:719759,1788
00:34:09:731791,1817
00:34:09:743712,1762
00:34:09:755876,1821
00:34:09:767827,1777
00:34:09:779878,1780
00:34:09:792057,1823
00:34:09:803825,1761
00:34:09:815945,1816
00:34:09:826796,1784
00:34:09:838697,1778
00:34:09:850704,1825
00:34:09:862775,1762
00:34:09:874962,1816
00:34:09:886921,1793
00:34:09:898881,1770
00:34:09:910770,1825
00:34:09:922877,1764
00:34:09:934806,1807
00:34:09:946807,1811
00:34:09:958848,1762
00:34:09:970939,1821
00:34:09:982897,1770
00:34:09:994840,1794
00:34:10:005854,1801
00:34:10:017672,1761
00:34:10:029652,1823
00:34:10:041770,1765
00:34:10:053828,1798
00:34:10:065721,1798
00:34:10:077870,1766
00:34:10:089861,1823
00:34:10:101910,1764
00:34:10:114131,1809
00:34:10:126004,1794
00:34:10:137830,1769
00:34:10:149706,1823
00:34:10:161747,1763
00:34:10:173883,1814
00:34:10:184914,1783
00:34:10:196988,1773
00:34:10:208984,1822
00:34:10:220836,1761
00:34:10:232911,1817
00:34:10:244622,1804
00:34:10:256686,1761
00:34:10:268662,1819
00:34:10:280714,1776
00:34:10:292620,1789
00:34:10:304646,1810
00:34:10:316683,1766
00:34:10:328664,1822
00:34:10:340875,1766
00:34:10:352944,1809
00:34:10:364196,1793
00:34:10:375932,1775
00:34:10:387939,1821
00:34:10:399887,1765
00:34:10:411983,1821
00:34:10:423761,1772
00:34:10:436134,1793
00:34:10:447703,1805
00:34:10:459762,1767
00:34:10:471826,1823
00:34:10:483823,1766
00:34:10:495979,1813
00:34:10:507674,1790
00:34:10:519679,1780
00:34:10:531658,1823
00:34:10:542811,1769
00:34:10:555253,1799
00:34:10:566944,1787
00:34:10:579248,1772
00:34:10:591155,1819
00:34:10:603095,1765
00:34:10:615152,1820
00:34:10:626784,1768
00:34:10:638884,1799
00:34:10:650905,1792
00:34:10:662947,1778
00:34:10:674865,1820
00:34:10:687167,1765
00:34:10:698903,1820
00:34:10:710921,1770
00:34:10:722893,1802
00:34:10:733780,1788
00:34:10:745918,1774
00:34:10:758062,1818
00:34:10:769912,1765
00:34:10:782016,1820
00:34:10:793991,1767
00:34:10:805903,1805
00:34:10:817942,1810
00:34:10:829880,1765
00:34:10:841941,1818
00:34:10:854026,1768
00:34:10:865745,1806
00:34:10:878004,1781
00:34:10:889895,1786
00:34:10:902006,1804
00:34:10:913906,1770
00:34:10:925208,1819
00:34:10:937320,1766
00:34:10:949011,1817
00:34:10:961045,1771
00:34:10:973177,1803
00:34:10:984948,1789
00:34:10:996963,1781
00:34:11:008713,1809
00:34:11:020746,1766
00:34:11:032714,1819
00:34:11:044766,1765
00:34:11:056832,1814
00:34:11:068668,1774
00:34:11:080879,1800
00:34:11:092306,1803
00:34:11:104018,1767
00:34:11:116061,1817
00:34:11:128112,1767
00:34:11:140015,1817
00:34:11:152044,1766
00:34:11:164271,1809
00:34:11:176058,1776
00:34:11:188022,1800
00:34:11:199908,1790
00:34:11:212131,1783
00:34:11:223834,1804
00:34:11:235927,1768
00:34:11:247937,1818
00:34:11:259887,1767
00:34:11:271921,1817
00:34:11:283031,1767
00:34:11:294832,1813
00:34:11:307189,1779
00:34:11:318925,1798
00:34:11:331086,1794
00:34:11:343058,1780
00:34:11:355034,1816
00:34:11:366962,1766
00:34:11:379021,1816
00:34:11:391071,1768
00:34:11:402985,1813
00:34:11:414934,1770
00:34:11:426949,1808
00:34:11:439130,1780
00:34:11:451187,1798
00:34:11:462208,1785
00:34:11:474103,1784
00:34:11:486290,1798
00:34:11:498114,1777
00:34:11:509895,1814
00:34:11:521724,1768
00:34:11:533792,1816
00:34:11:546066,1767
00:34:11:557825,1816
00:34:11:569809,1768
00:34:11:581924,1813
00:34:11:593988,1772
00:34:11:606273,1807
00:34:11:618147,1792
00:34:11:630147,1781
00:34:11:642252,1798
00:34:11:653101,1772
00:34:11:665030,1810
00:34:11:677301,1770
00:34:11:689349,1814
00:34:11:701331,1768
00:34:11:713576,1815
00:34:11:725467,1768
00:34:11:737423,1815
00:34:11:749310,1768
00:34:11:760949,1813
00:34:11:772969,1768
00:34:11:784895,1808
00:34:11:796983,1774
00:34:11:808901,1805
00:34:11:820804,1780
00:34:11:831841,1799
00:34:11:844312,1780
00:34:11:856220,1792
00:34:11:867851,1776
00:34:11:879781,1556
00:34:11:891750,1251
00:34:11:903767,860
00:34:11:915869,417
00:34:11:927939,16
00:34:11:939904,49
00:34:11:951781,29
00:34:11:963724,26
00:34:11:975791,26
00:34:11:987743,26
00:34:11:999683,26
00:34:12:011760,26
00:34:12:022852,26
00:34:12:034833,26
00:34:12:047375,26
00:34:12:059382,26
00:34:12:070984,26
00:34:12:083296,26
00:34:12:095360,26
00:34:12:107352,26
00:34:12:119635,26
00:34:12:131523,26
00:34:12:142842,26
00:34:12:155208,25
00:34:12:167110,26
00:34:12:179249,26
00:34:12:190975,26
00:34:12:202270,26
00:34:12:214585,26
00:34:12:226352,26
00:34:12:238288,26
00:34:12:250572,26
00:34:12:262071,26
00:34:12:274533,25
00:34:12:286125,25
00:34:12:298409,26
00:34:12:310557,26
00:34:12:322430,26
00:34:12:334098,26
00:34:12:345898,26
00:34:12:358152,26
00:34:12:370196,26
00:34:12:382076,26
00:34:12:394115,26
00:34:12:405678,26
00:34:12:417688,26
00:34:12:428999,26
00:34:12:441303,27
00:34:12:453165,26
00:34:12:464987,26
00:34:12:477266,26
00:34:12:489292,26
00:34:12:501133,26
00:34:12:512832,26
00:34:12:524849,25
00:34:12:536749,26
00:34:12:548864,26
00:34:12:561188,26
00:34:12:573035,26
00:34:12:583980,26
00:34:12:596168,26
00:34:12:608315,26
00:34:12:620566,26
00:34:12:632001,26
00:34:12:644163,26
00:34:12:656533,26
00:34:12:668070,26
00:34:12:680210,26
00:34:12:692406,26
00:34:12:704202,26
00:34:12:716333,26
00:34:12:728250,26
00:34:12:740154,26
00:34:12:752215,26
00:34:12:764265,26
00:34:12:775667,26
00:34:12:787218,26
00:34:12:799527,26
00:34:12:811344,26
00:34:12:823198,26
00:34:12:835744,26
00:34:12:847677,26
00:34:12:859565,26
00:34:12:871608,26
00:34:12:883644,26
00:34:12:895617,26
00:34:12:907019,26
00:34:12:919194,26
00:34:12:931005,26
00:34:12:943117,26
00:34:12:954364,26
00:34:12:966554,26
00:34:12:978779,26
00:34:12:990302,26
00:34:13:002530,26
00:34:13:013973,26
00:34:13:025816,26
00:34:13:037819,26
00:34:13:050264,26
00:34:13:062334,26
00:34:13:074292,26
00:34:13:086666,26
00:34:13:098628,26
00:34:13:110368,26
00:34:13:122013,26
00:34:13:134211,26
00:34:13:145270,26
00:34:13:157420,26
00:34:13:169544,26
00:34:13:181171,26
00:34:13:193365,26
00:34:13:205634,26
00:34:13:217711,26
00:34:13:229149,26
00:34:13:241598,26
00:34:13:253663,26
00:34:13:265098,26
00:34:13:277393,26
00:34:13:289588,26
00:34:13:301416,26
00:34:13:313387,26
00:34:13:325300,27
00:34:13:335998,26
00:34:13:348047,26
00:34:13:360342,26
00:34:13:372684,26
00:34:13:384147,26
00:34:13:396408,26
00:34:13:408590,26
00:34:13:420132,26
00:34:13:432163,26
00:34:13:443980,26
00:34:13:455818,26
00:34:13:467845,26
00:34:13:479854,26
00:34:13:491823,26
00:34:13:504023,26
00:34:13:514916,26
00:34:13:526851,27
00:34:13:539175,25
00:34:13:551408,26
00:34:13:563626,26
00:34:13:575691,26
00:34:13:587451,26
00:34:13:599697,26
00:34:13:611329,26
00:34:13:623234,26
00:34:13:635666,26
00:34:13:647585,26
00:34:13:659704,26
00:34:13:671880,26
00:34:13:683801,26
00:34:13:694814,26
00:34:13:706254,26
00:34:13:718511,26
00:34:13:730654,26
00:34:13:742164,26
00:34:13:754468,26
00:34:13:766614,26
00:34:13:778253,26
00:34:13:790701,26
00:34:13:802658,26
00:34:13:814493,26
00:34:13:826052,26
00:34:13:838401,26
00:34:13:850475,26
00:34:13:862428,26
00:34:13:871356,26
00:34:13:883628,26
00:34:13:895588,26
00:34:13:907238,26
00:34:13:919186,26
00:34:13:931564,26
00:34:13:943088,26
00:34:13:955315,26
00:34:13:967159,26
00:34:13:979657,26
00:34:13:991436,26
00:34:14:003536,26
00:34:14:015010,26
00:34:14:026925,26
00:34:14:038877,26
00:34:14:050226,26
00:34:14:062180,26
00:34:14:074160,26
00:34:14:086502,26
00:34:14:098587,26
00:34:14:110308,26
00:34:14:122498,26
00:34:14:134422,26
00:34:14:146301,26
00:34:14:158291,26
00:34:14:169893,26
00:34:14:182108,26
00:34:14:194349,26
00:34:14:216793,26
00:34:14:218514,26
00:34:14:229390,26
00:34:14:241511,26
00:34:14:253391,26
00:34:14:265158,26
00:34:14:277420,26
00:34:14:289579,26
00:34:14:301419,26
00:34:14:313643,26
00:34:14:325561,26
00:34:14:337603,26
00:34:14:349557,26
00:34:14:361614,26
00:34:14:373510,26
00:34:14:385195,26
00:34:14:397438,26
00:34:14:408521,26
00:34:14:420185,26
00:34:14:432174,26
00:34:14:444415,26
00:34:14:456433,26
00:34:14:468372,26
00:34:14:480583,26
00:34:14:492609,26
00:34:14:504174,26
00:34:14:515944,27
00:34:14:527854,26
00:34:14:539903,26
00:34:14:552337,26
00:34:14:564532,26
00:34:14:576586,26
00:34:14:587311,26
00:34:14:599603,26
00:34:14:611641,26
00:34:14:623217,26
00:34:14:635622,26
00:34:14:647577,26
00:34:14:659564,26
00:34:14:671421,26
00:34:14:683406,26
00:34:14:695607,26
00:34:14:707282,26
00:34:14:719616,26
00:34:14:731626,26
00:34:14:743185,26
00:34:14:755573,26
00:34:14:766622,26
00:34:14:778613,26
00:34:14:790596,26
00:34:14:802545,26
00:34:14:814606,26
00:34:14:826380,26
00:34:14:838625,26
00:34:14:850485,26
00:34:14:862203,26
00:34:14:874468,26
00:34:14:886610,26
00:34:14:898631,26
00:34:14:910217,26
00:34:14:922428,26
00:34:14:934476,26
00:34:14:945141,26
00:34:14:957488,26
00:34:14:969224,26
00:34:14:981419,26
00:34:14:993494,26
00:34:15:005596,26
00:34:15:016944,26
00:34:15:028982,26
00:34:15:040942,26
00:34:15:053552,26
00:34:15:065174,26
00:34:15:077377,26
00:34:15:089472,26
00:34:15:101653,26
00:34:15:113641,26
00:34:15:124531,26
00:34:15:136438,26
00:34:15:148469,26
00:34:15:160221,26
00:34:15:172428,26
00:34:15:184157,26
00:34:15:196491,26
00:34:15:208625,26
00:34:15:220625,26
00:34:15:232646,26
00:34:15:244680,26
00:34:15:256656,27
00:34:15:268294,26
00:34:15:280473,26
00:34:15:291554,26
00:34:15:303395,26
00:34:15:315173,26
00:34:15:327063,26
00:34:15:339061,26
00:34:15:351307,26
00:34:15:363209,26
00:34:15:375664,26
00:34:15:387371,26
00:34:15:399528,26
00:34:15:411648,26
00:34:15:423264,26
00:34:15:435466,26
00:34:15:447427,26
00:34:15:459639,26
00:34:15:470418,26
00:34:15:482563,26
00:34:15:494517,26
00:34:15:506316,26
00:34:15:517951,26
00:34:15:529968,26
00:34:15:541905,26
00:34:15:554464,26
00:34:15:566240,26
00:34:15:578513,26
00:34:15:590557,26
00:34:15:602604,26
00:34:15:614118,26
00:34:15:626295,26
00:34:15:638461,26
00:34:15:649635,26
00:34:15:661656,26
00:34:15:673308,26
00:34:15:685561,26
00:34:15:697625,26
00:34:15:709536,26
00:34:15:721633,26
00:34:15:733714,26
00:34:15:745221,26
00:34:15:757498,26
00:34:15:769686,26
00:34:15:781118,26
00:34:15:793521,26
00:34:15:805412,26
00:34:15:817571,26
00:34:15:828359,26
00:34:15:840338,26
00:34:15:852481,26
00:34:15:864256,26
00:34:15:876531,26
00:34:15:888678,26
00:34:15:900830,26
00:34:15:912351,26
00:34:15:924561,26
00:34:15:936675,26
00:34:15:948294,26
00:34:15:960658,26
00:34:15:972424,26
00:34:15:984201,26
00:34:15:996535,26
00:34:16:007030,26
00:34:16:019065,26
00:34:16:031029,26
00:34:16:042933,26
00:34:16:055297,26
00:34:16:067091,26
00:34:16:079553,26
00:34:16:091692,26
00:34:16:103304,26
00:34:16:115406,26
00:34:16:127605,26
00:34:16:139751,26
00:34:16:151500,26
00:34:16:163531,26
00:34:16:175697,26
00:34:16:186187,26
00:34:16:198559,26
00:34:16:210776,26
00:34:16:222360,26
00:34:16:234531,26
00:34:16:246520,26
00:34:16:258287,26
00:34:16:270428,26
00:34:16:282311,26
00:34:16:294647,26
00:34:16:306164,26
00:34:16:318680,26
00:34:16:330723,26
00:34:16:342519,26
00:34:16:354762,26
00:34:16:365185,26
00:34:16:377468,26
00:34:16:389722,26
00:34:16:401710,26
00:34:16:413497,26
00:34:16:425225,26
00:34:16:437536,26
00:34:16:449719,26
00:34:16:461356,26
00:34:16:473731,26
00:34:16:485455,26
00:34:16:497611,26
00:34:16:509377,26
00:34:16:521053,26
00:34:16:532956,26
00:34:16:543989,26
00:34:16:556377,26
00:34:16:568169,26
00:34:16:580556,26
00:34:16:592688,26
00:34:16:604720,26
00:34:16:616717,26
00:34:16:628498,26
00:34:16:640727,26
00:34:16:652560,26
00:34:16:664258,26
00:34:16:676646,26
00:34:16:688709,26
00:34:16:700517,26
00:34:16:712705,26
00:34:16:723757,26
00:34:16:735691,26
00:34:16:747351,26
00:34:16:759545,26
00:34:16:771755,26
00:34:16:783319,26
00:34:16:795520,26
00:34:16:807740,26
00:34:16:819702,26
00:34:16:831619,26
00:34:16:843583,26
00:34:16:855809,27
00:34:16:867479,26
00:34:16:879590,26
00:34:16:891728,26
00:34:16:902346,26
00:34:16:914458,26
00:34:16:926229,26
00:34:16:938642,26
00:34:16:950473,26
00:34:16:962732,26
00:34:16:974695,26
00:34:16:986209,26
00:34:16:998719,26
00:34:17:010569,26
00:34:17:022030,26
00:34:17:034018,26
00:34:17:045972,26
00:34:17:058434,26
00:34:17:070330,26
00:34:17:082737,26
00:34:17:093526,26
00:34:17:105236,26
00:34:17:117729,26
00:34:17:129492,26
00:34:17:141609,26
00:34:17:153723,26
00:34:17:165585,26
00:34:17:177539,26
00:34:17:189718,26
00:34:17:201713,26
00:34:17:213747,26
00:34:17:225236,26
00:34:17:237576,26
00:34:17:249714,26
00:34:17:261581,26
00:34:17:272552,26
00:34:17:284759,26
00:34:17:296700,26
00:34:17:308469,26
00:34:17:320536,25
00:34:17:332595,26
00:34:17:344263,26
00:34:17:356751,26
00:34:17:368362,26
00:34:17:380725,26
00:34:17:392724,26
00:34:17:404776,26
00:34:17:416739,26
00:34:17:428371,26
00:34:17:440830,25
00:34:17:451738,26
00:34:17:463187,26
00:34:17:475721,26
00:34:17:487620,26
00:34:17:499561,26
00:34:17:511109,26
00:34:17:523063,26
00:34:17:535026,26
00:34:17:547100,26
00:34:17:559068,26
00:34:17:571304,26
00:34:17:583362,26
00:34:17:595938,26
00:34:17:607560,25
00:34:17:619631,26
00:34:17:630377,26
00:34:17:642748,26
00:34:17:654736,26
00:34:17:666338,26
00:34:17:678794,26
00:34:17:690714,26
00:34:17:702181,26
00:34:17:714478,26
00:34:17:726524,26
00:34:17:738811,26
00:34:17:750655,26
00:34:17:762733,26
00:34:17:774824,26
00:34:17:786249,26
00:34:17:798583,26
00:34:17:809771,26
00:34:17:821802,26
00:34:17:833788,26
00:34:17:845730,26
00:34:17:857672,26
00:34:17:869521,26
00:34:17:881740,26
00:34:17:893634,26
00:34:17:905283,26
00:34:17:917730,26
00:34:17:929351,26
00:34:17:941874,26
00:34:17:953766,26
00:34:17:965595,26
00:34:17:977796,26
00:34:17:989780,26
00:34:18:000710,26
00:34:18:012588,26
00:34:18:024058,26
00:34:18:036095,26
00:34:18:048013,26
00:34:18:060309,26
00:34:18:072435,25
00:34:18:084807,26
00:34:18:096781,26
00:34:18:108664,26
00:34:18:120629,26
00:34:18:132799,26
00:34:18:144399,26
00:34:18:156623,26
00:34:18:168658,26
00:34:18:179772,26
00:34:18:191790,26
00:34:18:203792,26
00:34:18:215588,26
00:34:18:227597,26
00:34:18:239787,26
00:34:18:251737,26
00:34:18:263436,26
00:34:18:275510,26
00:34:18:287617,26
00:34:18:299853,26
00:34:18:311812,26
00:34:18:323802,26
00:34:18:335776,26
00:34:18:347321,26
00:34:18:358640,26
00:34:18:370529,26
00:34:18:382396,26
00:34:18:394785,26
00:34:18:406760,26
00:34:18:418845,26
00:34:18:430538,26
00:34:18:442812,26
00:34:18:454815,26
00:34:18:466504,26
00:34:18:478629,26
00:34:18:490829,26
00:34:18:502386,26
00:34:18:514549,26
00:34:18:526109,26
00:34:18:537064,26
00:34:18:549073,26
00:34:18:561538,26
00:34:18:573381,26
00:34:18:585365,26
00:34:18:597633,26
00:34:18:609761,26
00:34:18:621887,26
00:34:18:633470,26
00:34:18:645612,26
00:34:18:657735,26
00:34:18:669529,26
00:34:18:681600,26
00:34:18:693393,26
00:34:18:705286,26
00:34:18:716660,26
00:34:18:728629,26
00:34:18:740816,26
00:34:18:752817,26
00:34:18:764934,26
00:34:18:776669,26
00:34:18:788472,26
00:34:18:800794,26
00:34:18:812646,26
00:34:18:824418,25
00:34:18:836696,26
00:34:18:848843,26
00:34:18:860968,26
00:34:18:872813,26
00:34:18:884333,26
00:34:18:895283,26
00:34:18:907564,26
00:34:18:919434,26
00:34:18:931692,26
00:34:18:943273,26
00:34:18:955617,26
00:34:18:967446,26
00:34:18:979599,26
00:34:18:991729,26
00:34:19:003774,26
00:34:19:015431,26
00:34:19:027118,26
00:34:19:039037,26
00:34:19:051073,26
00:34:19:062323,26
00:34:19:074714,26
